<?xml version="1.0"?>
<COLLADA xmlns="http://www.collada.org/2005/11/COLLADASchema" version="1.4.1">
	<asset>
		<contributor>
			<author>Assimp</author>
			<authoring_tool>Assimp Exporter</authoring_tool>
		</contributor>
		<created>2020-11-21T13:03:19</created>
		<modified>2020-11-21T13:03:19</modified>
		<unit name="meter" meter="1.000000" />
		<up_axis>Y_UP</up_axis>
	</asset>
	<library_images>
		<image id="Material_000001-diffuse-image">
			<init_from>E%3a/Papa/%203D%20Models/Artifacts/Silver%20Set%2001/textures\texture.dds</init_from>		</image>
		<image id="Material_00030a-diffuse-image">
			<init_from>E%3a/Papa/%203D%20Models/Artifacts/Silver%20Set%2001/textures\texture.dds</init_from>		</image>
		<image id="Material_000479-diffuse-image">
			<init_from>E%3a/Papa/%203D%20Models/Artifacts/Silver%20Set%2001/textures\texture.dds</init_from>		</image>
		<image id="Material_0006c0-diffuse-image">
			<init_from>E%3a/Papa/%203D%20Models/Artifacts/Silver%20Set%2001/textures\texture.dds</init_from>		</image>
	</library_images>
	<library_effects>
		<effect id="Material_000001-fx" name="Material_000001">
			<profile_COMMON>
				<newparam sid="Material_000001-diffuse-surface">
					<surface type="2D">
						<init_from>Material_000001-diffuse-image</init_from>
					</surface>
				</newparam>
				<newparam sid="Material_000001-diffuse-sampler">
					<sampler2D>
						<source>Material_000001-diffuse-surface</source>
					</sampler2D>
				</newparam>
				<technique sid="standard">
					<lambert>
						<emission>
							<color sid="emission">0.000000   0.000000   0.000000   1.000000</color>
						</emission>
						<ambient>
							<color sid="ambient">1.000000   1.000000   1.000000   1.000000</color>
						</ambient>
						<diffuse>
							<texture texture="Material_000001-diffuse-sampler" texcoord="CHANNEL0" />
						</diffuse>
						<specular>
							<color sid="specular">0.000000   0.000000   0.000000   1.000000</color>
						</specular>
						<shininess>
							<float sid="shininess">50.000000</float>
						</shininess>
						<transparency>
							<float sid="transparency">0.000000</float>
						</transparency>
						<index_of_refraction>
							<float sid="index_of_refraction">1.000000</float>
						</index_of_refraction>
					</lambert>
				</technique>
			</profile_COMMON>
		</effect>
		<effect id="Material_00030a-fx" name="Material_00030a">
			<profile_COMMON>
				<newparam sid="Material_00030a-diffuse-surface">
					<surface type="2D">
						<init_from>Material_00030a-diffuse-image</init_from>
					</surface>
				</newparam>
				<newparam sid="Material_00030a-diffuse-sampler">
					<sampler2D>
						<source>Material_00030a-diffuse-surface</source>
					</sampler2D>
				</newparam>
				<technique sid="standard">
					<lambert>
						<emission>
							<color sid="emission">0.000000   0.000000   0.000000   1.000000</color>
						</emission>
						<ambient>
							<color sid="ambient">1.000000   1.000000   1.000000   1.000000</color>
						</ambient>
						<diffuse>
							<texture texture="Material_00030a-diffuse-sampler" texcoord="CHANNEL0" />
						</diffuse>
						<specular>
							<color sid="specular">0.000000   0.000000   0.000000   1.000000</color>
						</specular>
						<shininess>
							<float sid="shininess">50.000000</float>
						</shininess>
						<transparency>
							<float sid="transparency">0.000000</float>
						</transparency>
						<index_of_refraction>
							<float sid="index_of_refraction">1.000000</float>
						</index_of_refraction>
					</lambert>
				</technique>
			</profile_COMMON>
		</effect>
		<effect id="Material_000479-fx" name="Material_000479">
			<profile_COMMON>
				<newparam sid="Material_000479-diffuse-surface">
					<surface type="2D">
						<init_from>Material_000479-diffuse-image</init_from>
					</surface>
				</newparam>
				<newparam sid="Material_000479-diffuse-sampler">
					<sampler2D>
						<source>Material_000479-diffuse-surface</source>
					</sampler2D>
				</newparam>
				<technique sid="standard">
					<lambert>
						<emission>
							<color sid="emission">0.000000   0.000000   0.000000   1.000000</color>
						</emission>
						<ambient>
							<color sid="ambient">1.000000   1.000000   1.000000   1.000000</color>
						</ambient>
						<diffuse>
							<texture texture="Material_000479-diffuse-sampler" texcoord="CHANNEL0" />
						</diffuse>
						<specular>
							<color sid="specular">0.000000   0.000000   0.000000   1.000000</color>
						</specular>
						<shininess>
							<float sid="shininess">50.000000</float>
						</shininess>
						<transparency>
							<float sid="transparency">0.000000</float>
						</transparency>
						<index_of_refraction>
							<float sid="index_of_refraction">1.000000</float>
						</index_of_refraction>
					</lambert>
				</technique>
			</profile_COMMON>
		</effect>
		<effect id="Material_0006c0-fx" name="Material_0006c0">
			<profile_COMMON>
				<newparam sid="Material_0006c0-diffuse-surface">
					<surface type="2D">
						<init_from>Material_0006c0-diffuse-image</init_from>
					</surface>
				</newparam>
				<newparam sid="Material_0006c0-diffuse-sampler">
					<sampler2D>
						<source>Material_0006c0-diffuse-surface</source>
					</sampler2D>
				</newparam>
				<technique sid="standard">
					<lambert>
						<emission>
							<color sid="emission">0.000000   0.000000   0.000000   1.000000</color>
						</emission>
						<ambient>
							<color sid="ambient">1.000000   1.000000   1.000000   1.000000</color>
						</ambient>
						<diffuse>
							<texture texture="Material_0006c0-diffuse-sampler" texcoord="CHANNEL0" />
						</diffuse>
						<specular>
							<color sid="specular">0.000000   0.000000   0.000000   1.000000</color>
						</specular>
						<shininess>
							<float sid="shininess">50.000000</float>
						</shininess>
						<transparency>
							<float sid="transparency">0.000000</float>
						</transparency>
						<index_of_refraction>
							<float sid="index_of_refraction">1.000000</float>
						</index_of_refraction>
					</lambert>
				</technique>
			</profile_COMMON>
		</effect>
	</library_effects>
	<library_materials>
		<material id="Material_000001" name="Material.000001">
			<instance_effect url="#Material_000001-fx"/>
		</material>
		<material id="Material_00030a" name="Material.00030a">
			<instance_effect url="#Material_00030a-fx"/>
		</material>
		<material id="Material_000479" name="Material.000479">
			<instance_effect url="#Material_000479-fx"/>
		</material>
		<material id="Material_0006c0" name="Material.0006c0">
			<instance_effect url="#Material_0006c0-fx"/>
		</material>
	</library_materials>
	<library_geometries>
		<geometry id="meshId0" name="meshId0_name" >
			<mesh>
				<source id="meshId0-positions" name="meshId0-positions">
					<float_array id="meshId0-positions-array" count="2649"> 
						21.101116 4.772007 -0.077171 20.734886 3.231167 -0.204268 20.048199 3.432692 -0.077171 38.927361 4.772013 -0.077171 39.980278 3.432697 -0.077171 39.293602 3.231173 -0.204268 37.285645 4.106247 -0.276682 35.087616 4.020412 -0.276682 35.589428 4.317533 -0.276682 38.170406 4.957994 -0.276682 36.408161 5.492813 -0.276682 38.401497 5.565441 -0.276682 37.972328 7.084061 -0.276682 36.177063 6.285133 -0.276682 35.708275 6.238916 -0.276682 36.493324 7.585865 -0.276682 35.714878 7.282141 -0.276682 36.090561 7.513235 -0.276682 23.639601 7.585861 -0.276682 24.042362 7.513233 -0.276682 24.418047 7.282137 -0.276682 22.160599 7.084059 -0.276682 24.424648 6.238914 -0.276682 23.955856 6.285133 -0.276682 21.962523 4.957993 -0.276682 21.731426 5.565439 -0.276682 23.724768 5.492813 -0.276682 22.847279 4.106247 -0.276682 24.543503 4.317532 -0.276682 25.045305 4.020412 -0.276682 20.734886 3.231167 0.199460 21.101124 4.772013 0.072364 20.048201 3.432692 0.072364 39.293602 3.231173 0.199460 39.980278 3.432697 0.072364 38.927361 4.772015 0.072364 36.454376 5.994616 0.277426 38.421310 6.166285 0.277426 38.203423 6.694502 0.277426 36.177067 6.285137 0.277426 37.536552 7.407591 0.277426 35.708275 6.238916 0.277426 23.955860 6.285133 0.277426 24.424648 6.238914 0.277426 22.596371 7.407589 0.277426 23.678545 5.994616 0.277426 21.929506 6.694500 0.277426 21.711613 6.166285 0.277426 31.385918 2.396374 -0.003481 30.696062 2.396374 -0.480587 31.037872 2.835205 -0.618242 28.626480 2.396374 -0.003481 29.316339 2.396376 0.473624 28.974529 2.835205 0.611280 27.942865 2.835205 -0.003481 28.766376 3.204746 0.549823 27.526560 3.204746 -0.003481 32.069527 2.835205 -0.003481 31.246023 3.204746 -0.556785 32.485832 3.204746 -0.003481 30.006195 3.204746 -0.003481 31.246023 3.204746 0.549823 28.766376 3.204746 -0.556785 30.004208 25.458338 -0.315407 
						28.224422 10.463076 -0.315407 28.224422 25.458338 -0.242155 30.004208 25.458338 0.316259 28.224424 25.458338 0.243006 28.224422 10.463076 0.316259 31.783997 25.458338 0.243006 31.783997 25.771322 0.000426 30.004208 32.754066 0.316259 28.224424 25.771326 0.000426 31.783997 25.458338 -0.242155 30.004208 32.754066 -0.315407 31.783997 25.771322 0.000426 28.224424 25.771326 0.000426 31.783997 25.458338 0.243006 31.783997 25.458338 -0.242155 31.783997 25.771322 0.000426 28.224422 25.458338 -0.242155 28.224424 25.458338 0.243006 28.224424 25.771326 0.000426 30.004204 87.124557 -0.032717 29.817438 87.124557 0.000426 30.004204 87.425636 0.000426 30.190968 87.124557 0.000426 29.817438 87.124557 0.000426 30.004204 87.124557 0.033568 30.004204 87.425636 0.000426 30.190968 87.124557 0.000426 30.014240 3.156534 -0.715274 28.747782 3.156534 -0.596462 28.837860 5.270821 -0.435790 30.014240 5.871323 -0.471703 27.516756 3.156534 -0.482301 27.606825 4.745378 -0.398437 26.225666 3.156532 -0.413145 26.315746 4.340038 -0.388422 24.769451 3.156532 -0.355101 24.859528 4.174898 -0.355101 23.598469 3.156532 -0.332436 23.688549 4.174898 -0.332436 22.391865 3.156532 -0.332436 22.481937 4.368961 -0.332436 21.682795 3.156532 -0.332436 21.772873 4.548094 -0.242400 38.345688 3.156534 -0.332436 38.255611 4.548096 -0.242400 37.636620 3.156534 -0.332436 37.546543 4.368963 -0.332436 36.430012 3.156534 -0.332436 36.339939 4.174900 -0.332436 35.259029 3.156534 -0.355101 35.168953 4.174900 -0.355101 33.802811 3.156534 -0.413145 33.712738 4.340040 -0.388422 32.511734 3.156534 -0.482301 32.421654 4.745378 -0.398437 31.280697 3.156534 -0.596462 31.190620 5.270821 -0.435790 30.014240 3.156534 -0.715274 30.014240 5.871323 -0.471703 36.658722 3.768219 -0.276682 34.008595 3.593578 -0.276682 36.064819 4.865555 -0.276682 37.853477 4.601448 -0.276682 36.454376 5.994616 -0.276682 
						38.421307 6.166285 -0.276682 36.322323 6.225712 -0.276682 38.203419 6.694502 -0.276682 35.530003 6.608667 -0.276682 37.536552 7.407591 -0.276682 35.563011 7.018034 -0.276682 37.054550 7.579262 -0.276682 24.569912 7.018030 -0.276682 23.078371 7.579260 -0.276682 24.602924 6.608664 -0.276682 22.596375 7.407589 -0.276682 23.810602 6.225710 -0.276682 21.929501 6.694500 -0.276682 23.678543 5.994616 -0.276682 21.711615 6.166285 -0.276682 24.068104 4.865555 -0.276682 22.279451 4.601448 -0.276682 23.474207 3.768217 -0.276682 27.367052 3.593578 -0.276682 30.014240 3.156534 0.710464 30.014240 5.871323 0.466894 28.837860 5.270823 0.430980 28.747782 3.156534 0.591653 27.606827 4.745382 0.393628 27.516756 3.156534 0.477492 26.315746 4.340040 0.383614 26.225668 3.156532 0.408336 24.859528 4.174900 0.350293 24.769451 3.156532 0.350293 23.688549 4.174900 0.327628 23.598469 3.156532 0.327628 22.481937 4.368961 0.327628 22.391865 3.156532 0.327628 21.772873 4.548096 0.237592 21.682795 3.156532 0.327628 38.255611 4.548098 0.237592 38.345688 3.156534 0.327628 37.546543 4.368963 0.327628 37.636620 3.156534 0.327628 36.339939 4.174900 0.327628 36.430012 3.156534 0.327628 35.168957 4.174900 0.350293 35.259029 3.156534 0.350293 33.712738 4.340040 0.383614 33.802811 3.156534 0.408336 32.421654 4.745382 0.393628 32.511734 3.156534 0.477492 31.190620 5.270823 0.430980 31.280697 3.156534 0.591653 30.014240 5.871323 0.466894 30.014240 3.156534 0.710464 36.658722 3.768221 0.277426 37.285648 4.106247 0.277426 35.087620 4.020412 0.277426 34.008595 3.593578 0.277426 37.853477 4.601448 0.277426 35.589428 4.317533 0.277426 38.170410 4.957994 0.277426 36.064819 4.865559 0.277426 38.401501 5.565441 0.277426 36.408161 5.492813 0.277426 37.972328 7.084061 0.277426 36.322323 6.225712 0.277426 37.054558 7.579262 0.277426 
						35.530003 6.608667 0.277426 36.493328 7.585865 0.277426 35.563015 7.018034 0.277426 36.090569 7.513235 0.277426 35.714878 7.282141 0.277426 24.418045 7.282141 0.277426 24.042362 7.513233 0.277426 23.639601 7.585861 0.277426 24.569906 7.018034 0.277426 23.078371 7.579260 0.277426 24.602919 6.608664 0.277426 22.160595 7.084059 0.277426 23.810596 6.225710 0.277426 21.731422 5.565439 0.277426 23.724768 5.492813 0.277426 21.962517 4.957993 0.277426 24.068108 4.865555 0.277426 22.279446 4.601446 0.277426 24.543501 4.317532 0.277426 22.847279 4.106247 0.277426 25.045305 4.020412 0.277426 23.474207 3.768219 0.277426 27.367052 3.593578 0.277426 25.045305 4.020412 -0.276682 25.045305 4.020412 0.277426 27.367052 3.593578 0.277426 27.367052 3.593578 -0.276682 23.474207 3.768217 -0.276682 23.474207 3.768219 0.277426 22.847279 4.106247 0.277426 22.847279 4.106247 -0.276682 27.367052 3.593578 -0.276682 27.367052 3.593578 0.277426 23.474207 3.768219 0.277426 23.474207 3.768217 -0.276682 22.279446 4.601446 0.277426 22.279451 4.601448 -0.276682 22.847279 4.106247 -0.276682 22.847279 4.106247 0.277426 24.543503 4.317532 -0.276682 24.543501 4.317532 0.277426 24.068104 4.865555 -0.276682 24.068108 4.865555 0.277426 21.962517 4.957993 0.277426 21.962523 4.957993 -0.276682 21.731422 5.565439 0.277426 21.731426 5.565439 -0.276682 23.724768 5.492813 -0.276682 23.724768 5.492813 0.277426 23.678543 5.994616 -0.276682 23.678545 5.994616 0.277426 21.711613 6.166285 0.277426 21.711615 6.166285 -0.276682 21.929506 6.694500 0.277426 21.929501 6.694500 -0.276682 23.810602 6.225710 -0.276682 23.810596 6.225710 0.277426 23.678545 5.994616 0.277426 23.678543 5.994616 -0.276682 23.955856 6.285133 -0.276682 23.955860 6.285133 0.277426 22.160595 7.084059 0.277426 22.160599 7.084059 -0.276682 22.596371 7.407589 0.277426 
						22.596375 7.407589 -0.276682 24.424648 6.238914 -0.276682 24.424648 6.238914 0.277426 24.602924 6.608664 -0.276682 24.602919 6.608664 0.277426 24.424648 6.238914 0.277426 24.424648 6.238914 -0.276682 23.078371 7.579260 0.277426 23.078371 7.579260 -0.276682 23.639601 7.585861 0.277426 23.639601 7.585861 -0.276682 24.569912 7.018030 -0.276682 24.569906 7.018034 0.277426 24.418047 7.282137 -0.276682 24.418045 7.282141 0.277426 24.042362 7.513233 0.277426 24.042362 7.513233 -0.276682 24.042362 7.513233 -0.276682 24.042362 7.513233 0.277426 35.714878 7.282141 0.277426 36.090569 7.513235 0.277426 36.090561 7.513235 -0.276682 35.714878 7.282141 -0.276682 36.493324 7.585865 -0.276682 36.493328 7.585865 0.277426 35.563015 7.018034 0.277426 35.714878 7.282141 0.277426 35.714878 7.282141 -0.276682 35.563011 7.018034 -0.276682 35.530003 6.608667 0.277426 35.530003 6.608667 -0.276682 37.054550 7.579262 -0.276682 37.054558 7.579262 0.277426 37.536552 7.407591 -0.276682 37.536552 7.407591 0.277426 35.708275 6.238916 0.277426 35.530003 6.608667 0.277426 35.530003 6.608667 -0.276682 35.708275 6.238916 -0.276682 36.177067 6.285137 0.277426 36.177063 6.285133 -0.276682 37.972328 7.084061 -0.276682 37.972328 7.084061 0.277426 38.203419 6.694502 -0.276682 38.203423 6.694502 0.277426 36.322323 6.225712 0.277426 36.322323 6.225712 -0.276682 36.454376 5.994616 0.277426 36.454376 5.994616 -0.276682 38.421307 6.166285 -0.276682 38.421310 6.166285 0.277426 38.401497 5.565441 -0.276682 38.401501 5.565441 0.277426 36.408161 5.492813 0.277426 36.454376 5.994616 0.277426 36.454376 5.994616 -0.276682 36.408161 5.492813 -0.276682 36.064819 4.865559 0.277426 36.064819 4.865555 -0.276682 38.170406 4.957994 -0.276682 38.170410 4.957994 0.277426 37.853477 4.601448 -0.276682 37.853477 4.601448 0.277426 35.589428 4.317533 0.277426 
						35.589428 4.317533 -0.276682 35.087620 4.020412 0.277426 35.087616 4.020412 -0.276682 37.285645 4.106247 -0.276682 37.853477 4.601448 -0.276682 37.853477 4.601448 0.277426 37.285648 4.106247 0.277426 34.008595 3.593578 -0.276682 36.658722 3.768219 -0.276682 36.658722 3.768221 0.277426 34.008595 3.593578 0.277426 36.658722 3.768221 0.277426 36.658722 3.768219 -0.276682 34.008595 3.593578 0.277426 34.008595 3.593578 -0.276682 30.014240 3.156534 0.710464 30.014240 3.156534 -0.715274 31.280697 3.156534 -0.596462 31.280697 3.156534 0.591653 32.511734 3.156534 -0.482301 32.511734 3.156534 0.477492 33.802811 3.156534 -0.413145 33.802811 3.156534 0.408336 35.259029 3.156534 -0.355101 35.259029 3.156534 0.350293 35.168957 4.174900 0.350293 35.168953 4.174900 -0.355101 33.712738 4.340040 -0.388422 33.712738 4.340040 0.383614 36.339939 4.174900 0.327628 36.339939 4.174900 -0.332436 36.430012 3.156534 -0.332436 36.430012 3.156534 0.327628 37.636620 3.156534 -0.332436 37.636620 3.156534 0.327628 37.546543 4.368963 0.327628 37.546543 4.368963 -0.332436 38.255611 4.548098 0.237592 38.255611 4.548096 -0.242400 38.345688 3.156534 -0.332436 38.345688 3.156534 0.327628 39.293602 3.231173 -0.204268 39.293602 3.231173 0.199460 38.927361 4.772015 0.072364 38.927361 4.772013 -0.077171 39.980278 3.432697 -0.077171 39.980278 3.432697 0.072364 39.980278 3.432697 0.072364 39.980278 3.432697 -0.077171 20.048201 3.432692 0.072364 21.101124 4.772013 0.072364 21.101116 4.772007 -0.077171 20.048199 3.432692 -0.077171 20.734886 3.231167 0.199460 20.048201 3.432692 0.072364 20.048199 3.432692 -0.077171 20.734886 3.231167 -0.204268 21.772873 4.548094 -0.242400 21.772873 4.548096 0.237592 21.682795 3.156532 0.327628 21.682795 3.156532 -0.332436 22.391865 3.156532 0.327628 22.391865 3.156532 -0.332436 22.481937 4.368961 -0.332436 
						22.481937 4.368961 0.327628 23.688549 4.174898 -0.332436 23.688549 4.174900 0.327628 23.598469 3.156532 0.327628 23.598469 3.156532 -0.332436 24.769451 3.156532 0.350293 24.769451 3.156532 -0.355101 24.859528 4.174898 -0.355101 24.859528 4.174900 0.350293 26.315746 4.340038 -0.388422 26.315746 4.340040 0.383614 26.225668 3.156532 0.408336 26.225666 3.156532 -0.413145 27.516756 3.156534 0.477492 27.516756 3.156534 -0.482301 28.747782 3.156534 -0.596462 30.014240 3.156534 -0.715274 30.014240 3.156534 0.710464 28.747782 3.156534 0.591653 29.080036 -0.264030 -0.785373 28.153870 -0.264030 -0.003481 28.699848 1.876707 -0.003481 29.353025 1.876707 -0.554909 28.153870 -0.264030 -0.003481 29.080036 -0.264030 0.778410 29.353025 1.876707 0.547947 28.699848 1.876707 -0.003481 30.932367 -0.264030 0.778411 30.659378 1.876707 0.547947 31.858528 -0.264030 -0.003480 31.312551 1.876707 -0.003481 31.858528 -0.264030 -0.003480 30.932375 -0.264030 -0.785372 30.659378 1.876707 -0.554909 31.312551 1.876707 -0.003481 31.074289 -2.234173 -0.905179 28.938128 -2.234173 -0.905180 31.897270 -2.234173 -0.003480 30.951740 -2.234173 0.898217 31.897270 -2.234173 -0.003480 29.060667 -2.234173 0.898217 28.115124 -2.234173 -0.003481 28.115124 -2.234173 -0.003481 28.918135 -6.530525 -0.922059 28.079729 -6.530525 -0.003481 28.079729 -6.530525 -0.003481 29.042971 -6.530525 0.915097 30.969437 -6.530525 0.915097 31.932671 -6.530525 -0.003480 31.932671 -6.530525 -0.003480 31.094286 -6.530525 -0.922059 31.047646 -12.593651 -0.809918 28.964767 -12.593651 -0.809918 31.853718 -13.447342 -0.003480 30.929964 -12.593651 0.802956 31.853718 -13.447342 -0.003480 29.082443 -12.593651 0.802956 28.158682 -13.447342 -0.003481 28.158682 -13.447342 -0.003481 29.104794 -14.670700 -0.632287 28.203392 -15.524391 -0.003481 28.203392 -15.524391 -0.003481 29.104794 -14.670700 0.625324 30.907612 -14.670700 0.625325 
						31.809010 -15.524391 -0.003480 31.809010 -15.524391 -0.003480 30.907618 -14.670700 -0.632286 29.283144 1.957544 -0.613906 30.729258 1.957544 -0.613906 31.452318 1.957544 -0.003481 31.452318 1.957544 -0.003481 30.729258 1.957544 0.606944 29.283144 1.957544 0.606944 28.560081 1.957544 -0.003481 28.560081 1.957544 -0.003481 28.529303 2.061478 -0.003481 29.267752 2.061478 -0.626899 29.267752 2.061478 0.619937 28.529303 2.061478 -0.003481 30.744648 2.061478 0.619937 31.483093 2.061481 -0.003481 30.744648 2.061478 -0.626899 31.483093 2.061481 -0.003481 29.316339 2.223154 -0.585879 30.696062 2.223154 -0.585879 31.385918 2.223154 -0.003481 31.385918 2.223154 -0.003481 30.696062 2.223154 0.578917 29.316339 2.223154 0.578917 28.626480 2.223154 -0.003481 28.626480 2.223154 -0.003481 28.626480 2.396374 -0.003481 29.316339 2.396374 -0.480587 30.696062 2.396376 0.473624 31.385918 2.396374 -0.003481 28.974529 2.835205 -0.618242 32.069527 2.835205 -0.003481 31.037872 2.835205 0.611280 27.942865 2.835205 -0.003481 27.526560 3.204746 -0.003481 32.485832 3.204746 -0.003481 28.766376 3.204746 -0.556785 31.246023 3.204746 0.549823 30.004204 82.909454 -0.118952 29.331488 82.909454 0.000426 30.676920 82.909454 0.000426 29.331488 82.909454 0.000426 30.004204 82.909454 0.119803 30.676920 82.909454 0.000426 30.004206 73.959198 0.232973 31.314657 73.959198 0.000426 28.693750 73.959198 0.000426 31.314657 73.959198 0.000426 30.004206 73.959198 -0.232122 28.693750 73.959198 0.000426 30.004206 59.981342 -0.283975 28.401552 59.981342 0.000426 31.606859 59.981342 0.000426 28.401552 59.981342 0.000426 30.004206 59.981342 0.284825 31.606859 59.981342 0.000426 31.783997 10.463076 0.316259 31.783997 10.463076 -0.315407 31.783997 10.463076 -0.315407 28.224422 10.463076 0.316259 31.783997 10.463076 0.316259 31.783997 10.463076 -0.315407 28.224422 10.463076 -0.315407 
						28.224422 10.463076 0.316259 27.606825 4.745378 -0.398437 27.606827 4.745382 0.393628 32.421654 4.745378 -0.398437 32.421654 4.745382 0.393628 32.421654 4.745382 0.393628 32.421654 4.745378 -0.398437 32.421654 10.146942 -0.398437 32.421654 10.146961 0.393628 27.606825 4.745378 -0.398437 27.606827 4.745382 0.393628 27.606827 10.146952 0.393628 27.606825 10.146942 -0.398437 30.014240 5.871323 -0.471703 28.837860 5.270821 -0.435790 28.837860 11.652424 -0.435790 30.014240 13.372965 -0.471703 27.606825 4.745378 -0.398437 27.606825 10.146942 -0.398437 32.421654 4.745378 -0.398437 31.190620 5.270821 -0.435790 31.190620 11.652424 -0.435790 32.421654 10.146942 -0.398437 28.837860 5.270823 0.430980 30.014240 5.871323 0.466894 30.014240 13.372963 0.466894 28.837860 11.652428 0.430980 27.606827 4.745382 0.393628 27.606827 10.146952 0.393628 31.190620 5.270823 0.430980 32.421654 4.745382 0.393628 32.421654 10.146961 0.393628 31.190620 11.652428 0.430980 30.014240 13.372965 -0.471703 30.014240 13.372963 0.466894 31.190620 11.652428 0.430980 31.190620 11.652424 -0.435790 28.837860 11.652428 0.430980 28.837860 11.652424 -0.435790 30.014240 13.372963 0.466894 30.014240 13.372965 -0.471703 30.006205 -13.636272 0.796824 30.006207 -13.636272 -0.803785 28.203392 -15.524391 -0.003481 29.104794 -14.670700 -0.632287 29.152199 -17.544819 -0.554901 28.298199 -17.544819 -0.003481 29.104794 -14.670700 0.625324 28.203392 -15.524391 -0.003481 28.298199 -17.544819 -0.003481 29.152199 -17.544819 0.547939 31.809010 -15.524391 -0.003480 30.907612 -14.670700 0.625325 30.860209 -17.544819 0.547939 31.714203 -17.544819 -0.003480 30.907618 -14.670700 -0.632286 31.809010 -15.524391 -0.003480 31.714203 -17.544819 -0.003480 30.860216 -17.544819 -0.554900 30.006205 -13.636272 0.796824 30.006205 -17.544819 0.698332 30.006207 -13.636272 -0.803785 30.006207 -17.544819 -0.705294 29.356922 -22.618214 -0.359685 
						28.707640 -22.618214 -0.003481 28.707640 -22.618214 -0.003481 29.356922 -22.618214 0.352723 30.655487 -22.618214 0.352723 31.304766 -22.618214 -0.003481 31.304766 -22.618214 -0.003481 30.655493 -22.618214 -0.359684 30.006205 -22.618214 0.449873 30.006205 -22.618214 -0.456835 29.571306 -22.737411 -0.242070 29.136412 -22.737411 -0.003481 29.136412 -22.737411 -0.003481 29.571306 -22.737411 0.235108 30.441101 -22.737411 0.235108 30.875992 -22.737411 -0.003481 30.875992 -22.737411 -0.003481 30.441105 -22.737411 -0.242070 30.006205 -22.737411 0.235108 30.006205 -22.737411 -0.242070 29.571306 -22.929974 -0.242070 29.136412 -22.929974 -0.003481 29.136412 -22.929974 -0.003481 29.571306 -22.929974 0.235108 30.441101 -22.929974 0.235108 30.875992 -22.929974 -0.003481 30.875992 -22.929974 -0.003481 30.441105 -22.929974 -0.242070 30.006205 -22.929974 0.235108 30.006205 -22.929974 -0.242070 29.529833 -23.030842 -0.387993 29.053461 -23.030842 -0.003481 29.053461 -23.030842 -0.003481 29.529833 -23.030842 0.381031 30.482578 -23.030842 0.381031 30.958942 -23.030842 -0.003481 30.958942 -23.030842 -0.003481 30.482578 -23.030842 -0.387992 30.006205 -23.030842 0.381031 30.006205 -23.030842 -0.387993 29.529833 -23.264664 -0.387993 29.053461 -23.264664 -0.003481 29.053461 -23.264664 -0.003481 29.529833 -23.264664 0.381031 30.482578 -23.264664 0.381031 30.958942 -23.264664 -0.003481 30.958942 -23.264664 -0.003481 30.482578 -23.264664 -0.387992 30.006205 -23.264664 0.381031 30.006205 -23.264664 -0.387993 29.381680 -23.507660 -0.600465 28.757158 -23.507660 -0.003481 28.757158 -23.507660 -0.003481 29.381680 -23.507660 0.593502 30.630728 -23.507660 0.593503 31.255243 -23.507660 -0.003480 31.255243 -23.507660 -0.003480 30.630733 -23.507660 -0.600464 30.006205 -23.507660 0.686432 30.006205 -23.507660 -0.693394 29.348198 -23.979889 -0.632469 28.690197 -23.979889 -0.003481 28.690197 -23.979889 -0.003481 29.348198 -23.979889 0.625507 30.664211 -23.979889 0.625507 
						31.322208 -23.979889 -0.003480 31.322208 -23.979889 -0.003480 30.664215 -23.979889 -0.632468 30.006205 -23.979889 0.723419 30.006205 -23.979889 -0.730381 29.661942 -24.589668 -0.332562 29.317680 -24.589668 -0.003481 29.317680 -24.589668 -0.003481 29.661942 -24.589668 0.325600 30.350468 -24.589668 0.325600 30.694725 -24.589668 -0.003481 30.694725 -24.589668 -0.003481 30.350468 -24.589668 -0.332561 30.006205 -24.589668 0.376826 30.006205 -24.589668 -0.383788 29.901293 -24.961037 -0.103766 29.796381 -24.961037 -0.003481 29.796381 -24.961037 -0.003481 29.901293 -24.961037 0.096804 30.111116 -24.961037 0.096804 30.216024 -24.961037 -0.003481 30.216024 -24.961037 -0.003481 30.111116 -24.961037 -0.103766 30.006205 -24.961037 0.096804 30.006205 -24.961037 -0.103766 30.006205 -25.038979 -0.003481 30.006205 -25.038979 -0.003481 25.069954 3.387344 0.277426 23.990929 2.960508 0.277426 23.990934 2.960508 -0.276682 25.069954 3.387344 -0.276682 21.792900 2.874676 0.277426 22.419828 3.212702 0.277426 22.419828 3.212704 -0.276682 21.792906 2.874676 -0.276682 25.069954 3.387344 -0.276682 22.419828 3.212704 -0.276682 22.419828 3.212702 0.277426 25.069954 3.387344 0.277426 21.225071 2.379475 -0.276682 21.225071 2.379475 0.277426 23.489124 2.663387 0.277426 23.489128 2.663387 -0.276682 23.013729 2.115362 0.277426 23.013731 2.115366 -0.276682 21.225071 2.379475 -0.276682 20.908146 2.022926 -0.276682 20.908144 2.022926 0.277426 21.225071 2.379475 0.277426 20.677052 1.415480 -0.276682 20.677048 1.415480 0.277426 22.670391 1.488108 0.277426 22.670391 1.488108 -0.276682 22.624172 0.986303 0.277426 22.624178 0.986303 -0.276682 20.657244 0.814636 -0.276682 20.657240 0.814636 0.277426 20.875132 0.286421 -0.276682 20.875126 0.286421 0.277426 22.624172 0.986303 0.277426 22.756226 0.755211 0.277426 22.756226 0.755211 -0.276682 22.624178 0.986303 -0.276682 22.901482 0.695784 0.277426 
						22.901487 0.695787 -0.276682 21.106224 -0.103138 -0.276682 21.106224 -0.103138 0.277426 21.542000 -0.426668 -0.276682 21.542000 -0.426668 0.277426 23.370275 0.742004 0.277426 23.370275 0.742008 -0.276682 23.548546 0.372253 0.277426 23.548552 0.372253 -0.276682 22.023998 -0.598339 -0.276682 22.023994 -0.598339 0.277426 22.585228 -0.604942 -0.276682 22.585224 -0.604942 0.277426 23.548546 0.372253 0.277426 23.515533 -0.037113 0.277426 23.515539 -0.037109 -0.276682 23.548552 0.372253 -0.276682 23.363672 -0.301218 0.277426 23.363672 -0.301218 -0.276682 22.987989 -0.532314 -0.276682 22.987986 -0.532314 0.277426 23.363672 -0.301218 0.277426 23.363672 -0.301218 -0.276682 37.030300 -0.532309 -0.276682 37.030300 -0.532309 0.277426 36.654617 -0.301218 0.277426 36.654610 -0.301214 -0.276682 37.030300 -0.532309 0.277426 37.030300 -0.532309 -0.276682 37.433060 -0.604937 -0.276682 37.433060 -0.604937 0.277426 36.502758 -0.037109 0.277426 36.502750 -0.037107 -0.276682 36.469742 0.372257 0.277426 36.469734 0.372257 -0.276682 37.994289 -0.598337 -0.276682 37.994289 -0.598337 0.277426 38.476284 -0.426666 -0.276682 38.476288 -0.426666 0.277426 36.648010 0.742010 0.277426 36.648010 0.742010 -0.276682 36.648010 0.742010 -0.276682 36.648010 0.742010 0.277426 37.116798 0.695791 0.277426 37.116802 0.695791 -0.276682 38.912060 -0.103136 -0.276682 38.912064 -0.103136 0.277426 39.143158 0.286423 -0.276682 39.143154 0.286427 0.277426 37.262062 0.755213 0.277426 37.262058 0.755213 -0.276682 37.394112 0.986307 0.277426 37.394115 0.986307 -0.276682 39.361050 0.814638 -0.276682 39.361050 0.814638 0.277426 39.341232 1.415485 -0.276682 39.341240 1.415485 0.277426 37.394115 0.986307 -0.276682 37.394112 0.986307 0.277426 37.347893 1.488113 0.277426 37.347893 1.488113 -0.276682 37.004551 2.115370 0.277426 37.004555 2.115370 -0.276682 39.110138 2.022932 -0.276682 
						39.110142 2.022932 0.277426 38.793209 2.379477 -0.276682 38.793213 2.379477 0.277426 36.529160 2.663393 0.277426 36.529160 2.663393 -0.276682 36.027359 2.960512 0.277426 36.027359 2.960512 -0.276682 38.225380 2.874678 -0.276682 38.225380 2.874678 0.277426 33.705612 3.387346 -0.276682 33.705612 3.387346 0.277426 37.598450 3.212706 0.277426 37.598450 3.212706 -0.276682 37.598450 3.212706 -0.276682 37.598450 3.212706 0.277426 38.225380 2.874678 0.277426 38.225380 2.874678 -0.276682 33.705612 3.387346 0.277426 33.705612 3.387346 -0.276682 36.027359 2.960512 0.277426 38.225380 2.874678 0.277426 37.598450 3.212706 0.277426 33.705612 3.387346 0.277426 36.529160 2.663393 0.277426 38.793213 2.379477 0.277426 37.004551 2.115370 0.277426 39.110142 2.022932 0.277426 37.347893 1.488113 0.277426 39.341240 1.415485 0.277426 37.394112 0.986307 0.277426 39.361050 0.814638 0.277426 38.912064 -0.103136 0.277426 39.143154 0.286427 0.277426 37.262062 0.755213 0.277426 38.476288 -0.426666 0.277426 37.116798 0.695791 0.277426 36.469742 0.372257 0.277426 37.994289 -0.598337 0.277426 36.648010 0.742010 0.277426 36.502758 -0.037109 0.277426 37.433060 -0.604937 0.277426 36.654617 -0.301218 0.277426 37.030300 -0.532309 0.277426 22.585224 -0.604942 0.277426 22.987986 -0.532314 0.277426 23.363672 -0.301218 0.277426 23.515533 -0.037113 0.277426 22.023994 -0.598339 0.277426 23.548546 0.372253 0.277426 21.542000 -0.426668 0.277426 23.370275 0.742004 0.277426 22.756226 0.755211 0.277426 21.106224 -0.103138 0.277426 22.901482 0.695784 0.277426 22.624172 0.986303 0.277426 20.875126 0.286421 0.277426 20.677048 1.415480 0.277426 20.657240 0.814636 0.277426 22.670391 1.488108 0.277426 20.908144 2.022926 0.277426 23.013729 2.115362 0.277426 21.225071 2.379475 0.277426 23.489124 2.663387 0.277426 21.792900 2.874676 0.277426 
						23.990929 2.960508 0.277426 22.419828 3.212702 0.277426 25.069954 3.387344 0.277426 37.598450 3.212706 -0.276682 38.225380 2.874678 -0.276682 36.027359 2.960512 -0.276682 33.705612 3.387346 -0.276682 37.004555 2.115370 -0.276682 36.529160 2.663393 -0.276682 38.793209 2.379477 -0.276682 37.347893 1.488113 -0.276682 39.110138 2.022932 -0.276682 39.361050 0.814638 -0.276682 37.394115 0.986307 -0.276682 39.341232 1.415485 -0.276682 39.143158 0.286423 -0.276682 37.262058 0.755213 -0.276682 38.912060 -0.103136 -0.276682 37.116802 0.695791 -0.276682 36.469734 0.372257 -0.276682 36.648010 0.742010 -0.276682 38.476284 -0.426666 -0.276682 36.502750 -0.037107 -0.276682 37.994289 -0.598337 -0.276682 36.654610 -0.301214 -0.276682 37.433060 -0.604937 -0.276682 22.023998 -0.598339 -0.276682 23.515539 -0.037109 -0.276682 23.363672 -0.301218 -0.276682 22.585228 -0.604942 -0.276682 21.542000 -0.426668 -0.276682 23.548552 0.372253 -0.276682 21.106224 -0.103138 -0.276682 23.370275 0.742008 -0.276682 22.756226 0.755211 -0.276682 22.901487 0.695787 -0.276682 20.875132 0.286421 -0.276682 22.624178 0.986303 -0.276682 20.657244 0.814636 -0.276682 22.670391 1.488108 -0.276682 20.677052 1.415480 -0.276682 21.225071 2.379475 -0.276682 23.013731 2.115366 -0.276682 20.908146 2.022926 -0.276682 21.792906 2.874676 -0.276682 23.489128 2.663387 -0.276682 23.990934 2.960508 -0.276682 22.419828 3.212704 -0.276682 25.069954 3.387344 -0.276682 37.030300 -0.532309 -0.276682 22.987989 -0.532314 -0.276682 
					</float_array>
					<technique_common>
						<accessor count="883" offset="0" source="#meshId0-positions-array" stride="3">
							<param name="X" type="float" />
							<param name="Y" type="float" />
							<param name="Z" type="float" />
						</accessor>
					</technique_common>
				</source>
				<source id="meshId0-normals" name="meshId0-normals">
					<float_array id="meshId0-normals-array" count="2649"> 
						-0.281419 0.644415 -0.711008 -0.246409 -0.643155 -0.725006 -0.769842 -0.142737 -0.622069 0.281419 0.644415 -0.711008 0.769829 -0.142741 -0.622083 0.246438 -0.643150 -0.725001 0.314505 -0.454010 -0.833644 -0.310659 0.633983 -0.708207 -0.450100 0.539369 -0.711682 0.599615 -0.363578 -0.712933 -0.522792 0.159615 -0.837383 0.688481 -0.138282 -0.711950 0.406298 0.366379 -0.837071 -0.100622 -0.689152 -0.717596 -0.310379 -0.552761 -0.773383 -0.058687 0.703059 -0.708705 -0.499355 0.484766 -0.718085 -0.318074 0.832572 -0.453489 0.058687 0.703059 -0.708705 0.318074 0.832572 -0.453489 0.499355 0.484766 -0.718085 -0.406298 0.366379 -0.837071 0.310379 -0.552761 -0.773383 0.100622 -0.689152 -0.717596 -0.599602 -0.363570 -0.712948 -0.688481 -0.138282 -0.711950 0.522792 0.159615 -0.837383 -0.314505 -0.454010 -0.833644 0.450100 0.539369 -0.711682 0.245955 0.657018 -0.712624 -0.246409 -0.643155 0.725006 -0.281419 0.644415 0.711008 -0.769815 -0.142738 0.622102 0.246438 -0.643150 0.725001 0.769842 -0.142737 0.622069 0.281419 0.644415 0.711008 -0.524322 -0.113745 0.843889 0.687873 0.124549 0.715065 0.631750 0.315600 0.708017 -0.100622 -0.689152 0.717596 0.259261 0.485593 0.834855 -0.310379 -0.552761 0.773383 0.100622 -0.689152 0.717596 0.310379 -0.552761 0.773383 -0.259261 0.485593 0.834855 0.524322 -0.113745 0.843889 -0.631750 0.315600 0.708017 -0.687873 0.124549 0.715065 0.568816 -0.391622 -0.723243 0.266765 0.064700 -0.961587 0.256057 -0.299333 -0.919149 -0.568816 -0.391622 0.723243 -0.266765 0.064700 0.961587 -0.256057 -0.299333 0.919149 -0.413869 -0.492180 -0.765814 0.000000 0.164038 0.986454 -0.960156 0.279218 -0.011719 0.413869 -0.492180 0.765814 0.000000 0.164038 -0.986454 0.960156 0.279218 0.011719 0.000000 1.000000 0.000000 0.000000 0.937776 0.347241 0.000000 0.937776 -0.347241 -0.033296 0.161169 -0.986365 
						-0.418081 -0.404287 -0.813487 -0.738623 0.219829 -0.637269 0.019044 0.161231 0.986733 -0.784231 0.061833 0.617380 -0.418081 -0.404287 0.813487 0.734199 0.220257 0.642214 0.811507 0.285325 0.509947 -0.255568 0.066990 0.964468 -0.811507 0.285325 -0.509947 0.781302 0.061314 -0.621135 0.255568 0.066990 -0.964468 0.811507 0.285325 0.509947 -0.811507 0.285325 -0.509947 0.734199 0.220257 0.642214 0.781302 0.061314 -0.621135 0.811507 0.285325 0.509947 -0.738623 0.219829 -0.637269 -0.784231 0.061833 0.617380 -0.811507 0.285325 -0.509947 0.000000 0.065006 -0.997885 -0.938751 0.344596 0.000000 0.000000 1.000000 0.000000 0.938751 0.344596 0.000000 -0.938751 0.344596 0.000000 0.000000 0.065006 0.997885 0.000000 1.000000 0.000000 0.938751 0.344596 0.000000 0.000000 -0.677805 -0.735242 -0.058781 -0.679339 -0.731467 -0.055179 0.038546 -0.997732 0.000000 0.042452 -0.999099 -0.041140 -0.687333 -0.725177 -0.413593 0.305251 -0.857766 -0.024812 -0.697272 -0.716377 -0.167763 0.698000 -0.696169 -0.018251 -0.704359 -0.709609 -0.057803 0.707677 -0.704168 -0.006836 -0.706816 -0.707365 0.049349 0.704320 -0.708165 -0.020875 -0.700484 -0.713363 0.121377 0.701497 -0.702260 -0.108618 -0.680795 -0.724376 0.119269 0.714910 -0.688969 0.108618 -0.680795 -0.724376 -0.119269 0.714910 -0.688969 0.020875 -0.700484 -0.713363 -0.121377 0.701497 -0.702260 0.006836 -0.706816 -0.707365 -0.049349 0.704320 -0.708165 0.018251 -0.704359 -0.709609 0.057803 0.707677 -0.704168 0.024812 -0.697272 -0.716377 0.167763 0.698000 -0.696169 0.041140 -0.687333 -0.725177 0.413593 0.305251 -0.857766 0.058781 -0.679339 -0.731467 0.055179 0.038546 -0.997732 0.000000 -0.677805 -0.735242 0.000000 0.042452 -0.999099 0.246138 -0.855516 -0.455531 -0.288562 -0.064884 -0.955260 -0.578861 0.402581 -0.709118 0.497122 -0.501852 -0.707824 -0.674467 -0.146307 -0.723663 
						0.687873 0.124549 -0.715065 -0.453001 -0.516512 -0.726639 0.631731 0.315606 -0.708031 -0.682676 -0.127325 -0.719543 0.331189 0.620323 -0.710994 -0.666941 0.207135 -0.715741 0.123601 0.691278 -0.711939 0.666941 0.207135 -0.715741 -0.123601 0.691278 -0.711939 0.682676 -0.127325 -0.719543 -0.331189 0.620323 -0.710994 0.453001 -0.516512 -0.726639 -0.631750 0.315600 -0.708017 0.674467 -0.146307 -0.723663 -0.687873 0.124549 -0.715065 0.578861 0.402581 -0.709118 -0.497122 -0.501852 -0.707824 -0.237044 -0.857625 -0.456387 0.134711 -0.015321 -0.990767 0.000000 -0.677805 0.735242 0.000000 0.042452 0.999099 -0.055179 0.038546 0.997732 -0.058781 -0.679339 0.731467 -0.413593 0.305251 0.857766 -0.041140 -0.687333 0.725177 -0.167763 0.698000 0.696169 -0.024812 -0.697272 0.716377 -0.057803 0.707677 0.704168 -0.018251 -0.704359 0.709609 0.049350 0.704335 0.708150 -0.006836 -0.706816 0.707365 0.121375 0.701513 0.702245 -0.020875 -0.700484 0.713363 0.119269 0.714910 0.688969 -0.108618 -0.680795 0.724376 -0.119269 0.714910 0.688969 0.108618 -0.680795 0.724376 -0.121375 0.701513 0.702245 0.020875 -0.700484 0.713363 -0.049350 0.704335 0.708150 0.006836 -0.706816 0.707365 0.057803 0.707677 0.704168 0.018251 -0.704359 0.709609 0.167763 0.698000 0.696169 0.024812 -0.697272 0.716377 0.413593 0.305251 0.857766 0.041140 -0.687333 0.725177 0.055179 0.038546 0.997732 0.058781 -0.679339 0.731467 0.000000 0.042452 0.999099 0.000000 -0.677805 0.735242 0.246138 -0.855516 0.455531 0.401422 -0.579441 0.709301 -0.310659 0.633983 0.708207 -0.288562 -0.064884 0.955260 0.497122 -0.501852 0.707824 -0.450100 0.539369 0.711682 0.599615 -0.363578 0.712933 -0.578861 0.402581 0.709118 0.688481 -0.138282 0.711950 -0.669131 0.204295 0.714512 0.519890 0.468831 0.714081 -0.453001 -0.516512 0.726639 0.123601 0.691278 0.711939 
						-0.682676 -0.127325 0.719543 -0.058687 0.703059 0.708705 -0.666941 0.207135 0.715741 -0.318074 0.832572 0.453489 -0.637652 0.619035 0.458470 0.637670 0.619023 0.458461 0.318074 0.832572 0.453489 0.058687 0.703059 0.708705 0.666941 0.207135 0.715741 -0.123601 0.691278 0.711939 0.682676 -0.127325 0.719543 -0.519890 0.468831 0.714081 0.453001 -0.516512 0.726639 -0.688481 -0.138282 0.711950 0.669131 0.204295 0.714512 -0.599615 -0.363578 0.712933 0.578861 0.402581 0.709118 -0.497122 -0.501852 0.707824 0.450100 0.539369 0.711682 -0.401422 -0.579441 0.709301 0.245955 0.657018 0.712624 -0.237044 -0.857625 0.456387 0.134711 -0.015321 0.990767 0.245955 0.657018 -0.712624 0.245955 0.657018 0.712624 0.134711 -0.015321 0.990767 0.134711 -0.015321 -0.990767 -0.237044 -0.857625 -0.456387 -0.237044 -0.857625 0.456387 -0.401422 -0.579441 0.709301 -0.314505 -0.454010 -0.833644 0.134711 -0.015321 -0.990767 0.134711 -0.015321 0.990767 -0.237044 -0.857625 0.456387 -0.237044 -0.857625 -0.456387 -0.497122 -0.501852 0.707824 -0.497122 -0.501852 -0.707824 -0.314505 -0.454010 -0.833644 -0.401422 -0.579441 0.709301 0.450100 0.539369 -0.711682 0.450100 0.539369 0.711682 0.578861 0.402581 -0.709118 0.578861 0.402581 0.709118 -0.599615 -0.363578 0.712933 -0.599602 -0.363570 -0.712948 -0.688481 -0.138282 0.711950 -0.688481 -0.138282 -0.711950 0.522792 0.159615 -0.837383 0.669131 0.204295 0.714512 0.674467 -0.146307 -0.723663 0.524322 -0.113745 0.843889 -0.687873 0.124549 0.715065 -0.687873 0.124549 -0.715065 -0.631750 0.315600 0.708017 -0.631750 0.315600 -0.708017 0.453001 -0.516512 -0.726639 0.453001 -0.516512 0.726639 0.524322 -0.113745 0.843889 0.674467 -0.146307 -0.723663 0.100622 -0.689152 -0.717596 0.100622 -0.689152 0.717596 -0.519890 0.468831 0.714081 -0.406298 0.366379 -0.837071 -0.259261 0.485593 0.834855 
						-0.331189 0.620323 -0.710994 0.310379 -0.552761 -0.773383 0.310379 -0.552761 0.773383 0.682676 -0.127325 -0.719543 0.682676 -0.127325 0.719543 0.310379 -0.552761 0.773383 0.310379 -0.552761 -0.773383 -0.123601 0.691278 0.711939 -0.123601 0.691278 -0.711939 0.058687 0.703059 0.708705 0.058687 0.703059 -0.708705 0.666941 0.207135 -0.715741 0.666941 0.207135 0.715741 0.499355 0.484766 -0.718085 0.637670 0.619023 0.458461 0.318074 0.832572 0.453489 0.318074 0.832572 -0.453489 0.318074 0.832572 -0.453489 0.318074 0.832572 0.453489 -0.637652 0.619035 0.458470 -0.318074 0.832572 0.453489 -0.318074 0.832572 -0.453489 -0.499355 0.484766 -0.718085 -0.058687 0.703059 -0.708705 -0.058687 0.703059 0.708705 -0.666941 0.207135 0.715741 -0.637652 0.619035 0.458470 -0.499355 0.484766 -0.718085 -0.666941 0.207135 -0.715741 -0.682676 -0.127325 0.719543 -0.682676 -0.127325 -0.719543 0.123601 0.691278 -0.711939 0.123601 0.691278 0.711939 0.331189 0.620323 -0.710994 0.259261 0.485593 0.834855 -0.310379 -0.552761 0.773383 -0.682676 -0.127325 0.719543 -0.682676 -0.127325 -0.719543 -0.310379 -0.552761 -0.773383 -0.100622 -0.689152 0.717596 -0.100622 -0.689152 -0.717596 0.406298 0.366379 -0.837071 0.519890 0.468831 0.714081 0.631731 0.315606 -0.708031 0.631750 0.315600 0.708017 -0.453001 -0.516512 0.726639 -0.453001 -0.516512 -0.726639 -0.524322 -0.113745 0.843889 -0.674467 -0.146307 -0.723663 0.687873 0.124549 -0.715065 0.687873 0.124549 0.715065 0.688481 -0.138282 -0.711950 0.688481 -0.138282 0.711950 -0.669131 0.204295 0.714512 -0.524322 -0.113745 0.843889 -0.674467 -0.146307 -0.723663 -0.522792 0.159615 -0.837383 -0.578861 0.402581 0.709118 -0.578861 0.402581 -0.709118 0.599615 -0.363578 -0.712933 0.599615 -0.363578 0.712933 0.497122 -0.501852 -0.707824 0.497122 -0.501852 0.707824 -0.450100 0.539369 0.711682 
						-0.450100 0.539369 -0.711682 -0.310659 0.633983 0.708207 -0.310659 0.633983 -0.708207 0.314505 -0.454010 -0.833644 0.497122 -0.501852 -0.707824 0.497122 -0.501852 0.707824 0.401422 -0.579441 0.709301 -0.288562 -0.064884 -0.955260 0.246138 -0.855516 -0.455531 0.246138 -0.855516 0.455531 -0.288562 -0.064884 0.955260 0.246138 -0.855516 0.455531 0.246138 -0.855516 -0.455531 -0.288562 -0.064884 0.955260 -0.288562 -0.064884 -0.955260 0.000000 -0.677805 0.735242 0.000000 -0.677805 -0.735242 0.058781 -0.679339 -0.731467 0.058781 -0.679339 0.731467 0.041140 -0.687333 -0.725177 0.041140 -0.687333 0.725177 0.024812 -0.697272 -0.716377 0.024812 -0.697272 0.716377 0.018251 -0.704359 -0.709609 0.018251 -0.704359 0.709609 0.057803 0.707677 0.704168 0.057803 0.707677 -0.704168 0.167763 0.698000 -0.696169 0.167763 0.698000 0.696169 -0.049350 0.704335 0.708150 -0.049349 0.704320 -0.708165 0.006836 -0.706816 -0.707365 0.006836 -0.706816 0.707365 0.020875 -0.700484 -0.713363 0.020875 -0.700484 0.713363 -0.121375 0.701513 0.702245 -0.121377 0.701497 -0.702260 -0.119269 0.714910 0.688969 -0.119269 0.714910 -0.688969 0.108618 -0.680795 -0.724376 0.108618 -0.680795 0.724376 0.246438 -0.643150 -0.725001 0.246438 -0.643150 0.725001 0.281419 0.644415 0.711008 0.281419 0.644415 -0.711008 0.769829 -0.142741 -0.622083 0.769842 -0.142737 0.622069 0.769842 -0.142737 0.622069 0.769829 -0.142741 -0.622083 -0.769815 -0.142738 0.622102 -0.281419 0.644415 0.711008 -0.281419 0.644415 -0.711008 -0.769842 -0.142737 -0.622069 -0.246409 -0.643155 0.725006 -0.769815 -0.142738 0.622102 -0.769842 -0.142737 -0.622069 -0.246409 -0.643155 -0.725006 0.119269 0.714910 -0.688969 0.119269 0.714910 0.688969 -0.108618 -0.680795 0.724376 -0.108618 -0.680795 -0.724376 -0.020875 -0.700484 0.713363 -0.020875 -0.700484 -0.713363 0.121377 0.701497 -0.702260 
						0.121375 0.701513 0.702245 0.049349 0.704320 -0.708165 0.049350 0.704335 0.708150 -0.006836 -0.706816 0.707365 -0.006836 -0.706816 -0.707365 -0.018251 -0.704359 0.709609 -0.018251 -0.704359 -0.709609 -0.057803 0.707677 -0.704168 -0.057803 0.707677 0.704168 -0.167763 0.698000 -0.696169 -0.167763 0.698000 0.696169 -0.024812 -0.697272 0.716377 -0.024812 -0.697272 -0.716377 -0.041140 -0.687333 0.725177 -0.041140 -0.687333 -0.725177 -0.058781 -0.679339 -0.731467 0.000000 -0.677805 -0.735242 0.000000 -0.677805 0.735242 -0.058781 -0.679339 0.731467 -0.425962 0.105079 -0.898618 -0.653628 0.097844 0.750465 -0.608495 -0.331989 -0.720775 -0.247538 -0.302960 -0.920294 -0.653628 0.097844 0.750465 -0.275043 0.097113 0.956515 -0.376488 -0.318898 0.869805 -0.608495 -0.331989 -0.720775 0.417040 0.097874 0.903603 0.247540 -0.302932 0.920302 0.665807 0.108252 -0.738229 0.608501 -0.331962 0.720783 0.665807 0.108252 -0.738229 0.277783 0.103734 -0.955027 0.376488 -0.318898 -0.869805 0.608501 -0.331962 0.720783 0.385245 0.034426 -0.922172 -0.397303 0.040194 -0.916807 0.998872 0.029572 0.037141 0.368919 0.032564 0.928891 0.998872 0.029572 0.037141 -0.363240 0.027284 0.931296 -0.999176 0.035708 0.019288 -0.999176 0.035708 0.019288 -0.397571 -0.005829 -0.917553 -0.999398 -0.004852 0.034364 -0.999398 -0.004852 0.034364 -0.365800 -0.005738 0.930676 0.365800 -0.005738 0.930676 0.999397 -0.004852 0.034395 0.999397 -0.004852 0.034395 0.397596 -0.005829 -0.917542 0.300310 -0.040163 -0.952996 -0.300282 -0.040164 -0.953004 0.998477 -0.050234 0.022797 0.285686 -0.035158 0.957678 0.998477 -0.050234 0.022797 -0.285686 -0.035158 0.957678 -0.998477 -0.050234 0.022797 -0.998477 -0.050234 0.022797 -0.362103 -0.053469 -0.930603 -0.997469 -0.070925 0.005066 -0.997469 -0.070925 0.005066 -0.359266 -0.047792 0.932011 0.359266 -0.047792 0.932011 
						0.997469 -0.070925 0.005066 0.997469 -0.070925 0.005066 0.362113 -0.053470 -0.930599 -0.282638 -0.459467 -0.842025 0.302872 -0.446160 -0.842146 0.497179 -0.859618 -0.117771 0.497179 -0.859618 -0.117771 0.282638 -0.459467 0.842025 -0.302872 -0.446160 0.842146 -0.497179 -0.859618 0.117771 -0.497179 -0.859618 0.117771 -0.990220 0.139380 0.006104 -0.339677 0.071109 -0.937850 -0.336564 0.090825 0.937270 -0.990220 0.139380 0.006104 0.339677 0.071109 0.937850 0.990220 0.139380 -0.006104 0.336564 0.090825 -0.937270 0.990220 0.139380 -0.006104 -0.316175 0.401933 -0.859350 0.314501 0.339282 -0.886553 0.911810 0.410569 0.005921 0.911810 0.410569 0.005921 0.316175 0.401933 0.859350 -0.314501 0.339282 0.886553 -0.911810 0.410569 -0.005921 -0.911810 0.410569 -0.005921 -0.568816 -0.391622 0.723243 -0.305829 -0.044222 -0.951059 0.305857 -0.044252 0.951049 0.568816 -0.391622 -0.723243 -0.243636 -0.256087 -0.935447 0.413869 -0.492180 0.765814 0.243634 -0.256116 0.935440 -0.413869 -0.492180 -0.765814 -0.960156 0.279218 -0.011719 0.960156 0.279218 0.011719 0.000000 0.937776 -0.347241 0.000000 0.937776 0.347241 0.000000 0.016541 -0.999863 -0.995681 0.092839 0.000000 0.995681 0.092839 0.000000 -0.995681 0.092839 0.000000 0.000000 0.016541 0.999863 0.995681 0.092839 0.000000 0.000000 0.008149 0.999967 0.998940 0.046022 0.000000 -0.998940 0.046022 0.000000 0.998940 0.046022 0.000000 0.000000 0.008149 -0.999967 -0.998940 0.046022 0.000000 0.000000 0.002350 -0.999997 -0.999912 0.013245 0.000000 0.999912 0.013245 0.000000 -0.999912 0.013245 0.000000 0.000000 0.002350 0.999997 0.999912 0.013245 0.000000 0.582922 -0.574102 0.574987 0.582922 -0.574102 -0.574987 0.582922 -0.574102 -0.574987 -0.418081 -0.404287 0.813487 0.582922 -0.574102 0.574987 0.582922 -0.574102 -0.574987 -0.418081 -0.404287 -0.813487 
						-0.418081 -0.404287 0.813487 -0.413593 0.305251 -0.857766 -0.413593 0.305251 0.857766 0.413593 0.305251 -0.857766 0.413593 0.305251 0.857766 0.413593 0.305251 0.857766 0.413593 0.305251 -0.857766 0.836286 0.293350 -0.463220 0.836286 0.293350 0.463220 -0.413593 0.305251 -0.857766 -0.413593 0.305251 0.857766 -0.836286 0.293350 0.463220 -0.836286 0.293350 -0.463220 0.000000 0.042452 -0.999099 -0.055179 0.038546 -0.997732 -0.580321 0.418478 -0.698644 0.000000 0.491692 -0.870769 -0.413593 0.305251 -0.857766 -0.836286 0.293350 -0.463220 0.413593 0.305251 -0.857766 0.055179 0.038546 -0.997732 0.580321 0.418478 -0.698644 0.836286 0.293350 -0.463220 -0.055179 0.038546 0.997732 0.000000 0.042452 0.999099 0.000000 0.491692 0.870769 -0.580321 0.418478 0.698644 -0.413593 0.305251 0.857766 -0.836286 0.293350 0.463220 0.055179 0.038546 0.997732 0.413593 0.305251 0.857766 0.836286 0.293350 0.463220 0.580321 0.418478 0.698644 0.000000 0.491692 -0.870769 0.000000 0.491692 0.870769 0.580321 0.418478 0.698644 0.580321 0.418478 -0.698644 -0.580321 0.418478 0.698644 -0.580321 0.418478 -0.698644 0.000000 0.491692 0.870769 0.000000 0.491692 -0.870769 0.000000 -0.046541 0.998916 0.000000 -0.048434 -0.998827 -0.997469 -0.070925 0.005066 -0.362103 -0.053469 -0.930603 -0.354877 -0.038210 -0.934132 -0.997405 -0.071995 0.000000 -0.359266 -0.047792 0.932011 -0.997469 -0.070925 0.005066 -0.997405 -0.071995 0.000000 -0.354877 -0.038210 0.934132 0.997469 -0.070925 0.005066 0.359266 -0.047792 0.932011 0.354877 -0.038210 0.934132 0.997405 -0.071995 0.000000 0.362113 -0.053470 -0.930599 0.997469 -0.070925 0.005066 0.997405 -0.071995 0.000000 0.354877 -0.038210 -0.934132 0.000000 -0.046541 0.998916 0.000000 -0.037020 0.999315 0.000000 -0.048434 -0.998827 0.000000 -0.037020 -0.999315 -0.277603 -0.511533 -0.813185 
						-0.638057 -0.769989 0.000000 -0.638057 -0.769989 0.000000 -0.277603 -0.511533 0.813185 0.277603 -0.511533 0.813185 0.638057 -0.769989 0.000000 0.638057 -0.769989 0.000000 0.277603 -0.511533 -0.813185 0.000000 -0.491656 0.870790 0.000000 -0.491656 -0.870790 -0.225356 -0.494111 -0.839684 -0.640289 -0.768134 0.000000 -0.640289 -0.768134 0.000000 -0.225356 -0.494111 0.839684 0.225356 -0.494111 0.839684 0.640289 -0.768134 0.000000 0.640289 -0.768134 0.000000 0.225356 -0.494111 -0.839684 0.000000 -0.468076 0.883688 0.000000 -0.468076 -0.883688 -0.253617 0.429623 -0.866662 -0.792009 0.610510 0.000000 -0.792009 0.610510 0.000000 -0.253617 0.429623 0.866662 0.253617 0.429623 0.866662 0.792020 0.610495 0.000000 0.792020 0.610495 0.000000 0.253617 0.429623 -0.866662 0.000000 0.464440 0.885604 0.000000 0.464440 -0.885604 -0.299241 0.435051 -0.849227 -0.833989 0.551781 0.000000 -0.833989 0.551781 0.000000 -0.299241 0.435051 0.849227 0.299241 0.435051 0.849227 0.834003 0.551760 0.000000 0.834003 0.551760 0.000000 0.299241 0.435051 -0.849227 0.000000 0.464440 0.885604 0.000000 0.464440 -0.885604 -0.332937 0.403437 -0.852286 -0.852589 0.522583 0.000000 -0.852589 0.522583 0.000000 -0.332937 0.403437 0.852286 0.332937 0.403437 0.852286 0.852589 0.522583 0.000000 0.852589 0.522583 0.000000 0.332937 0.403437 -0.852286 0.000000 0.402426 0.915453 0.000000 0.402426 -0.915453 -0.382096 0.442127 -0.811496 -0.832735 0.553671 0.000000 -0.832735 0.553671 0.000000 -0.382096 0.442127 0.811496 0.382096 0.442127 0.811496 0.832735 0.553671 0.000000 0.832735 0.553671 0.000000 0.382106 0.442138 -0.811486 0.000000 0.439837 0.898077 0.000000 0.439837 -0.898077 -0.421653 -0.247267 -0.872392 -0.933127 -0.359548 0.000000 -0.933127 -0.359548 0.000000 -0.421653 -0.247267 0.872392 0.421653 -0.247267 0.872392 
						0.933127 -0.359548 0.000000 0.933127 -0.359548 0.000000 0.421653 -0.247267 -0.872392 0.000000 -0.217964 0.975957 0.000000 -0.217964 -0.975957 -0.336752 -0.600563 -0.725205 -0.655086 -0.755554 0.000000 -0.655086 -0.755554 0.000000 -0.336752 -0.600563 0.725205 0.336752 -0.600563 0.725205 0.655086 -0.755554 0.000000 0.655086 -0.755554 0.000000 0.336752 -0.600563 -0.725205 0.000000 -0.540585 0.841290 0.000000 -0.540585 -0.841290 -0.243968 -0.761264 -0.600796 -0.478816 -0.877915 0.000000 -0.478816 -0.877915 0.000000 -0.243968 -0.761264 0.600796 0.243968 -0.761264 0.600796 0.478816 -0.877915 0.000000 0.478816 -0.877915 0.000000 0.243968 -0.761264 -0.600796 0.000000 -0.694670 0.719329 0.000000 -0.694670 -0.719329 0.000000 -1.000000 0.000000 0.000000 -1.000000 0.000000 0.288562 0.064884 0.955260 0.310659 -0.633983 0.708207 0.310659 -0.633983 -0.708207 0.288562 0.064884 -0.955260 -0.401422 0.579441 0.709301 -0.246138 0.855516 0.455531 -0.246138 0.855516 -0.455531 -0.314505 0.454010 -0.833644 0.288562 0.064884 -0.955260 -0.246138 0.855516 -0.455531 -0.246138 0.855516 0.455531 0.288562 0.064884 0.955260 -0.497122 0.501852 -0.707824 -0.497122 0.501852 0.707824 0.450100 -0.539369 0.711682 0.450100 -0.539369 -0.711682 0.578861 -0.402581 0.709118 0.578861 -0.402581 -0.709118 -0.497122 0.501852 -0.707824 -0.599615 0.363578 -0.712933 -0.599615 0.363578 0.712933 -0.497122 0.501852 0.707824 -0.688481 0.138282 -0.711950 -0.688481 0.138282 0.711950 0.669131 -0.204295 0.714512 0.522792 -0.159615 -0.837383 0.524322 0.113745 0.843889 0.674467 0.146307 -0.723663 -0.687873 -0.124549 -0.715065 -0.687873 -0.124549 0.715065 -0.631731 -0.315606 -0.708031 -0.631750 -0.315600 0.708017 0.524322 0.113745 0.843889 0.453001 0.516512 0.726639 0.453001 0.516512 -0.726639 0.674467 0.146307 -0.723663 0.100622 0.689152 0.717596 
						0.100622 0.689152 -0.717596 -0.406298 -0.366379 -0.837071 -0.519890 -0.468831 0.714081 -0.331189 -0.620323 -0.710994 -0.259261 -0.485593 0.834855 0.310379 0.552761 0.773383 0.310379 0.552761 -0.773383 0.682676 0.127325 0.719543 0.682676 0.127325 -0.719543 -0.123601 -0.691278 -0.711939 -0.123601 -0.691278 0.711939 0.058687 -0.703059 -0.708705 0.058687 -0.703059 0.708705 0.682676 0.127325 0.719543 0.666941 -0.207135 0.715741 0.666941 -0.207135 -0.715741 0.682676 0.127325 -0.719543 0.637652 -0.619035 0.458470 0.499355 -0.484766 -0.718085 0.318074 -0.832572 -0.453489 0.318074 -0.832572 0.453489 0.637652 -0.619035 0.458470 0.499355 -0.484766 -0.718085 -0.318074 -0.832572 -0.453489 -0.318074 -0.832572 0.453489 -0.637670 -0.619023 0.458461 -0.499355 -0.484766 -0.718085 -0.318074 -0.832572 0.453489 -0.318074 -0.832572 -0.453489 -0.058687 -0.703059 -0.708705 -0.058687 -0.703059 0.708705 -0.666941 -0.207135 0.715741 -0.666941 -0.207135 -0.715741 -0.682676 0.127325 0.719543 -0.682676 0.127325 -0.719543 0.123601 -0.691278 -0.711939 0.123601 -0.691278 0.711939 0.331189 -0.620323 -0.710994 0.259261 -0.485593 0.834855 -0.310379 0.552761 0.773383 -0.310379 0.552761 -0.773383 -0.310379 0.552761 -0.773383 -0.310379 0.552761 0.773383 -0.100622 0.689152 0.717596 -0.100622 0.689152 -0.717596 0.406298 -0.366379 -0.837071 0.519890 -0.468831 0.714081 0.631750 -0.315600 -0.708017 0.631750 -0.315600 0.708017 -0.453001 0.516512 0.726639 -0.453001 0.516512 -0.726639 -0.524322 0.113745 0.843889 -0.674467 0.146307 -0.723663 0.687873 -0.124549 -0.715065 0.687873 -0.124549 0.715065 0.688481 0.138282 -0.711950 0.688481 0.138282 0.711950 -0.674467 0.146307 -0.723663 -0.524322 0.113745 0.843889 -0.669131 -0.204295 0.714512 -0.522792 -0.159615 -0.837383 -0.578861 -0.402581 0.709118 -0.578861 -0.402581 -0.709118 0.599602 0.363570 -0.712948 
						0.599615 0.363578 0.712933 0.497122 0.501852 -0.707824 0.497122 0.501852 0.707824 -0.450100 -0.539369 0.711682 -0.450100 -0.539369 -0.711682 -0.245955 -0.657018 0.712624 -0.245955 -0.657018 -0.712624 0.314505 0.454010 -0.833644 0.401422 0.579441 0.709301 -0.134711 0.015321 -0.990767 -0.134711 0.015321 0.990767 0.237044 0.857625 0.456387 0.237044 0.857625 -0.456387 0.237044 0.857625 -0.456387 0.237044 0.857625 0.456387 0.401422 0.579441 0.709301 0.314505 0.454010 -0.833644 -0.134711 0.015321 0.990767 -0.134711 0.015321 -0.990767 -0.245955 -0.657018 0.712624 0.401422 0.579441 0.709301 0.237044 0.857625 0.456387 -0.134711 0.015321 0.990767 -0.450100 -0.539369 0.711682 0.497122 0.501852 0.707824 -0.578861 -0.402581 0.709118 0.599615 0.363578 0.712933 -0.669131 -0.204295 0.714512 0.688481 0.138282 0.711950 -0.524322 0.113745 0.843889 0.687873 -0.124549 0.715065 0.519890 -0.468831 0.714081 0.631750 -0.315600 0.708017 -0.453001 0.516512 0.726639 0.259261 -0.485593 0.834855 -0.100622 0.689152 0.717596 -0.682676 0.127325 0.719543 0.123601 -0.691278 0.711939 -0.310379 0.552761 0.773383 -0.666941 -0.207135 0.715741 -0.058687 -0.703059 0.708705 -0.637670 -0.619023 0.458461 -0.318074 -0.832572 0.453489 0.058687 -0.703059 0.708705 0.318074 -0.832572 0.453489 0.637652 -0.619035 0.458470 0.666941 -0.207135 0.715741 -0.123601 -0.691278 0.711939 0.682676 0.127325 0.719543 -0.259261 -0.485593 0.834855 0.310379 0.552761 0.773383 0.453001 0.516512 0.726639 -0.519890 -0.468831 0.714081 0.100622 0.689152 0.717596 0.524322 0.113745 0.843889 -0.631750 -0.315600 0.708017 -0.688481 0.138282 0.711950 -0.687873 -0.124549 0.715065 0.669131 -0.204295 0.714512 -0.599615 0.363578 0.712933 0.578861 -0.402581 0.709118 -0.497122 0.501852 0.707824 0.450100 -0.539369 0.711682 -0.401422 0.579441 0.709301 
						0.310659 -0.633983 0.708207 -0.246138 0.855516 0.455531 0.288562 0.064884 0.955260 0.237044 0.857625 -0.456387 0.314505 0.454010 -0.833644 -0.245955 -0.657018 -0.712624 -0.134711 0.015321 -0.990767 -0.578861 -0.402581 -0.709118 -0.450100 -0.539369 -0.711682 0.497122 0.501852 -0.707824 -0.522792 -0.159615 -0.837383 0.599602 0.363570 -0.712948 0.687873 -0.124549 -0.715065 -0.674467 0.146307 -0.723663 0.688481 0.138282 -0.711950 0.631750 -0.315600 -0.708017 -0.453001 0.516512 -0.726639 0.406298 -0.366379 -0.837071 -0.100622 0.689152 -0.717596 -0.682676 0.127325 -0.719543 -0.310379 0.552761 -0.773383 0.331189 -0.620323 -0.710994 -0.666941 -0.207135 -0.715741 0.123601 -0.691278 -0.711939 -0.499355 -0.484766 -0.718085 -0.058687 -0.703059 -0.708705 -0.123601 -0.691278 -0.711939 0.666941 -0.207135 -0.715741 0.499355 -0.484766 -0.718085 0.058687 -0.703059 -0.708705 -0.331189 -0.620323 -0.710994 0.682676 0.127325 -0.719543 -0.406298 -0.366379 -0.837071 0.310379 0.552761 -0.773383 0.453001 0.516512 -0.726639 0.100622 0.689152 -0.717596 -0.631731 -0.315606 -0.708031 0.674467 0.146307 -0.723663 -0.687873 -0.124549 -0.715065 0.522792 -0.159615 -0.837383 -0.688481 0.138282 -0.711950 -0.497122 0.501852 -0.707824 0.578861 -0.402581 -0.709118 -0.599615 0.363578 -0.712933 -0.314505 0.454010 -0.833644 0.450100 -0.539369 -0.711682 0.310659 -0.633983 -0.708207 -0.246138 0.855516 -0.455531 0.288562 0.064884 -0.955260 -0.318074 -0.832572 -0.453489 0.318074 -0.832572 -0.453489 
					</float_array>
					<technique_common>
						<accessor count="883" offset="0" source="#meshId0-normals-array" stride="3">
							<param name="X" type="float" />
							<param name="Y" type="float" />
							<param name="Z" type="float" />
						</accessor>
					</technique_common>
				</source>
				<source id="meshId0-tangents" name="meshId0-tangents">
					<float_array id="meshId0-tangents-array" count="2649"> 
						-0.954063 -0.108504 0.279267 -0.963910 0.084824 0.252353 -0.636265 0.094672 0.765640 0.954063 -0.108502 0.279269 0.636313 0.094664 0.765601 0.963902 0.084845 0.252376 -0.949264 -0.150410 -0.276180 -0.950529 -0.207191 0.231446 -0.892991 -0.271852 0.358696 -0.800315 -0.272391 -0.534134 -0.852473 -0.097882 0.513526 -0.725281 -0.131260 -0.675825 -0.913745 0.162908 -0.372198 -0.994925 0.069692 0.072574 -0.950616 0.180475 0.252502 -0.998277 -0.041334 0.041661 -0.866410 -0.279386 0.413856 -0.948073 -0.279313 0.152127 0.998276 -0.041335 0.041660 0.948073 -0.279311 0.152130 0.866410 -0.279387 0.413856 0.913745 0.162908 -0.372198 0.950616 0.180474 0.252503 0.994925 0.069690 0.072575 0.800305 -0.272387 -0.534151 0.725281 -0.131259 -0.675825 0.852473 -0.097882 0.513526 0.949264 -0.150411 -0.276180 0.892991 -0.271853 0.358696 0.969284 -0.166711 0.180819 -0.962857 0.077229 -0.258733 -0.952822 -0.099821 -0.286647 -0.636304 0.094661 -0.765609 0.962849 0.077250 -0.258756 0.636265 0.094671 -0.765640 0.952822 -0.099822 -0.286646 -0.851537 0.070041 -0.519595 -0.725862 0.118032 0.677638 -0.775199 0.257193 0.576990 -0.994925 0.069690 -0.072575 -0.965811 0.130349 0.224095 -0.950616 0.180474 -0.252502 0.994925 0.069691 -0.072575 0.950616 0.180474 -0.252502 0.965811 0.130349 0.224095 0.851537 0.070041 -0.519595 0.775200 0.257192 0.576990 0.725862 0.118031 0.677638 -0.784420 0.006048 -0.620201 -0.963650 0.033099 -0.265110 -0.944011 0.127188 -0.304410 -0.777859 -0.029511 -0.627745 -0.963298 -0.048840 -0.263954 -0.941018 -0.140368 -0.307868 -0.866386 0.471210 0.165338 -0.999101 0.041829 -0.006960 -0.141426 -0.521457 -0.841476 -0.866751 -0.470251 0.166152 -0.998933 -0.045552 -0.007579 -0.141425 0.521455 -0.841477 1.000000 0.000000 0.000000 -0.917947 -0.137751 0.372020 -0.917948 0.137750 0.372018 -0.999429 0.000378 0.033799 
						-0.908416 0.184860 0.374976 -0.674024 -0.222763 0.704321 -0.999802 -0.002684 0.019735 -0.620215 -0.047105 -0.783016 -0.908416 0.184860 -0.374976 -0.678844 0.220279 0.700463 -0.577483 0.257760 0.774644 -0.965284 0.038069 -0.258415 0.455485 -0.237670 -0.857931 -0.623905 0.046045 -0.780143 -0.965284 -0.038068 -0.258415 0.455477 0.237692 -0.857930 -0.577483 -0.257763 0.774643 0.615105 0.184529 -0.766547 -0.619187 -0.048592 -0.783739 0.481053 0.169137 -0.860221 0.610768 -0.181778 -0.770661 -0.615428 0.048523 -0.786698 0.481052 -0.169139 -0.860221 -1.000000 -0.000000 -0.000000 -0.306517 -0.834533 0.457823 -1.000000 0.000000 -0.000002 -0.306515 0.834530 -0.457830 -0.306517 -0.834533 -0.457823 -1.000000 -0.000000 0.000000 -1.000000 0.000000 0.000002 -0.306515 0.834530 0.457830 -0.998381 -0.041823 0.038561 -0.996657 -0.001708 0.081678 -0.998451 0.005004 0.055413 -0.999967 0.008176 0.000350 -0.998288 -0.001922 0.058457 -0.910189 -0.115348 0.397808 -0.999309 -0.002548 0.037092 -0.985475 -0.099848 0.137362 -0.999628 -0.001525 0.027224 -0.998120 -0.026571 0.055228 -0.999950 -0.000309 0.009973 -0.998767 0.038645 -0.031162 -0.999586 0.000476 0.028783 -0.991481 0.119374 -0.052100 -0.992481 0.032904 0.117892 -0.986497 0.163777 -0.000817 0.992481 0.032905 0.117891 0.986497 0.163779 -0.000815 0.999586 0.000476 0.028783 0.991481 0.119374 -0.052101 0.999950 -0.000309 0.009973 0.998767 0.038645 -0.031162 0.999628 -0.001525 0.027224 0.998120 -0.026571 0.055228 0.999309 -0.002548 0.037092 0.985475 -0.099848 0.137363 0.998288 -0.001922 0.058457 0.910189 -0.115347 0.397808 0.996657 -0.001707 0.081678 0.998451 0.005004 0.055413 0.998381 -0.041823 0.038561 0.999967 0.008176 0.000350 -0.969238 -0.217249 -0.115676 -0.957467 0.019552 0.287880 -0.815450 -0.285773 0.503364 -0.867687 -0.287520 -0.405526 -0.738319 0.133658 0.661075 
						-0.725862 0.118033 -0.677638 -0.891525 0.262434 0.369203 -0.775234 0.257178 -0.576950 -0.730735 0.118955 0.672217 -0.943566 0.217731 -0.249553 -0.745146 -0.185390 0.640615 -0.992332 0.086105 -0.088672 0.745146 -0.185392 0.640615 0.992332 0.086105 -0.088672 0.730735 0.118954 0.672217 0.943566 0.217731 -0.249553 0.891525 0.262437 0.369201 0.775200 0.257195 -0.576989 0.738319 0.133657 0.661075 0.725862 0.118033 -0.677638 0.815450 -0.285773 0.503364 0.867687 -0.287519 -0.405526 0.971502 -0.209248 -0.111350 0.990886 0.002082 0.134691 -0.998381 -0.041824 -0.038562 -0.999967 0.008173 -0.000349 -0.998454 0.004593 -0.055397 -0.996276 -0.006379 -0.085987 -0.910218 -0.116586 -0.397381 -0.998238 -0.002779 -0.059266 -0.985642 -0.105015 -0.132221 -0.999403 0.000060 -0.034557 -0.998193 -0.029379 -0.052411 -0.999705 0.001478 -0.024245 -0.998761 0.039339 0.030469 -0.999957 0.000379 -0.009286 -0.992296 0.103478 0.068127 -0.999782 0.014078 -0.015431 -0.987596 0.156799 0.008248 -0.992088 0.028082 -0.122365 0.987596 0.156800 0.008248 0.992088 0.028083 -0.122364 0.992296 0.103478 0.068127 0.999782 0.014078 -0.015431 0.998761 0.039339 0.030469 0.999957 0.000379 -0.009285 0.998193 -0.029379 -0.052411 0.999705 0.001478 -0.024245 0.985642 -0.105016 -0.132220 0.999403 0.000060 -0.034557 0.910218 -0.116585 -0.397381 0.998238 -0.002778 -0.059265 0.998454 0.004593 -0.055397 0.996276 -0.006379 -0.085986 0.999967 0.008173 -0.000349 0.998381 -0.041824 -0.038562 -0.969238 -0.217249 0.115675 -0.915904 -0.253947 0.310856 -0.950529 -0.207192 -0.231445 -0.957467 0.019551 -0.287880 -0.867687 -0.287522 0.405524 -0.892991 -0.271852 -0.358696 -0.800315 -0.272392 0.534133 -0.815450 -0.285773 -0.503364 -0.725281 -0.131262 0.675824 -0.743167 -0.183940 -0.643327 -0.854242 0.285324 0.434582 -0.891525 0.262443 -0.369197 -0.992332 0.086106 0.088671 
						-0.730735 0.118957 -0.672217 -0.998276 -0.041334 -0.041661 -0.745146 -0.185396 -0.640613 -0.948073 -0.279311 -0.152129 -0.770373 -0.512378 -0.379467 0.770337 -0.512408 -0.379498 0.948073 -0.279310 -0.152131 0.998276 -0.041335 -0.041660 0.745146 -0.185393 -0.640614 0.992332 0.086106 0.088671 0.730735 0.118956 -0.672217 0.854242 0.285324 0.434582 0.891525 0.262439 -0.369200 0.725281 -0.131262 0.675824 0.743167 -0.183940 -0.643327 0.800315 -0.272392 0.534133 0.815450 -0.285773 -0.503364 0.867687 -0.287522 0.405524 0.892991 -0.271852 -0.358696 0.915904 -0.253947 0.310856 0.969284 -0.166711 -0.180818 0.971502 -0.209248 0.111350 0.990886 0.002081 -0.134691 -0.249827 -0.667361 -0.701581 0.249828 0.667361 -0.701581 0.984393 -0.111954 -0.135779 -0.984393 0.111954 -0.135779 0.121578 0.439868 -0.889795 -0.121577 -0.439868 -0.889795 -0.403901 -0.583021 -0.704947 0.474678 0.685231 -0.552395 -0.984394 0.111954 -0.135779 0.984394 -0.111954 -0.135779 -0.121577 -0.439868 -0.889795 0.121579 0.439868 -0.889795 -0.498103 -0.502877 -0.706405 0.498145 0.502836 -0.706405 0.474687 0.685224 -0.552395 -0.403901 -0.583021 -0.704947 -0.455951 -0.546389 -0.702544 0.455959 0.546383 -0.702544 -0.582136 -0.404855 -0.705131 0.582132 0.404861 -0.705131 -0.609569 -0.369649 -0.701274 0.609642 0.369617 -0.701228 -0.697980 -0.140203 -0.702259 0.697985 0.140179 -0.702259 -0.800856 -0.244511 -0.546667 0.683346 0.208635 -0.699649 -0.707199 0.153407 -0.690171 0.824663 -0.178902 -0.536586 -0.703593 0.127388 -0.699092 0.703590 -0.127403 -0.699092 -0.633352 0.316388 -0.706232 0.633342 -0.316408 -0.706232 -0.479089 0.546267 -0.687070 0.479097 -0.546261 -0.687070 0.824664 -0.178900 -0.536586 -0.707199 0.153407 -0.690171 -0.103672 0.710039 -0.696489 0.103665 -0.710040 -0.696489 -0.530290 0.478204 -0.700082 0.621633 -0.560561 -0.547123 -0.393183 0.736423 -0.550535 
						0.334856 -0.627193 -0.703207 -0.378640 0.674323 -0.633972 0.378638 -0.674325 -0.633972 -0.707329 0.131925 -0.694465 0.707330 -0.131922 -0.694465 0.378643 -0.674322 -0.633972 -0.378637 0.674325 -0.633971 -0.125307 0.700818 -0.702248 0.125306 -0.700818 -0.702248 0.058953 0.706240 -0.705514 -0.058953 -0.706240 -0.705514 -0.683491 -0.212286 -0.698409 0.683497 0.212265 -0.698409 -0.515204 -0.500168 -0.695987 0.328941 0.319315 -0.888727 0.161831 0.423599 -0.891277 -0.161831 -0.423599 -0.891277 -0.161828 -0.423600 -0.891277 0.161831 0.423599 -0.891277 0.328927 -0.319317 0.888732 0.161841 -0.423595 0.891277 -0.161822 0.423603 0.891277 -0.515211 0.500160 0.695987 -0.058942 0.706241 0.705514 0.058963 -0.706239 0.705514 0.683495 -0.212272 0.698409 0.328924 -0.319320 0.888732 -0.515207 0.500164 0.695987 -0.683494 0.212275 0.698409 0.707332 0.131908 0.694465 -0.707324 -0.131953 0.694465 0.125321 0.700815 0.702248 -0.125293 -0.700821 0.702248 0.334859 0.627191 0.703207 -0.393182 -0.736423 0.550535 -0.378639 -0.674324 -0.633972 -0.707330 -0.131921 -0.694464 0.707330 0.131924 -0.694465 0.378637 0.674325 -0.633972 -0.103677 -0.710038 -0.696489 0.103671 0.710039 -0.696489 0.621635 0.560559 0.547123 -0.530286 -0.478208 0.700082 0.633330 0.316402 0.706246 -0.633345 -0.316402 0.706232 -0.479084 -0.546272 -0.687070 0.479102 0.546256 -0.687070 -0.824660 -0.178917 -0.536586 0.707199 0.153408 -0.690171 0.703592 0.127394 0.699092 -0.703592 -0.127392 0.699092 0.697989 -0.140157 0.702259 -0.697976 0.140222 0.702259 -0.683334 0.208675 -0.699650 -0.824663 -0.178901 -0.536586 0.707189 0.153453 -0.690171 0.800879 -0.244435 -0.546667 -0.582136 0.404856 -0.705131 0.582131 -0.404863 -0.705131 0.609593 -0.369609 0.701274 -0.609581 0.369629 0.701274 0.498124 -0.502856 0.706405 -0.498120 0.502860 0.706405 -0.455956 0.546385 -0.702544 
						0.455956 -0.546385 -0.702544 -0.311603 0.635917 -0.706055 0.311609 -0.635914 -0.706055 0.474684 -0.685226 0.552395 0.498120 -0.502860 0.706405 -0.498119 0.502861 0.706405 -0.403896 0.583025 0.704947 0.931930 0.209549 -0.295966 -0.125945 0.437750 -0.890232 0.125943 -0.437751 -0.890232 -0.931930 -0.209549 -0.295966 -0.125943 0.437751 0.890232 0.125947 -0.437750 0.890232 -0.931930 -0.209549 -0.295966 0.931930 0.209549 -0.295966 0.000000 -0.735201 -0.677849 0.000000 0.735201 -0.677849 -0.063051 0.728685 -0.681941 0.063051 -0.728685 -0.681941 -0.043325 0.723828 -0.688619 0.043325 -0.723828 -0.688619 -0.025475 0.715892 -0.697746 0.025475 -0.715892 -0.697746 -0.018379 0.709325 -0.704642 0.018379 -0.709325 -0.704642 0.057312 0.701803 -0.710062 -0.057335 -0.701802 -0.710061 -0.162686 -0.676870 -0.717900 0.162685 0.676870 -0.717900 -0.049494 0.706360 -0.706120 0.049495 -0.706406 -0.706074 -0.006841 0.707318 -0.706862 0.006841 -0.707318 -0.706862 -0.021248 0.713000 -0.700842 0.021248 -0.713000 -0.700842 -0.119718 0.691936 -0.711963 0.119720 -0.691921 -0.711978 -0.113371 0.679550 -0.724817 0.113368 -0.679550 -0.724817 -0.114122 0.715291 -0.689446 0.114122 -0.715291 -0.689445 -0.259407 0.676997 -0.688755 0.259407 -0.676997 -0.688755 0.284541 0.651549 -0.703221 -0.284529 -0.651554 -0.703221 -0.611609 0.113404 -0.782990 0.611624 -0.113402 -0.782979 0.611624 -0.113403 -0.782979 -0.611609 0.113404 -0.782990 -0.611651 -0.113410 -0.782956 -0.284598 0.651524 -0.703221 0.284465 -0.651583 -0.703221 0.611624 0.113405 -0.782979 -0.259378 -0.677002 -0.688760 -0.611652 -0.113409 -0.782956 0.611624 0.113404 -0.782979 0.259377 0.677003 -0.688761 -0.113371 -0.679550 -0.724817 0.113370 0.679550 -0.724817 -0.114122 -0.715291 -0.689446 0.114122 0.715291 -0.689446 -0.021248 -0.713000 -0.700842 0.021248 0.713000 -0.700842 -0.119720 -0.691921 -0.711978 
						0.119718 0.691936 -0.711963 -0.049495 -0.706406 -0.706074 0.049493 0.706360 -0.706120 -0.006841 -0.707318 -0.706862 0.006841 0.707318 -0.706862 -0.018379 -0.709325 -0.704642 0.018379 0.709325 -0.704642 0.057323 -0.701803 -0.710062 -0.057324 0.701802 -0.710062 0.162684 -0.676871 -0.717900 -0.162686 0.676870 -0.717900 -0.025477 -0.715892 -0.697746 0.025472 0.715892 -0.697746 -0.043325 -0.723828 -0.688619 0.043325 0.723828 -0.688619 0.063051 0.728685 -0.681941 0.000000 0.735201 -0.677849 0.000000 -0.735201 -0.677849 -0.063051 -0.728685 -0.681941 -0.904006 -0.009322 0.427419 -0.671426 -0.532850 -0.515033 -0.755855 -0.034164 0.653847 -0.964923 -0.008648 0.262389 -0.754104 -0.000329 -0.656755 -0.960779 0.008862 -0.277175 -0.918830 0.008564 -0.394561 -0.539184 0.839408 0.068367 -0.908245 0.007478 0.418371 -0.964923 0.008648 0.262390 -0.627263 0.617298 -0.474852 -0.760462 0.015621 0.649194 -0.742659 0.000903 -0.669669 -0.959928 -0.008376 -0.280120 -0.921093 -0.028267 -0.388316 -0.539215 -0.839388 0.068367 -0.922711 -0.000566 -0.385493 -0.917539 0.000536 0.397645 0.036280 0.029052 -0.998919 -0.929383 -0.000040 0.369116 -0.038008 0.029220 0.998850 -0.931642 0.000073 -0.363378 -0.020635 -0.035977 -0.999140 0.017978 -0.035004 0.999225 -0.917525 0.012606 0.397479 0.034326 0.004745 0.999399 -0.034502 0.027805 -0.999018 -0.930691 -0.000043 -0.365807 -0.930641 -0.012864 0.365707 -0.034431 -0.004750 0.999396 0.034236 -0.027331 -0.999040 -0.917557 0.000048 -0.397603 -0.944521 -0.151841 -0.291245 -0.936732 0.200845 0.286696 0.012518 -0.196009 -0.980522 -0.944014 -0.182368 0.274916 -0.031878 -0.187981 0.981655 -0.950738 0.135883 -0.278628 -0.032182 0.194601 -0.980354 0.013081 0.185755 0.982509 -0.931891 -0.002212 0.362731 -0.002234 0.102393 0.994742 -0.012299 0.101839 -0.994725 -0.932950 -0.006277 -0.359952 -0.933012 0.003432 0.359829 
						-0.012217 -0.100687 0.994843 -0.002353 -0.104059 -0.994568 -0.931778 0.006736 -0.362967 -0.932155 -0.075510 0.354098 -0.929427 0.057168 -0.364551 -0.632652 -0.266272 -0.727221 -0.578936 -0.429768 0.692917 -0.940201 0.041261 0.338110 -0.913507 -0.115927 -0.389956 -0.597292 0.240635 -0.765074 -0.543661 0.414425 0.729852 -0.059551 -0.461580 0.885097 -0.935732 -0.126264 0.329337 -0.936776 -0.133535 -0.323448 -0.070530 -0.462110 -0.884013 -0.940216 0.051920 0.336598 -0.037794 0.309839 0.950038 -0.941062 0.067904 -0.331347 -0.046496 0.288172 -0.956449 -0.948219 -0.105012 0.299755 -0.947728 0.059215 -0.313538 -0.227943 0.518072 -0.824405 -0.240293 0.521806 0.818521 -0.945429 0.058327 0.320564 -0.948833 -0.084401 -0.304291 -0.277989 -0.627817 -0.727027 -0.278988 -0.608840 0.742616 -0.684416 0.713071 -0.152002 -0.949564 -0.058497 0.308068 -0.950698 0.039571 0.307585 -0.683403 -0.714360 -0.150502 -0.964158 -0.040543 0.262215 -0.883467 -0.014277 0.468275 -0.963896 0.042921 0.262798 -0.883468 0.014278 0.468274 -0.155130 -0.497447 0.853511 -0.155129 0.497445 0.853512 1.000000 0.000000 0.000000 1.000000 0.000000 0.000000 -1.000000 0.000000 0.000000 -0.043183 -0.461542 0.886067 -0.043183 0.461542 -0.886067 -0.043183 -0.461544 -0.886066 -1.000000 -0.000000 0.000000 -0.043183 0.461544 0.886066 -1.000000 -0.000000 -0.000000 -0.011647 0.250769 0.967977 -0.011647 -0.250770 -0.967977 -0.011647 0.250769 -0.967977 -1.000000 -0.000000 -0.000000 -0.011647 -0.250770 0.967977 -0.999968 -0.007947 -0.000019 -0.000980 -0.070727 0.997495 -0.001029 0.074424 -0.997226 -0.001029 -0.074425 -0.997226 -0.999968 0.007948 -0.000019 -0.000980 0.070724 0.997496 -0.812553 -0.410523 0.413798 -0.812553 -0.410522 -0.413798 1.000000 0.000000 0.000000 1.000000 0.000000 0.000000 0.409639 -0.403441 -0.818188 -0.409639 0.403441 -0.818188 0.584766 0.565471 -0.581628 
						-0.584766 -0.565471 -0.581628 0.690126 -0.509357 -0.514083 -0.690139 0.509340 -0.514083 -0.690127 -0.509355 -0.514083 0.690138 0.509341 -0.514083 -0.690133 -0.509347 0.514083 0.690130 0.509351 0.514083 0.437091 0.153318 0.886254 -0.437088 -0.153325 0.886254 -0.690129 0.509353 0.514083 0.690134 -0.509346 0.514083 0.437091 -0.153318 0.886254 -0.437088 0.153325 0.886254 -0.998647 0.051960 0.002208 -0.998341 0.014360 0.055766 -0.771212 -0.006687 0.636544 -0.999952 0.008495 0.004796 -0.896471 -0.301081 0.325099 -0.544125 -0.339324 0.767324 -0.910262 0.118656 -0.396665 -0.995069 -0.080367 -0.058135 -0.772900 0.012602 -0.634403 -0.543841 0.335637 -0.769146 -0.998373 -0.016505 -0.054575 -0.998879 0.047299 -0.002010 -0.999955 0.008298 -0.004685 -0.773678 -0.015370 -0.633392 -0.902505 -0.261768 -0.341998 -0.524965 -0.184214 -0.830950 -0.994564 -0.086253 0.058334 -0.910354 0.123800 0.394878 -0.545537 0.359697 0.756973 -0.779244 0.035949 0.625689 0.000001 0.870739 0.491745 0.000000 -0.870739 0.491745 -0.566647 -0.408626 0.715497 0.566655 0.408614 0.715497 0.566647 -0.408626 0.715497 -0.566654 0.408616 0.715497 0.000000 -0.870739 0.491745 -0.000001 0.870739 0.491745 -1.000000 0.000000 -0.000000 -1.000000 0.000000 -0.000000 -0.000484 -0.064396 -0.997924 0.909094 0.200359 -0.365245 0.934775 0.002622 -0.355230 0.008100 -0.110945 -0.993794 0.893431 0.270945 0.358287 0.007898 -0.039633 0.999183 0.007723 -0.105724 0.994366 0.934540 0.013717 0.355594 0.021806 0.237227 -0.971210 0.929974 -0.065090 -0.361818 0.934881 0.006329 -0.354904 0.008100 0.110944 -0.993794 0.924323 -0.108399 0.365893 0.017604 0.315281 0.948835 0.009112 0.124972 0.992118 0.934694 -0.007101 0.355382 0.998433 0.055895 0.002604 0.999976 -0.006930 -0.000257 0.995987 0.089388 -0.004334 0.999893 0.014636 -0.000542 0.944073 0.011522 -0.329535 
						0.627105 -0.519638 -0.580272 0.624992 -0.517887 0.584105 0.943251 0.015446 0.331722 0.944073 -0.011522 -0.329535 0.627105 0.519638 -0.580273 0.624989 0.517884 0.584110 0.943250 -0.015448 0.331723 0.999909 -0.011772 -0.006647 0.999909 0.011772 -0.006647 0.969838 -0.031582 -0.241698 0.625091 -0.521024 -0.581202 0.625092 -0.521024 0.581200 0.967285 -0.010400 0.253481 0.969838 0.031582 -0.241698 0.625090 0.521022 -0.581204 0.625089 0.521022 0.581206 0.967284 0.010399 0.253481 0.999891 -0.013060 -0.006919 0.999891 0.013060 -0.006919 0.961455 0.013571 -0.274627 0.402162 0.521640 -0.752434 0.454145 0.589067 0.668396 0.959215 -0.003929 0.282650 0.961455 -0.013571 -0.274627 0.402112 -0.521664 -0.752445 0.454089 -0.589093 0.668411 0.959215 0.003930 0.282650 1.000000 -0.000000 0.000000 1.000000 0.000000 0.000000 0.945537 0.015692 -0.325136 0.311409 0.470643 -0.825542 0.326846 0.493973 0.805706 0.943527 0.002304 0.331288 0.945537 -0.015690 -0.325137 0.311410 -0.470619 -0.825556 0.326848 -0.493949 0.805720 0.943526 -0.002302 0.331289 1.000000 -0.000000 0.000000 1.000000 0.000000 0.000000 0.932819 0.008778 -0.360239 0.268198 0.437475 -0.858304 0.284049 0.463330 0.839429 0.933695 0.014724 0.357766 0.932818 -0.008776 -0.360240 0.268196 -0.437472 -0.858306 0.284046 -0.463326 0.839433 0.933695 -0.014723 0.357766 0.999944 -0.009693 0.004262 0.999944 0.009693 0.004262 0.903844 -0.004155 -0.427842 0.277515 0.417366 -0.865327 0.283857 0.426904 0.858591 0.904123 -0.002852 0.427264 0.903844 0.004156 -0.427843 0.277514 -0.417364 -0.865329 0.283854 -0.426899 0.858595 0.904117 0.002848 0.427275 0.999953 -0.008731 0.004277 0.999953 0.008731 0.004277 0.899496 0.007448 -0.436866 0.126622 -0.328493 -0.935980 0.126622 -0.328494 0.935980 0.899496 0.007448 0.436866 0.899496 -0.007448 -0.436866 
						0.134462 0.348839 -0.927486 0.126621 0.328489 0.935982 0.901435 0.010226 0.432794 1.000000 0.000000 0.000000 1.000000 -0.000000 0.000000 0.903702 0.010144 -0.428041 0.468522 -0.406208 -0.784527 0.468522 -0.406208 0.784527 0.903073 0.012040 0.429319 0.919698 0.044667 -0.390077 0.557589 0.483433 -0.674823 0.544171 0.471799 0.693746 0.924136 0.063185 0.376803 0.999996 -0.002395 -0.001539 0.999996 0.002395 -0.001539 0.924893 0.003656 -0.380209 0.593853 -0.323869 -0.736510 0.593853 -0.323869 0.736511 0.920733 0.012704 0.389985 0.931609 0.011866 -0.363268 0.593843 0.323863 -0.736521 0.624659 0.340672 0.702669 0.920731 -0.012709 0.389991 0.999938 -0.008003 -0.007729 0.999938 0.008003 -0.007729 1.000000 0.000000 0.000001 1.000000 0.000000 -0.000001 0.931930 0.209549 -0.295966 0.311607 -0.635915 -0.706055 -0.311606 0.635916 -0.706055 -0.931930 -0.209549 -0.295966 0.403894 -0.583026 0.704947 0.125943 -0.437751 0.890232 -0.125948 0.437749 0.890232 -0.474687 0.685224 0.552395 -0.931930 -0.209549 -0.295966 0.125945 -0.437750 -0.890232 -0.125943 0.437751 -0.890232 0.931930 0.209549 -0.295966 -0.498120 0.502860 0.706405 0.498118 -0.502862 0.706405 0.455960 -0.546381 -0.702544 -0.455951 0.546389 -0.702544 0.582137 -0.404854 -0.705131 -0.582130 0.404865 -0.705131 -0.498122 0.502858 0.706405 -0.609591 0.369612 0.701274 0.609583 -0.369626 0.701274 0.498120 -0.502860 0.706405 -0.697989 0.140157 0.702259 0.697976 -0.140222 0.702259 0.683334 -0.208675 -0.699649 -0.800879 0.244435 -0.546667 0.824664 0.178898 -0.536586 -0.707189 -0.153455 -0.690171 -0.703592 -0.127393 0.699092 0.703592 0.127392 0.699092 -0.633331 -0.316400 0.706246 0.633345 0.316403 0.706232 0.824660 0.178916 -0.536586 0.479085 0.546271 -0.687070 -0.479100 -0.546258 -0.687070 -0.707198 -0.153411 -0.690171 0.103680 0.710037 -0.696489 
						-0.103669 -0.710039 -0.696489 -0.621634 -0.560559 0.547123 0.530285 0.478209 0.700082 -0.334859 -0.627192 0.703207 0.393182 0.736423 0.550535 0.378637 0.674325 -0.633972 -0.378639 -0.674324 -0.633972 0.707330 0.131920 -0.694465 -0.707330 -0.131920 -0.694465 -0.125319 -0.700816 0.702248 0.125296 0.700820 0.702248 0.058941 -0.706241 0.705514 -0.058966 0.706239 0.705514 -0.707332 -0.131909 0.694465 -0.683496 0.212268 0.698409 0.683493 -0.212279 0.698409 0.707324 0.131954 0.694465 -0.328924 0.319320 0.888732 0.515205 -0.500166 0.695987 0.161827 -0.423601 0.891277 -0.161838 0.423597 0.891277 -0.328926 0.319318 0.888731 0.515211 -0.500160 0.695987 0.161823 0.423602 -0.891277 -0.161831 -0.423599 -0.891277 -0.328945 -0.319311 -0.888727 0.515198 0.500173 -0.695987 -0.161831 -0.423599 -0.891277 0.161831 0.423599 -0.891277 0.058953 0.706240 -0.705514 -0.058953 -0.706240 -0.705514 -0.683498 -0.212263 -0.698409 0.683490 0.212287 -0.698409 -0.707330 0.131922 -0.694465 0.707329 -0.131925 -0.694465 -0.125306 0.700818 -0.702248 0.125307 -0.700818 -0.702248 -0.334856 0.627193 -0.703207 0.393183 -0.736423 -0.550535 -0.378644 0.674321 -0.633971 0.378638 -0.674325 -0.633972 0.378640 -0.674323 -0.633972 -0.378638 0.674325 -0.633972 -0.103665 0.710040 -0.696489 0.103673 -0.710038 -0.696489 -0.621633 0.560561 -0.547123 0.530288 -0.478205 -0.700082 -0.633345 0.316401 -0.706232 0.633349 -0.316394 -0.706232 -0.479095 0.546262 -0.687070 0.479092 -0.546265 -0.687070 -0.824663 0.178901 -0.536586 0.707199 -0.153406 -0.690171 -0.703591 0.127402 -0.699092 0.703593 -0.127388 -0.699092 -0.697985 -0.140178 -0.702259 0.697979 0.140205 -0.702259 0.707199 -0.153407 -0.690171 -0.824663 0.178903 -0.536586 -0.683346 -0.208635 -0.699649 0.800856 0.244511 -0.546667 -0.582132 -0.404861 -0.705131 0.582136 0.404855 -0.705131 -0.609642 -0.369618 -0.701227 
						0.609569 0.369648 -0.701274 -0.498144 -0.502836 -0.706405 0.498103 0.502877 -0.706405 -0.455959 -0.546383 -0.702544 0.455951 0.546389 -0.702544 -0.249828 -0.667361 -0.701581 0.249827 0.667361 -0.701581 -0.474686 -0.685225 -0.552395 0.403901 0.583021 -0.704947 0.984393 -0.111954 -0.135779 -0.984393 0.111954 -0.135779 0.121577 0.439868 -0.889795 -0.121579 -0.439868 -0.889795 -0.121578 -0.439868 -0.889795 0.121577 0.439868 -0.889795 0.403901 0.583021 -0.704947 -0.474678 -0.685231 -0.552395 -0.984394 0.111954 -0.135779 0.984393 -0.111954 -0.135779 -0.969284 0.166711 -0.180818 -0.915904 0.253948 0.310856 -0.971502 0.209248 0.111350 -0.990885 -0.002081 -0.134691 -0.892991 0.271852 -0.358696 -0.867687 0.287523 0.405524 -0.815450 0.285774 -0.503364 -0.800315 0.272393 0.534133 -0.743167 0.183940 -0.643327 -0.725281 0.131262 0.675824 -0.851537 -0.070041 -0.519595 -0.725862 -0.118032 0.677638 -0.854242 -0.285327 0.434580 -0.775200 -0.257195 0.576989 -0.891525 -0.262435 -0.369203 -0.965811 -0.130349 0.224095 -0.994925 -0.069690 -0.072576 -0.730735 -0.118959 -0.672217 -0.992332 -0.086106 0.088671 -0.950616 -0.180476 -0.252501 -0.745146 0.185395 -0.640614 -0.998277 0.041336 -0.041659 -0.770337 0.512407 -0.379500 -0.948073 0.279311 -0.152130 0.998276 0.041334 -0.041661 0.948073 0.279309 -0.152133 0.770373 0.512380 -0.379464 0.745146 0.185397 -0.640613 0.992332 -0.086106 0.088671 0.730735 -0.118956 -0.672217 0.965811 -0.130349 0.224095 0.950616 -0.180474 -0.252502 0.891525 -0.262442 -0.369198 0.854242 -0.285325 0.434581 0.994925 -0.069692 -0.072574 0.851537 -0.070040 -0.519595 0.775199 -0.257193 0.576990 0.725281 0.131262 0.675824 0.725862 -0.118032 0.677638 0.743167 0.183940 -0.643327 0.800315 0.272393 0.534133 0.815450 0.285773 -0.503364 0.867687 0.287522 0.405524 0.892991 0.271852 -0.358697 0.915904 0.253947 0.310856 
						0.950529 0.207192 -0.231446 0.969238 0.217249 0.115675 0.957467 -0.019551 -0.287880 -0.971502 0.209248 -0.111350 -0.949264 0.150411 -0.276180 -0.969284 0.166711 0.180819 -0.990886 -0.002082 0.134691 -0.815450 0.285773 0.503364 -0.892991 0.271853 0.358696 -0.867687 0.287519 -0.405526 -0.852473 0.097882 0.513526 -0.800305 0.272388 -0.534150 -0.725862 -0.118033 -0.677638 -0.738319 -0.133657 0.661075 -0.725281 0.131260 -0.675825 -0.775200 -0.257195 -0.576989 -0.891525 -0.262434 0.369204 -0.913745 -0.162908 -0.372198 -0.994925 -0.069689 0.072576 -0.730735 -0.118955 0.672217 -0.950616 -0.180475 0.252502 -0.943566 -0.217731 -0.249553 -0.745146 0.185392 0.640615 -0.992332 -0.086105 -0.088672 -0.866410 0.279387 0.413856 -0.998277 0.041337 0.041658 0.992332 -0.086105 -0.088672 0.745146 0.185392 0.640615 0.866410 0.279386 0.413856 0.998277 0.041334 0.041661 0.943566 -0.217731 -0.249553 0.730735 -0.118955 0.672217 0.913745 -0.162908 -0.372198 0.950616 -0.180475 0.252502 0.891525 -0.262434 0.369204 0.994925 -0.069689 0.072576 0.775234 -0.257178 -0.576950 0.738319 -0.133657 0.661075 0.725862 -0.118033 -0.677638 0.852473 0.097883 0.513526 0.725281 0.131260 -0.675825 0.867687 0.287520 -0.405525 0.815450 0.285772 0.503365 0.800315 0.272392 -0.534133 0.949264 0.150410 -0.276180 0.892991 0.271852 0.358696 0.950529 0.207191 0.231446 0.969238 0.217249 -0.115676 0.957467 -0.019552 0.287880 -0.948073 0.279311 0.152130 0.948073 0.279310 0.152131 
					</float_array>
					<technique_common>
						<accessor count="883" offset="0" source="#meshId0-tangents-array" stride="3">
							<param name="X" type="float" />
							<param name="Y" type="float" />
							<param name="Z" type="float" />
						</accessor>
					</technique_common>
				</source>
				<source id="meshId0-bitangents" name="meshId0-bitangents">
					<float_array id="meshId0-bitangents-array" count="2649"> 
						-0.102817 -0.756938 -0.645348 0.100805 -0.761023 0.640845 0.050393 -0.985222 0.163701 0.102820 -0.756938 -0.645347 -0.050394 -0.985222 0.163703 -0.100803 -0.761025 0.640843 0.000000 -0.878207 0.478280 0.000002 -0.745071 -0.666985 0.000003 -0.796975 -0.604013 -0.000002 -0.890845 0.454306 -0.000001 -0.982314 -0.187240 -0.000004 -0.981655 0.190663 -0.000000 -0.916093 -0.400966 0.000004 -0.721257 0.692667 -0.000003 -0.813561 0.581479 0.000003 -0.709929 -0.704273 -0.000001 -0.828818 -0.559519 0.000009 -0.478328 -0.878181 -0.000005 -0.709929 -0.704274 -0.000005 -0.478330 -0.878180 0.000000 -0.828817 -0.559519 -0.000000 -0.916093 -0.400966 0.000002 -0.813562 0.581478 -0.000006 -0.721257 0.692667 0.000003 -0.890854 0.454290 0.000005 -0.981656 0.190663 0.000001 -0.982314 -0.187240 -0.000000 -0.878207 0.478280 -0.000003 -0.796975 -0.604013 -0.000001 -0.735209 -0.677841 0.110413 -0.761831 -0.638296 -0.113746 -0.758132 0.642104 0.050393 -0.985223 -0.163696 -0.110413 -0.761834 -0.638294 -0.050393 -0.985222 -0.163701 0.113745 -0.758132 0.642105 -0.000006 -0.991038 -0.133583 -0.000001 -0.985167 0.171596 0.000001 -0.913368 0.407135 0.000006 -0.721257 -0.692667 -0.000003 -0.864412 0.502785 -0.000003 -0.813562 -0.581479 -0.000005 -0.721257 -0.692667 0.000002 -0.813562 -0.581479 0.000003 -0.864412 0.502785 0.000006 -0.991038 -0.133583 -0.000002 -0.913368 0.407134 0.000001 -0.985168 0.171595 -0.247258 -0.920106 0.303756 -0.014675 -0.997356 -0.071178 -0.208025 -0.945633 0.250006 0.267182 -0.919653 -0.287840 0.029886 -0.996709 0.075354 0.221174 -0.943767 -0.245735 0.279483 0.731919 -0.621437 -0.042404 -0.985567 0.163890 -0.241066 -0.806291 0.540169 -0.278348 0.732535 0.621220 0.046178 -0.985402 -0.163863 0.241066 -0.806292 -0.540167 0.000000 0.000000 1.000000 0.396704 -0.318749 0.860828 -0.396702 -0.318749 -0.860829 -0.005820 -0.986927 -0.161065 
						0.001217 -0.895755 0.444547 -0.012870 -0.949762 -0.312708 0.005831 -0.986913 0.161148 -0.019334 -0.996974 0.075291 0.001217 -0.895755 -0.444547 0.012815 -0.950242 0.311249 0.089581 -0.923115 0.373945 -0.054027 -0.997027 0.054935 -0.365988 -0.928491 0.062910 0.019233 -0.997056 -0.074229 0.054026 -0.997027 -0.054935 0.365999 -0.928485 -0.062930 -0.089580 -0.923114 -0.373946 0.287344 -0.957827 0.000000 0.078236 -0.996935 0.000000 0.331693 -0.943387 0.000000 -0.285255 -0.958452 0.000001 -0.078601 -0.996906 0.000000 -0.331694 -0.943387 0.000001 0.000000 -0.997885 -0.065006 -0.157764 -0.429782 -0.889043 0.000002 0.000000 -1.000000 0.157766 -0.429788 -0.889040 -0.157764 -0.429782 0.889043 0.000000 -0.997885 0.065006 0.000002 0.000000 1.000000 0.157766 -0.429788 0.889040 0.056887 -0.734052 0.676707 0.056736 -0.733823 0.676968 -0.007129 -0.999244 -0.038210 -0.008184 -0.999065 -0.042450 0.041574 -0.726340 0.686077 -0.022490 -0.945260 -0.325543 0.027689 -0.716802 0.696727 -0.026368 -0.709102 -0.704613 0.020258 -0.709842 0.704070 -0.020373 -0.706036 -0.707883 0.007267 -0.707398 0.706778 -0.005419 -0.708830 -0.705359 0.019822 -0.713668 0.700203 -0.047283 -0.702602 -0.710011 0.056425 -0.731735 0.679250 -0.112253 -0.679763 -0.724790 -0.056424 -0.731735 0.679250 0.112256 -0.679763 -0.724790 -0.019822 -0.713668 0.700203 0.047283 -0.702602 -0.710011 -0.007267 -0.707398 0.706778 0.005419 -0.708830 -0.705359 -0.020258 -0.709842 0.704070 0.020373 -0.706036 -0.707883 -0.027689 -0.716802 0.696727 0.026368 -0.709102 -0.704613 -0.041573 -0.726340 0.686077 0.022490 -0.945260 -0.325543 -0.056736 -0.733823 0.676968 0.007129 -0.999244 -0.038210 -0.056887 -0.734052 0.676707 0.008184 -0.999065 -0.042450 0.000001 -0.469990 0.882672 0.000002 -0.997701 0.067767 0.000002 -0.869628 -0.493707 -0.000001 -0.815765 0.578383 -0.000003 -0.980168 0.198169 
						-0.000002 -0.985167 -0.171597 0.000003 -0.815067 0.579367 -0.000001 -0.913368 -0.407136 -0.000004 -0.984702 0.174248 -0.000002 -0.753519 -0.657426 -0.000002 -0.960584 -0.277990 -0.000005 -0.717440 -0.696620 0.000002 -0.960584 -0.277991 0.000005 -0.717440 -0.696620 0.000003 -0.984702 0.174248 0.000002 -0.753519 -0.657426 0.000000 -0.815066 0.579368 0.000000 -0.913368 -0.407136 0.000002 -0.980168 0.198169 0.000002 -0.985167 -0.171597 -0.000002 -0.869628 -0.493708 0.000002 -0.815766 0.578382 -0.000001 -0.469776 0.882786 -0.000001 -0.999880 0.015461 0.056888 -0.734051 -0.676707 -0.008180 -0.999065 0.042450 -0.006717 -0.999246 0.038233 0.063080 -0.733797 -0.676434 -0.021297 -0.945108 0.326064 0.042751 -0.726338 -0.686007 -0.019182 -0.708355 0.705596 0.024052 -0.716807 -0.696857 -0.016403 -0.705925 0.708097 0.016029 -0.709842 -0.704179 -0.006397 -0.708777 0.705404 0.006295 -0.707398 -0.706788 -0.024875 -0.705104 0.708668 0.000767 -0.713529 -0.700625 -0.102133 -0.681407 0.724744 0.062963 -0.731936 -0.678458 0.102133 -0.681407 0.724744 -0.062962 -0.731936 -0.678458 0.024875 -0.705104 0.708668 -0.000767 -0.713529 -0.700625 0.006398 -0.708777 0.705404 -0.006295 -0.707398 -0.706788 0.016403 -0.705925 0.708097 -0.016029 -0.709842 -0.704179 0.019181 -0.708355 0.705596 -0.024052 -0.716807 -0.696857 0.021298 -0.945108 0.326063 -0.042750 -0.726338 -0.686007 0.006718 -0.999246 0.038233 -0.063080 -0.733797 -0.676434 0.008180 -0.999065 0.042450 -0.056888 -0.734051 -0.676707 0.000001 -0.469990 -0.882672 0.000002 -0.774436 -0.632652 0.000002 -0.745071 0.666985 0.000003 -0.997701 -0.067766 0.000002 -0.815765 -0.578384 0.000002 -0.796975 0.604013 -0.000001 -0.890845 -0.454307 0.000002 -0.869628 0.493707 -0.000002 -0.981655 -0.190665 -0.000001 -0.961471 0.274905 0.000001 -0.835932 0.548832 -0.000006 -0.815064 -0.579371 -0.000006 -0.717440 0.696620 
						-0.000005 -0.984702 -0.174250 0.000004 -0.709929 0.704273 0.000002 -0.960583 0.277994 0.000006 -0.478329 0.878181 0.000006 -0.595161 0.803607 -0.000001 -0.595164 0.803604 -0.000004 -0.478330 0.878180 -0.000005 -0.709929 0.704273 0.000000 -0.960583 0.277992 0.000006 -0.717440 0.696620 0.000004 -0.984702 -0.174249 -0.000001 -0.835932 0.548832 0.000003 -0.815065 -0.579369 0.000002 -0.981655 -0.190665 0.000001 -0.961472 0.274905 0.000002 -0.890845 -0.454307 -0.000002 -0.869628 0.493708 -0.000002 -0.815764 -0.578384 -0.000002 -0.796975 0.604013 -0.000002 -0.774436 -0.632652 -0.000001 -0.735209 0.677841 -0.000001 -0.469776 -0.882786 -0.000001 -0.999880 -0.015461 0.936529 -0.350589 0.000000 0.936529 -0.350590 0.000001 -0.113001 -0.993595 -0.000000 -0.113001 -0.993595 0.000000 -0.963861 0.266407 -0.000000 -0.963861 0.266407 -0.000001 -0.822013 0.569468 -0.000001 -0.822031 0.569443 0.000000 0.113001 0.993595 -0.000000 0.113001 0.993595 0.000000 0.963861 -0.266407 0.000001 0.963861 -0.266407 0.000001 0.710459 -0.703739 0.000017 0.710430 -0.703768 0.000024 0.822026 -0.569450 0.000006 0.822013 -0.569469 0.000000 0.767786 -0.640707 0.000004 0.767781 -0.640712 0.000003 0.570962 -0.820976 -0.000002 0.570967 -0.820973 -0.000003 0.518503 -0.855076 0.000022 0.518463 -0.855100 0.000024 0.196928 -0.980418 0.000009 0.196910 -0.980421 0.000008 0.292005 -0.956417 -0.000000 0.292007 -0.956416 -0.000000 -0.211992 -0.977271 0.000000 -0.212008 -0.977268 0.000001 -0.178162 -0.984001 0.000005 -0.178172 -0.983999 0.000005 -0.446895 -0.894586 0.000008 -0.446909 -0.894579 0.000008 0.751819 0.659369 0.000004 0.751815 0.659374 0.000003 0.212006 0.977268 0.000001 0.211992 0.977271 -0.000001 0.989508 0.144476 -0.000000 0.989509 0.144471 -0.000005 -0.669696 -0.742635 0.000004 -0.669684 -0.742646 0.000001 -0.882142 -0.470983 0.000001 
						-0.882146 -0.470975 0.000001 0.871944 0.489605 -0.000002 0.871946 0.489603 0.000000 -0.183348 -0.983048 -0.000001 -0.183346 -0.983048 -0.000000 -0.871943 -0.489607 -0.000004 -0.871946 -0.489603 -0.000000 -0.984389 -0.176009 0.000000 -0.984389 -0.176009 0.000000 -0.996534 0.083185 0.000000 -0.996534 0.083185 -0.000000 0.296607 -0.955000 0.000007 0.296592 -0.955004 0.000008 0.696554 -0.717504 0.000008 0.696536 -0.717522 0.000005 -0.934150 0.356881 0.000000 -0.934150 0.356881 -0.000000 0.934150 -0.356880 0.000003 0.934150 -0.356881 0.000000 -0.696553 -0.717505 0.000005 -0.934148 -0.356886 0.000010 -0.934151 -0.356877 0.000008 -0.696548 -0.717510 -0.000000 -0.996535 -0.083178 0.000007 -0.996533 -0.083192 0.000007 0.296597 0.955003 -0.000003 0.696555 0.717503 0.000000 0.696551 0.717507 -0.000004 0.296599 0.955002 0.000001 -0.183336 0.983050 0.000010 -0.183369 0.983044 0.000022 -0.984387 0.176019 0.000011 -0.984390 0.175999 0.000009 -0.882145 0.470978 0.000002 -0.882143 0.470982 -0.000000 -0.871945 0.489604 0.000001 -0.183345 0.983049 0.000001 -0.183347 0.983048 0.000001 -0.871946 0.489602 0.000000 -0.989508 0.144480 0.000004 -0.989508 0.144476 -0.000000 -0.669683 0.742647 -0.000000 -0.669700 0.742632 0.000001 -0.446918 0.894575 0.000002 -0.446905 0.894582 0.000003 -0.751823 0.659365 -0.000009 -0.751811 0.659378 -0.000008 -0.212021 0.977265 -0.000009 -0.211993 0.977271 -0.000000 -0.178166 0.984000 0.000001 -0.178164 0.984001 -0.000002 0.196894 0.980425 -0.000024 0.196941 0.980415 -0.000022 -0.292036 -0.956407 -0.000030 0.212007 -0.977268 0.000000 0.212026 -0.977264 -0.000032 -0.291942 -0.956436 -0.000043 -0.570963 -0.820976 0.000002 -0.570968 -0.820973 0.000004 0.518474 0.855093 -0.000011 0.518488 0.855085 -0.000005 0.710445 0.703753 -0.000004 0.710447 0.703751 0.000000 -0.767783 -0.640710 0.000001 
						-0.767783 -0.640710 -0.000001 -0.897987 -0.440021 -0.000002 -0.897985 -0.440025 -0.000002 -0.822027 -0.569448 0.000004 -0.710447 -0.703751 0.000000 -0.710448 -0.703750 0.000001 -0.822015 -0.569465 0.000004 -0.219377 0.975640 -0.000000 -0.961016 -0.276491 0.000001 -0.961017 -0.276491 0.000001 -0.219377 0.975640 0.000000 -0.961017 -0.276491 0.000001 -0.961016 -0.276492 0.000003 0.219377 -0.975640 -0.000000 0.219377 -0.975640 0.000000 -1.000000 -0.000000 -0.000000 -1.000000 -0.000000 -0.000000 -0.996277 -0.086205 -0.000000 -0.996277 -0.086205 0.000000 -0.998213 -0.059748 0.000000 -0.998213 -0.059748 -0.000000 -0.999367 -0.035562 0.000000 -0.999367 -0.035562 -0.000000 -0.999665 -0.025902 -0.000000 -0.999664 -0.025902 -0.000000 -0.996681 0.081401 0.000008 -0.996680 0.081417 0.000008 -0.972310 0.233694 0.000001 -0.972310 0.233693 -0.000000 -0.997554 -0.069897 0.000001 -0.997554 -0.069895 0.000000 -0.999953 -0.009671 0.000000 -0.999953 -0.009671 -0.000000 -0.999556 -0.029788 0.000000 -0.999556 -0.029788 -0.000000 -0.985360 -0.170485 0.000000 -0.985359 -0.170492 0.000000 -0.986368 -0.164557 0.000001 -0.986368 -0.164555 0.000001 -0.987510 -0.157554 0.000000 -0.987510 -0.157554 -0.000000 -0.933796 -0.357806 -0.000000 -0.933796 -0.357806 -0.000000 -0.916423 0.400210 -0.000004 -0.916427 0.400202 -0.000004 -0.182311 -0.983241 -0.000000 -0.182304 -0.983242 0.000000 0.182305 0.983242 -0.000000 0.182311 0.983241 0.000000 -0.182310 0.983241 0.000001 0.916406 0.400251 -0.000048 0.916447 0.400156 -0.000054 -0.182306 0.983242 0.000002 0.933811 -0.357768 -0.000000 0.182310 -0.983241 -0.000002 0.182305 -0.983242 -0.000002 0.933811 -0.357767 -0.000000 0.986367 -0.164557 -0.000001 0.986368 -0.164556 0.000000 0.987510 -0.157554 0.000000 0.987511 -0.157554 0.000000 0.999556 -0.029788 0.000000 0.999556 -0.029788 -0.000000 0.985359 -0.170493 0.000000 
						0.985360 -0.170485 0.000000 0.997554 -0.069895 0.000000 0.997554 -0.069896 0.000000 0.999953 -0.009671 -0.000000 0.999953 -0.009671 0.000000 0.999665 -0.025902 -0.000000 0.999665 -0.025902 -0.000000 0.996681 0.081409 -0.000000 0.996681 0.081409 -0.000000 0.972311 0.233692 -0.000001 0.972310 0.233694 -0.000001 0.999367 -0.035564 -0.000002 0.999368 -0.035560 -0.000002 0.998213 -0.059749 -0.000000 0.998213 -0.059748 0.000000 0.996277 -0.086205 -0.000000 1.000000 0.000000 0.000000 1.000000 0.000000 0.000000 0.996278 -0.086205 0.000000 -0.036536 -0.994420 -0.098963 -0.349492 0.840521 -0.413981 0.241695 -0.942664 0.230147 0.087452 -0.952964 0.290192 -0.064013 -0.995202 0.074000 -0.035394 -0.995234 0.090867 0.118376 -0.947750 -0.296237 0.582328 0.430232 -0.689779 0.034191 -0.995171 0.092012 -0.087445 -0.952973 -0.290166 0.404304 0.779224 0.478904 -0.226767 -0.943163 -0.242939 0.071826 -0.994123 -0.080995 0.037057 -0.994570 -0.097250 -0.099246 -0.947367 0.304377 -0.582321 0.430259 0.689768 0.013793 -0.999407 -0.031547 -0.016474 -0.999192 -0.036667 0.030620 -0.999140 -0.027946 0.012057 -0.999470 0.030250 0.028453 -0.999135 0.030312 -0.009983 -0.999628 0.025392 -0.034983 -0.998715 0.036684 -0.036355 -0.998749 -0.034333 -0.009250 -0.999904 0.010360 0.005013 -0.999977 0.004575 0.003892 -0.999602 -0.027955 0.002139 -0.999984 -0.005324 0.009874 -0.999901 -0.010045 -0.004686 -0.999977 -0.004914 -0.005788 -0.999615 0.027148 -0.002362 -0.999983 0.005329 0.133006 -0.987589 0.083534 -0.179891 -0.978799 0.097933 -0.053724 -0.979314 0.195082 0.164984 -0.982602 -0.085289 -0.045027 -0.980887 -0.189296 -0.120337 -0.990101 -0.072246 0.044810 -0.979595 -0.195922 0.053590 -0.981311 0.184815 0.021453 -0.998567 0.049026 0.071071 -0.992212 0.102292 0.070035 -0.992269 -0.102454 0.023053 -0.998838 -0.042333 -0.020396 -0.998851 -0.043358 
						-0.070049 -0.992387 -0.101298 -0.071067 -0.992039 0.103962 -0.025677 -0.998547 0.047383 0.226278 -0.884979 0.406952 -0.210792 -0.893126 0.397358 -0.593773 -0.436067 0.676224 -0.646258 -0.276322 -0.711335 -0.190093 -0.887236 -0.420329 0.271610 -0.887413 -0.372459 0.629331 -0.450722 -0.633081 0.676202 -0.298839 0.673384 -0.126183 -0.876078 -0.465367 0.094998 -0.989445 -0.109428 0.095781 -0.986874 0.130025 -0.120393 -0.875798 0.467421 -0.024758 -0.996116 0.084494 0.134308 -0.940516 0.312077 -0.033550 -0.993549 -0.108326 0.131551 -0.947379 -0.291834 -0.030240 -0.909627 -0.414323 0.053881 -0.938819 -0.340170 0.341543 -0.750351 -0.565970 0.332970 -0.747759 0.574445 0.078722 -0.913809 0.398441 -0.028414 -0.936890 0.348466 -0.302212 -0.661265 0.686583 -0.301291 -0.678777 -0.669691 0.456196 0.581460 0.673639 0.069258 -0.997308 0.024101 -0.051245 -0.998236 -0.029967 -0.457716 0.579874 -0.673975 0.105076 -0.965803 0.237031 -0.219543 -0.870376 -0.440734 -0.107457 -0.965693 -0.236412 0.219541 -0.870376 0.440735 -0.232486 -0.821322 -0.520942 0.232486 -0.821323 0.520940 0.000000 0.347241 0.937776 0.000000 -0.347241 0.937776 -0.000000 -0.999863 -0.016541 -0.082261 -0.882240 -0.463558 0.082261 -0.882240 -0.463558 -0.082261 -0.882239 0.463559 0.000000 -0.999863 0.016541 0.082261 -0.882239 0.463559 0.000000 -0.999967 0.008149 0.044549 -0.966951 0.251040 -0.044549 -0.966951 0.251041 0.044549 -0.966951 -0.251039 0.000000 -0.999967 -0.008149 -0.044549 -0.966951 -0.251040 0.007947 -0.999966 -0.002350 -0.013212 -0.997408 -0.070733 0.013208 -0.997139 -0.074432 -0.013208 -0.997139 0.074432 -0.007948 -0.999966 0.002350 0.013212 -0.997408 0.070730 -0.001517 -0.708419 -0.705790 -0.001517 -0.708419 0.705790 0.000000 0.707651 -0.706562 0.000000 -0.895506 -0.445049 -0.701696 -0.712476 -0.000000 -0.701696 -0.712476 -0.000000 0.695148 -0.718867 0.000000 
						0.695148 -0.718867 -0.000000 0.593833 0.804588 -0.000005 0.593819 0.804599 -0.000006 -0.593832 0.804589 -0.000004 -0.593820 0.804598 -0.000005 0.593825 -0.804594 0.000001 0.593828 -0.804592 0.000001 0.331002 -0.943630 -0.000003 0.331005 -0.943629 -0.000003 -0.593830 -0.804591 0.000002 -0.593824 -0.804595 0.000002 -0.331002 -0.943630 0.000003 -0.331006 -0.943629 0.000004 -0.052007 -0.997746 -0.042394 -0.016477 -0.999154 -0.037689 -0.261708 -0.908202 -0.326616 -0.009755 -0.870728 -0.491669 0.159020 -0.903421 -0.398174 -0.067913 -0.893752 -0.443391 0.019303 -0.944850 -0.326934 0.082426 -0.996020 -0.033921 0.256680 -0.908139 -0.330755 0.070156 -0.895143 -0.440224 0.014364 -0.999121 0.039394 -0.047342 -0.997978 0.042404 -0.009530 -0.870730 0.491670 -0.254323 -0.908097 0.332687 0.120140 -0.915586 0.383756 -0.158428 -0.938085 0.308054 0.088306 -0.995527 0.033577 0.014345 -0.944190 0.329089 0.055439 -0.885748 0.460843 0.236721 -0.907515 0.346959 1.000000 -0.000001 -0.000000 1.000000 0.000000 0.000000 0.584904 -0.811103 -0.000005 0.584896 -0.811108 -0.000005 -0.584904 -0.811103 -0.000005 -0.584897 -0.811108 -0.000004 -1.000000 0.000000 0.000000 -1.000000 -0.000001 -0.000000 -0.000000 -0.998916 -0.046541 -0.000000 -0.998827 0.048434 -0.071104 0.995401 -0.064199 -0.205984 0.978262 0.023943 -0.016022 0.999266 -0.034787 -0.071548 0.991215 -0.111240 -0.269646 0.961408 -0.054642 -0.070666 0.996694 0.040093 -0.071590 0.991785 0.106006 -0.026401 0.999176 0.030841 0.067681 0.968862 0.238173 0.077957 0.996734 0.021061 0.007649 0.999250 0.037968 0.071548 0.991215 0.111240 0.120440 0.992669 -0.010171 0.068894 0.946344 -0.315732 0.071428 0.989544 -0.125303 0.020213 0.999244 -0.033195 -0.055956 0.997351 0.046469 0.006935 0.999290 0.037019 -0.089493 0.994819 -0.048239 -0.014646 0.999207 -0.037016 -0.177937 0.859186 -0.479726 
						-0.446803 0.370246 -0.814423 -0.449754 0.372692 0.811678 -0.182247 0.859125 0.478216 0.177938 0.859186 0.479726 0.446804 0.370247 0.814422 0.449758 0.372695 -0.811675 0.182249 0.859125 -0.478215 0.013519 0.870710 0.491611 -0.013519 0.870710 -0.491611 -0.092906 0.868825 -0.486325 -0.446441 0.372137 -0.813760 -0.446440 0.372137 0.813760 -0.116515 0.869337 0.480290 0.092907 0.868825 0.486325 0.446442 0.372139 0.813758 0.446444 0.372140 -0.813757 0.116516 0.869337 -0.480289 0.014779 0.883592 0.468024 -0.014779 0.883592 -0.468024 0.106225 0.902906 0.416505 0.459369 0.595935 0.658667 0.408062 0.529375 -0.743806 0.124838 0.903000 -0.411104 -0.106225 0.902906 -0.416505 -0.459364 0.595951 -0.658656 -0.408061 0.529395 0.743792 -0.124839 0.903000 0.411104 0.000000 0.885604 -0.464440 -0.000000 0.885604 0.464440 0.128125 0.900269 0.416052 0.455518 0.688493 0.564341 0.444573 0.671950 -0.592316 0.142171 0.900403 -0.411172 -0.128127 0.900269 -0.416052 -0.455508 0.688516 -0.564321 -0.444564 0.671973 0.592296 -0.142173 0.900403 0.411171 0.000000 0.885604 -0.464440 -0.000000 0.885604 0.464440 0.137852 0.914966 0.379256 0.448535 0.731780 0.513142 0.438671 0.715688 -0.543469 0.131786 0.914889 -0.381589 -0.137854 0.914966 -0.379255 -0.448536 0.731782 -0.513138 -0.438673 0.715691 0.543464 -0.131788 0.914889 0.381589 0.010588 0.915401 -0.402403 -0.010588 0.915401 0.402403 0.192532 0.896943 0.398026 0.479107 0.720588 0.501207 0.475377 0.714979 -0.512662 0.191219 0.896948 -0.398647 -0.192533 0.896943 -0.398026 -0.479108 0.720590 -0.501205 -0.475379 0.714982 0.512655 -0.191226 0.896943 0.398656 0.009722 0.898035 -0.439816 -0.009722 0.898035 0.439816 -0.114520 0.968919 -0.219275 -0.336529 0.873388 -0.352053 -0.336529 0.873388 0.352053 -0.114520 0.968919 0.219275 0.114520 0.968919 0.219275 
						0.333475 0.865462 0.373857 0.336530 0.873390 -0.352048 0.098094 0.968893 -0.227207 -0.000000 0.975957 0.217964 0.000000 0.975957 -0.217964 -0.264422 0.799513 -0.539314 -0.592753 0.513933 -0.620095 -0.592752 0.513933 0.620095 -0.266565 0.799487 0.538297 0.201873 0.798329 0.567378 0.509866 0.442068 0.737979 0.524163 0.454463 -0.720220 0.180472 0.797077 -0.576279 0.002847 0.841286 0.540583 -0.002847 0.841286 -0.540583 -0.291637 0.648431 -0.703196 -0.646594 0.352653 -0.676426 -0.646594 0.352653 0.676426 -0.304515 0.648317 0.697822 0.269414 0.648333 0.712096 0.646603 0.352658 0.676415 0.616884 0.336449 -0.711516 0.304522 0.648317 -0.697819 0.011127 0.719284 0.694627 -0.011126 0.719284 -0.694627 0.000001 0.000000 -1.000000 0.000001 0.000000 1.000000 -0.219377 0.975640 -0.000000 0.897986 0.440024 0.000001 0.897986 0.440023 0.000000 -0.219377 0.975640 0.000000 0.822017 0.569463 0.000007 0.961017 0.276491 0.000001 0.961016 0.276493 0.000004 0.822025 0.569451 0.000007 0.219377 -0.975640 -0.000000 0.961016 0.276491 0.000001 0.961017 0.276491 0.000001 0.219377 -0.975640 0.000000 0.710447 0.703751 0.000000 0.710449 0.703749 0.000002 0.767780 0.640714 0.000005 0.767785 0.640707 0.000004 0.570962 0.820977 0.000003 0.570969 0.820971 0.000006 -0.710446 -0.703752 -0.000002 -0.518476 -0.855092 -0.000009 -0.518486 -0.855086 -0.000002 -0.710447 -0.703751 -0.000000 -0.196894 -0.980425 -0.000024 -0.196940 -0.980416 -0.000022 0.292035 0.956408 -0.000029 0.291942 0.956436 -0.000043 -0.212004 0.977269 -0.000002 -0.212027 0.977264 -0.000033 0.178166 -0.984000 0.000001 0.178164 -0.984001 -0.000002 0.446917 -0.894575 0.000003 0.446906 -0.894581 0.000004 0.212019 -0.977266 -0.000008 0.751823 -0.659366 -0.000008 0.751813 -0.659377 -0.000006 0.211995 -0.977271 0.000002 0.989507 -0.144482 0.000006 
						0.989509 -0.144474 0.000002 0.669683 -0.742647 -0.000000 0.669700 -0.742632 0.000001 0.882145 -0.470977 0.000002 0.882143 -0.470982 0.000000 0.871946 -0.489602 -0.000000 0.871945 -0.489604 -0.000001 0.183345 -0.983049 0.000002 0.183344 -0.983049 -0.000002 0.984387 -0.176018 0.000009 0.984390 -0.176002 0.000007 0.996535 0.083177 0.000008 0.996533 0.083194 0.000009 0.183337 -0.983050 0.000009 -0.296594 -0.955004 -0.000006 -0.296602 -0.955001 -0.000002 0.183369 -0.983044 0.000022 -0.696555 -0.717503 0.000000 -0.696553 -0.717505 -0.000006 0.934151 0.356879 0.000004 0.934149 0.356884 0.000006 0.696554 0.717504 0.000002 0.696548 0.717510 0.000000 -0.934151 0.356877 0.000007 -0.934150 0.356881 0.000000 -0.696534 0.717523 0.000009 -0.696558 0.717501 0.000013 0.934150 -0.356881 0.000000 0.934150 -0.356881 0.000000 0.996534 -0.083185 0.000000 0.996534 -0.083185 0.000000 -0.296591 0.955005 0.000009 -0.296608 0.954999 0.000008 0.183346 0.983048 -0.000001 0.183348 0.983048 -0.000002 0.984389 0.176009 0.000000 0.984389 0.176009 0.000000 0.882146 0.470975 0.000000 0.882142 0.470983 0.000001 0.871943 0.489608 -0.000005 0.871946 0.489603 0.000000 -0.871944 -0.489605 -0.000002 -0.871946 -0.489603 0.000000 -0.989509 -0.144471 -0.000005 -0.989508 -0.144477 -0.000002 0.669684 0.742646 0.000001 0.669697 0.742634 0.000002 0.446905 0.894582 0.000002 0.446900 0.894584 0.000003 -0.751816 -0.659373 0.000001 -0.751818 -0.659371 0.000002 -0.212007 -0.977268 0.000000 -0.211991 -0.977271 -0.000001 0.178172 0.983999 0.000005 0.178162 0.984001 0.000005 -0.196910 0.980422 0.000009 -0.196929 0.980418 0.000010 0.211992 0.977271 0.000001 0.212009 0.977268 0.000001 -0.292007 0.956416 -0.000000 -0.292005 0.956417 -0.000000 -0.570967 0.820973 -0.000003 -0.570962 0.820976 -0.000002 -0.518463 0.855100 0.000024 
						-0.518502 0.855076 0.000021 -0.710430 0.703768 0.000024 -0.710459 0.703739 0.000017 -0.767781 0.640712 0.000003 -0.767785 0.640707 0.000004 -0.936529 0.350590 0.000001 -0.936529 0.350589 0.000000 -0.822026 0.569450 0.000006 -0.822013 0.569469 0.000000 -0.113001 -0.993595 -0.000000 -0.113001 -0.993595 0.000000 -0.963861 0.266407 0.000001 -0.963861 0.266407 0.000001 0.963861 -0.266407 -0.000000 0.963861 -0.266407 -0.000001 0.822013 -0.569468 -0.000001 0.822031 -0.569443 -0.000000 0.113001 0.993595 -0.000000 0.113001 0.993595 0.000000 0.000001 0.735209 0.677841 0.000003 0.774436 -0.632652 0.000001 0.469776 -0.882786 0.000002 0.999880 -0.015461 0.000003 0.796975 0.604013 0.000003 0.815764 -0.578384 0.000003 0.869628 0.493708 -0.000001 0.890845 -0.454307 -0.000001 0.961471 0.274905 -0.000003 0.981655 -0.190664 -0.000005 0.991038 -0.133582 -0.000001 0.985167 0.171596 -0.000001 0.835932 0.548834 -0.000001 0.913368 0.407136 0.000002 0.815067 -0.579367 -0.000003 0.864412 0.502785 0.000007 0.721257 -0.692667 -0.000006 0.984701 -0.174251 -0.000006 0.717440 0.696620 -0.000004 0.813561 -0.581479 0.000001 0.960583 0.277993 0.000007 0.709929 0.704274 -0.000000 0.595165 0.803603 0.000005 0.478330 0.878180 -0.000003 0.709929 0.704273 -0.000002 0.478331 0.878180 -0.000010 0.595159 0.803608 -0.000003 0.960583 0.277995 0.000006 0.717440 0.696620 0.000004 0.984702 -0.174249 0.000003 0.864412 0.502785 0.000002 0.813562 -0.581479 0.000005 0.815064 -0.579370 -0.000000 0.835932 0.548833 -0.000004 0.721257 -0.692668 0.000005 0.991038 -0.133582 -0.000001 0.913368 0.407135 0.000002 0.981655 -0.190665 0.000001 0.985167 0.171596 0.000001 0.961471 0.274905 0.000001 0.890845 -0.454307 -0.000002 0.869628 0.493707 -0.000002 0.815765 -0.578384 -0.000002 0.796975 0.604012 -0.000002 0.774436 -0.632652 
						-0.000002 0.745071 0.666985 -0.000001 0.469990 -0.882672 -0.000003 0.997701 -0.067766 0.000001 0.469776 0.882786 0.000000 0.878207 0.478280 0.000001 0.735209 -0.677841 0.000001 0.999880 0.015461 0.000002 0.869628 -0.493708 0.000003 0.796975 -0.604013 -0.000001 0.815766 0.578383 -0.000002 0.982314 -0.187239 -0.000003 0.890853 0.454291 -0.000002 0.985167 -0.171597 -0.000002 0.980168 0.198169 -0.000004 0.981655 0.190663 -0.000001 0.913368 -0.407136 0.000003 0.815067 0.579367 0.000000 0.916093 -0.400966 0.000007 0.721257 0.692667 -0.000003 0.984702 0.174248 -0.000003 0.813561 0.581479 -0.000002 0.753519 -0.657426 -0.000001 0.960583 -0.277992 -0.000004 0.717440 -0.696620 0.000000 0.828817 -0.559519 0.000007 0.709929 -0.704274 0.000005 0.717440 -0.696620 0.000001 0.960583 -0.277992 0.000000 0.828817 -0.559519 -0.000003 0.709929 -0.704273 0.000002 0.753519 -0.657426 0.000003 0.984702 0.174248 -0.000000 0.916093 -0.400966 0.000003 0.813561 0.581479 -0.000003 0.815067 0.579367 -0.000007 0.721257 0.692667 0.000001 0.913368 -0.407136 0.000002 0.980168 0.198169 0.000002 0.985167 -0.171597 0.000001 0.982314 -0.187240 0.000004 0.981655 0.190663 0.000000 0.815765 0.578383 -0.000001 0.869628 -0.493707 0.000002 0.890845 0.454307 -0.000000 0.878207 0.478280 -0.000002 0.796975 -0.604013 -0.000002 0.745071 -0.666985 -0.000001 0.469990 0.882672 -0.000002 0.997701 0.067767 0.000006 0.478329 -0.878181 -0.000004 0.478330 -0.878180 
					</float_array>
					<technique_common>
						<accessor count="883" offset="0" source="#meshId0-bitangents-array" stride="3">
							<param name="X" type="float" />
							<param name="Y" type="float" />
							<param name="Z" type="float" />
						</accessor>
					</technique_common>
				</source>
				<source id="meshId0-tex0" name="meshId0-tex0">
					<float_array id="meshId0-tex0-array" count="1766"> 
						0.930035 0.922067 0.944887 0.952204 0.972733 0.947876 0.930035 0.922067 0.972733 0.947876 0.944887 0.952204 0.407599 0.964929 0.522282 0.967168 0.496100 0.959417 0.361437 0.942709 0.453382 0.928757 0.349379 0.926862 0.371772 0.887245 0.465440 0.908087 0.489899 0.909293 0.448939 0.874154 0.489554 0.882078 0.469953 0.876049 0.448939 0.874154 0.469953 0.876049 0.489554 0.882078 0.371772 0.887245 0.489899 0.909293 0.465440 0.908087 0.361437 0.942709 0.349379 0.926862 0.453382 0.928757 0.407599 0.964929 0.496100 0.959417 0.522282 0.967168 0.944887 0.952204 0.930035 0.922067 0.972733 0.947876 0.944887 0.952204 0.972733 0.947876 0.930035 0.922067 0.450971 0.915666 0.348346 0.911188 0.359714 0.897408 0.465440 0.908087 0.394508 0.878805 0.489899 0.909293 0.465440 0.908087 0.489899 0.909293 0.394508 0.878805 0.450971 0.915666 0.359714 0.897408 0.348346 0.911188 0.720591 0.375938 0.756588 0.378559 0.745438 0.368600 0.865365 0.375414 0.832252 0.377642 0.847597 0.368600 0.898675 0.368600 0.861683 0.359282 0.926847 0.359282 0.694359 0.368600 0.731352 0.359282 0.666187 0.359282 0.796517 0.359282 0.731352 0.359282 0.861683 0.359282 0.119960 0.699435 
						0.198581 0.911137 0.197686 0.699435 0.119960 0.699435 0.197686 0.699435 0.198581 0.911137 0.042000 0.699435 0.042000 0.694831 0.121587 0.589060 0.197686 0.694831 0.042000 0.699435 0.121587 0.589060 0.042000 0.694831 0.197686 0.694831 0.162854 0.687290 0.188707 0.687290 0.175780 0.682637 0.078707 0.687290 0.052855 0.687290 0.065781 0.682637 0.114689 0.019724 0.120613 0.019724 0.114689 0.015703 0.108764 0.019724 0.120613 0.019724 0.114689 0.019724 0.114689 0.015703 0.108764 0.019724 0.568911 0.953806 0.619948 0.953806 0.616295 0.912107 0.568911 0.900116 0.669869 0.953806 0.666216 0.922599 0.722225 0.953806 0.718572 0.930693 0.781277 0.953806 0.777624 0.933990 0.828763 0.953806 0.825110 0.933990 0.877693 0.953806 0.874040 0.930115 0.906447 0.953806 0.902794 0.926538 0.906447 0.953806 0.902794 0.926538 0.877693 0.953806 0.874040 0.930115 0.828763 0.953806 0.825110 0.933990 0.781277 0.953806 0.777624 0.933990 0.722225 0.953806 0.718572 0.930693 0.669869 0.953806 0.666216 0.922599 0.619948 0.953806 0.616295 0.912107 0.568911 0.953806 0.568911 0.900116 0.440309 0.973747 0.578580 0.978303 0.471296 0.945121 0.377973 0.952011 0.450971 0.915666 
						0.348346 0.911188 0.457861 0.909637 0.359714 0.897408 0.499200 0.899647 0.394508 0.878805 0.497478 0.888968 0.419657 0.874327 0.497478 0.888968 0.419657 0.874327 0.499200 0.899647 0.394508 0.878805 0.457861 0.909637 0.359714 0.897408 0.450971 0.915666 0.348346 0.911188 0.471296 0.945121 0.377973 0.952011 0.440309 0.973747 0.578580 0.978303 0.568911 0.953806 0.568911 0.900116 0.616295 0.912106 0.619948 0.953806 0.666216 0.922599 0.669869 0.953806 0.718572 0.930693 0.722225 0.953806 0.777624 0.933990 0.781277 0.953806 0.825110 0.933990 0.828763 0.953806 0.874040 0.930115 0.877693 0.953806 0.902794 0.926538 0.906447 0.953806 0.902794 0.926538 0.906447 0.953806 0.874040 0.930115 0.877693 0.953806 0.825110 0.933990 0.828763 0.953806 0.777624 0.933990 0.781277 0.953806 0.718572 0.930693 0.722225 0.953806 0.666216 0.922599 0.669869 0.953806 0.616295 0.912106 0.619948 0.953806 0.568911 0.900116 0.568911 0.953806 0.440309 0.973747 0.407599 0.964929 0.522282 0.967168 0.578580 0.978303 0.377973 0.952011 0.496100 0.959417 0.361437 0.942709 0.471296 0.945120 0.349379 0.926862 0.453382 0.928757 0.371772 0.887245 0.457861 0.909637 0.419656 0.874327 
						0.499200 0.899647 0.448939 0.874154 0.497478 0.888968 0.469953 0.876049 0.489554 0.882078 0.489554 0.882078 0.469953 0.876049 0.448939 0.874154 0.497478 0.888968 0.419656 0.874327 0.499200 0.899647 0.371772 0.887245 0.457861 0.909637 0.349379 0.926862 0.453382 0.928757 0.361437 0.942709 0.471296 0.945120 0.377973 0.952011 0.496100 0.959417 0.407599 0.964929 0.522282 0.967168 0.440309 0.973747 0.578580 0.978303 0.340849 0.485271 0.236037 0.485271 0.236037 0.565356 0.323641 0.565356 0.347943 0.611739 0.229766 0.611739 0.229766 0.613473 0.347943 0.613473 0.323641 0.565356 0.236037 0.565356 0.236037 0.368664 0.340849 0.368664 0.229766 0.601344 0.347943 0.601344 0.347943 0.613473 0.229766 0.613473 0.340849 0.448027 0.236037 0.448027 0.340849 0.412744 0.236037 0.412744 0.229766 0.588766 0.347943 0.588765 0.229766 0.554412 0.347943 0.554412 0.340849 0.387261 0.236037 0.387261 0.340849 0.383831 0.236037 0.383831 0.229766 0.511696 0.347943 0.511696 0.229766 0.464298 0.347943 0.464298 0.340849 0.393632 0.236037 0.393632 0.236037 0.383831 0.340849 0.383831 0.340849 0.404413 0.236037 0.404413 0.229766 0.426396 0.347943 0.426396 0.229766 0.384716 
						0.347943 0.384715 0.340849 0.439206 0.236037 0.439206 0.347943 0.358658 0.229766 0.358658 0.229766 0.392914 0.347943 0.392914 0.229766 0.352107 0.347943 0.352107 0.229766 0.328145 0.347943 0.328145 0.347943 0.330371 0.229766 0.330371 0.347943 0.317585 0.229766 0.317585 0.229766 0.316556 0.347943 0.316556 0.347943 0.316556 0.229766 0.316556 0.349277 0.775810 0.349277 0.767050 0.228282 0.767050 0.228282 0.775810 0.228282 0.747050 0.349277 0.747050 0.349277 0.769010 0.349277 0.775810 0.228282 0.775810 0.228282 0.769010 0.349277 0.746209 0.228282 0.746208 0.228282 0.712647 0.349277 0.712647 0.228282 0.673046 0.349277 0.673046 0.236037 0.438039 0.236037 0.451271 0.340849 0.451271 0.340849 0.438039 0.236037 0.403246 0.340849 0.403246 0.228282 0.627043 0.349277 0.627043 0.228282 0.589441 0.349277 0.589441 0.236037 0.392464 0.340849 0.392465 0.236037 0.382664 0.340849 0.382664 0.228282 0.544239 0.349277 0.544239 0.228282 0.509037 0.349277 0.509037 0.236037 0.386094 0.236037 0.382664 0.340849 0.382664 0.340849 0.386094 0.236037 0.411577 0.340849 0.411577 0.228282 0.486236 0.349277 0.486236 0.228281 0.483836 0.349277 0.483836 0.236037 0.446860 
						0.340849 0.446860 0.236037 0.484104 0.340849 0.484104 0.228281 0.488236 0.228281 0.483836 0.349277 0.483836 0.349277 0.488236 0.323641 0.564189 0.340849 0.367498 0.236037 0.367498 0.236037 0.564189 0.349277 0.505739 0.228281 0.505739 0.236037 0.564189 0.323641 0.564189 0.230477 0.791710 0.347232 0.791710 0.347232 0.737905 0.230477 0.737905 0.347232 0.667623 0.230477 0.667623 0.347232 0.593912 0.230477 0.593912 0.344866 0.510774 0.232843 0.510774 0.232843 0.515916 0.344866 0.515916 0.347232 0.599055 0.230477 0.599055 0.236443 0.449063 0.341266 0.449063 0.341266 0.443920 0.236443 0.443920 0.341266 0.375032 0.236443 0.375032 0.236443 0.380175 0.341266 0.380175 0.250741 0.339693 0.326968 0.339693 0.341266 0.334550 0.236443 0.334550 0.320912 0.280432 0.256797 0.280432 0.276980 0.301341 0.300728 0.301341 0.300728 0.241228 0.276980 0.241228 0.276980 0.241228 0.300728 0.241228 0.276980 0.243287 0.276980 0.303400 0.300728 0.303400 0.300728 0.243287 0.256797 0.282491 0.276980 0.243287 0.300728 0.243287 0.320912 0.282491 0.326968 0.341752 0.250741 0.341752 0.236443 0.336609 0.341266 0.336609 0.236443 0.377092 0.341266 0.377092 0.341266 0.382234 
						0.236443 0.382234 0.341266 0.451122 0.236443 0.451122 0.236443 0.445979 0.341266 0.445979 0.232843 0.512833 0.344866 0.512833 0.344866 0.517976 0.232843 0.517976 0.347232 0.601114 0.230477 0.601114 0.230477 0.595971 0.347232 0.595971 0.230477 0.669682 0.347232 0.669682 0.347232 0.739964 0.347232 0.791710 0.230477 0.791710 0.230477 0.739964 0.840539 0.451728 0.887137 0.451728 0.859667 0.397875 0.826804 0.397875 0.887137 0.451728 0.840539 0.451728 0.826804 0.397875 0.859667 0.397875 0.747344 0.451728 0.761079 0.397875 0.700746 0.451728 0.728216 0.397875 0.700746 0.451728 0.747344 0.451728 0.761079 0.397875 0.728216 0.397875 0.740203 0.501289 0.847679 0.501289 0.698797 0.501289 0.746369 0.501289 0.698797 0.501289 0.841513 0.501289 0.889086 0.501289 0.889086 0.501289 0.848685 0.560840 0.890867 0.560840 0.890867 0.560840 0.842404 0.560840 0.745479 0.560840 0.697016 0.560840 0.697016 0.560840 0.739197 0.560840 0.745880 0.647707 0.842002 0.647707 0.708682 0.669183 0.751311 0.647707 0.708682 0.669183 0.836571 0.647707 0.879201 0.669183 0.879201 0.669183 0.831416 0.699958 0.868890 0.721434 0.868890 0.721434 0.831416 0.699958 0.756467 0.699958 
						0.718993 0.721434 0.718993 0.721434 0.756467 0.699958 0.834521 0.393893 0.758513 0.393893 0.718674 0.392451 0.718674 0.392451 0.758513 0.393893 0.834521 0.393893 0.873836 0.388781 0.873836 0.388781 0.874143 0.384739 0.835330 0.391162 0.835330 0.391162 0.874143 0.384739 0.757704 0.391162 0.711289 0.387885 0.757704 0.391162 0.711289 0.387885 0.832777 0.386913 0.760258 0.386913 0.719543 0.384161 0.719543 0.384161 0.760258 0.386913 0.832777 0.386913 0.865890 0.381670 0.865890 0.381670 0.865365 0.375414 0.832252 0.377642 0.756588 0.378559 0.720591 0.375938 0.847597 0.368600 0.694359 0.368600 0.745438 0.368600 0.898675 0.368600 0.926847 0.359282 0.666187 0.359282 0.861683 0.359282 0.731352 0.359282 0.116503 0.081234 0.145426 0.081234 0.087579 0.081234 0.145426 0.081234 0.116503 0.081234 0.087579 0.081234 0.121587 0.216066 0.059961 0.216066 0.175688 0.216066 0.059961 0.216066 0.121587 0.216066 0.175688 0.216066 0.121587 0.363174 0.187506 0.363174 0.048956 0.363174 0.187506 0.363174 0.121587 0.363174 0.048956 0.363174 0.042606 0.911137 0.042606 0.911137 0.042606 0.911137 0.198581 0.911137 0.158951 0.910216 0.192610 0.910216 0.082611 0.910216 
						0.048951 0.910216 0.347232 0.674825 0.230477 0.674825 0.347232 0.672765 0.230477 0.672765 0.349819 0.663769 0.228397 0.663769 0.228397 0.406979 0.349819 0.406978 0.228397 0.663769 0.344678 0.663769 0.349819 0.406979 0.228397 0.406979 0.790810 0.175022 0.861853 0.197111 0.877827 0.055444 0.793268 0.009239 0.944688 0.203191 0.954620 0.090830 0.651268 0.205495 0.733079 0.194039 0.714852 0.054829 0.654033 0.088987 0.861853 0.197111 0.790810 0.175022 0.793268 0.009239 0.877827 0.055444 0.944687 0.203191 0.954620 0.090830 0.733079 0.194039 0.651268 0.205495 0.654033 0.088986 0.714852 0.054829 0.228397 0.231981 0.349819 0.231981 0.349819 0.325313 0.228397 0.325313 0.349819 0.325313 0.228397 0.325313 0.349819 0.231981 0.228397 0.231981 0.793941 0.673935 0.793941 0.673935 0.392712 0.768764 0.439171 0.801582 0.448335 0.687142 0.402848 0.687142 0.439171 0.801582 0.392712 0.768764 0.402848 0.687142 0.448335 0.687142 0.608245 0.760060 0.544378 0.795950 0.539310 0.687142 0.584797 0.687142 0.544379 0.795950 0.608245 0.760060 0.584797 0.687142 0.539311 0.687142 0.486655 0.828681 0.493823 0.687142 0.486655 0.828681 0.493823 0.687142 0.466811 0.502337 
						0.438571 0.502337 0.438571 0.502337 0.466811 0.502337 0.523292 0.502337 0.551531 0.502337 0.551531 0.502337 0.523292 0.502337 0.495052 0.502337 0.495052 0.502337 0.476874 0.498005 0.458696 0.498005 0.458696 0.498005 0.476874 0.498005 0.513229 0.498005 0.531407 0.498005 0.531407 0.498005 0.513229 0.498005 0.495052 0.498005 0.495052 0.498005 0.476874 0.491007 0.458696 0.491007 0.458696 0.491007 0.476874 0.491007 0.513229 0.491007 0.531407 0.491007 0.531407 0.491007 0.513229 0.491007 0.495052 0.491007 0.495052 0.491007 0.474332 0.487341 0.453613 0.487341 0.453613 0.487341 0.474332 0.487341 0.515771 0.487341 0.536490 0.487341 0.536490 0.487341 0.515771 0.487341 0.495052 0.487341 0.495052 0.487341 0.468808 0.479269 0.444007 0.479269 0.444007 0.479269 0.468808 0.479269 0.518411 0.479269 0.543212 0.479269 0.543212 0.479269 0.518411 0.479269 0.493610 0.479269 0.493610 0.479269 0.461582 0.468996 0.429030 0.468996 0.429030 0.468996 0.461582 0.468996 0.526686 0.468996 0.559238 0.468996 0.559238 0.468996 0.526686 0.468996 0.494134 0.468996 0.494134 0.468996 0.460694 0.453013 0.429613 0.453013 0.429613 0.453013 0.460694 0.453013 0.522856 0.453013 
						0.553936 0.453013 0.553936 0.453013 0.522856 0.453013 0.491775 0.453013 0.491775 0.453013 0.475776 0.433342 0.459514 0.433342 0.459514 0.433342 0.475776 0.433342 0.508298 0.433342 0.524297 0.430851 0.524297 0.430851 0.508298 0.433342 0.492037 0.433342 0.492037 0.433342 0.487081 0.419845 0.482126 0.419845 0.482126 0.419845 0.487081 0.419845 0.496992 0.419845 0.501948 0.419845 0.501948 0.419845 0.496992 0.419845 0.492037 0.419845 0.492037 0.419845 0.492037 0.417012 0.492037 0.417012 0.236037 0.564189 0.236037 0.484104 0.340849 0.484104 0.323641 0.564189 0.349277 0.488236 0.349277 0.505739 0.228281 0.505739 0.228281 0.488236 0.323641 0.564189 0.340849 0.367498 0.236037 0.367498 0.236037 0.564189 0.228281 0.483836 0.349277 0.483836 0.236037 0.446860 0.340849 0.446860 0.236037 0.411577 0.340849 0.411577 0.228281 0.483836 0.228282 0.486236 0.349277 0.486236 0.349277 0.483836 0.228282 0.509037 0.349277 0.509037 0.236037 0.386094 0.340849 0.386094 0.236037 0.382664 0.340849 0.382664 0.228282 0.544239 0.349277 0.544239 0.228282 0.589441 0.349277 0.589441 0.236037 0.382664 0.236037 0.392464 0.340849 0.392465 0.340849 0.382664 0.236037 0.403246 
						0.340849 0.403246 0.228282 0.627043 0.349277 0.627043 0.228282 0.673046 0.349277 0.673046 0.236037 0.438039 0.340849 0.438039 0.236037 0.451271 0.340849 0.451271 0.228282 0.712647 0.349277 0.712647 0.228282 0.747050 0.349277 0.747050 0.349277 0.746209 0.349277 0.769010 0.228282 0.769010 0.228282 0.746208 0.349277 0.775810 0.228282 0.775810 0.228282 0.767050 0.349277 0.767050 0.349277 0.775810 0.228282 0.775810 0.347943 0.316556 0.229766 0.316556 0.229766 0.317585 0.347943 0.317585 0.229766 0.316556 0.347943 0.316556 0.347943 0.328145 0.229766 0.328145 0.229766 0.330371 0.347943 0.330371 0.229766 0.358658 0.347943 0.358658 0.347943 0.352107 0.229766 0.352107 0.347943 0.384715 0.229766 0.384716 0.229766 0.392914 0.347943 0.392914 0.340849 0.439206 0.236037 0.439206 0.236037 0.404413 0.340849 0.404413 0.347943 0.426396 0.229766 0.426396 0.347943 0.464298 0.229766 0.464298 0.236037 0.393632 0.340849 0.393632 0.236037 0.383831 0.340849 0.383831 0.347943 0.511696 0.229766 0.511696 0.347943 0.554412 0.229766 0.554412 0.340849 0.383831 0.236037 0.383831 0.236037 0.387261 0.340849 0.387261 0.236037 0.412744 0.340849 0.412744 0.347943 0.588765 
						0.229766 0.588766 0.347943 0.601344 0.229766 0.601344 0.236037 0.448027 0.340849 0.448027 0.236037 0.485271 0.340849 0.485271 0.347943 0.613473 0.229766 0.613473 0.323641 0.565356 0.236037 0.565356 0.236037 0.368664 0.340849 0.368664 0.347943 0.611739 0.229766 0.611739 0.229766 0.613473 0.347943 0.613473 0.236037 0.565356 0.323641 0.565356 0.522282 0.967168 0.407599 0.964929 0.440309 0.973747 0.578580 0.978303 0.496100 0.959417 0.377973 0.952011 0.471296 0.945120 0.361437 0.942709 0.453382 0.928757 0.349379 0.926862 0.450971 0.915666 0.348346 0.911188 0.371772 0.887245 0.359714 0.897408 0.457861 0.909637 0.394508 0.878805 0.465440 0.908087 0.499200 0.899647 0.419656 0.874327 0.489899 0.909293 0.497478 0.888968 0.448939 0.874154 0.489554 0.882078 0.469953 0.876049 0.448939 0.874154 0.469953 0.876049 0.489554 0.882078 0.497478 0.888968 0.419656 0.874327 0.499200 0.899647 0.394508 0.878805 0.489899 0.909293 0.457861 0.909637 0.371772 0.887245 0.465440 0.908087 0.450971 0.915666 0.359714 0.897408 0.349379 0.926862 0.348346 0.911188 0.453382 0.928757 0.361437 0.942709 0.471296 0.945120 0.377973 0.952011 0.496100 0.959417 0.407599 0.964929 
						0.522282 0.967168 0.440309 0.973747 0.578580 0.978303 0.440309 0.973747 0.407599 0.964929 0.522282 0.967168 0.578580 0.978303 0.471296 0.945121 0.496100 0.959417 0.377973 0.952011 0.453382 0.928757 0.361437 0.942709 0.348346 0.911188 0.450971 0.915666 0.349379 0.926862 0.359714 0.897408 0.457861 0.909637 0.371772 0.887245 0.465440 0.908087 0.499200 0.899647 0.489899 0.909293 0.394508 0.878805 0.497478 0.888968 0.419657 0.874327 0.489554 0.882078 0.448939 0.874154 0.419657 0.874327 0.497478 0.888968 0.489554 0.882078 0.448939 0.874154 0.394508 0.878805 0.499200 0.899647 0.371772 0.887245 0.489899 0.909293 0.457861 0.909637 0.465440 0.908087 0.359714 0.897408 0.450971 0.915666 0.348346 0.911188 0.453382 0.928757 0.349379 0.926862 0.377973 0.952011 0.471296 0.945121 0.361437 0.942709 0.407599 0.964929 0.496100 0.959417 0.522282 0.967168 0.440309 0.973747 0.578580 0.978303 0.469953 0.876049 0.469953 0.876049 
					</float_array>
					<technique_common>
						<accessor count="883" offset="0" source="#meshId0-tex0-array" stride="2">
							<param name="S" type="float" />
							<param name="T" type="float" />
						</accessor>
					</technique_common>
				</source>
				<vertices id="meshId0-vertices">
					<input semantic="POSITION" source="#meshId0-positions" />
				</vertices>
				<polylist count="894" material="defaultMaterial">
					<input offset="0" semantic="VERTEX" source="#meshId0-vertices" />
					<input offset="0" semantic="NORMAL" source="#meshId0-normals" />
					<input offset="0" semantic="TANGENT" source="#meshId0-tangents" />
					<input offset="0" semantic="BINORMAL" source="#meshId0-bitangents" />
					<input offset="0" semantic="TEXCOORD" source="#meshId0-tex0" set="0" />
					<vcount>
						3 3 3 3 3 3 3 3 3 3 3 3 3 3 3 3 3 3 3 3 3 3 3 3 3 3 3 3 3 3 3 3 3 3 3 3 3 3 3 3 3 3 3 3 3 3 3 3 3 3 3 3 3 3 3 3 3 3 3 3 3 3 3 3 
						3 3 3 3 3 3 3 3 3 3 3 3 3 3 3 3 3 3 3 3 3 3 3 3 3 3 3 3 3 3 3 3 3 3 3 3 3 3 3 3 3 3 3 3 3 3 3 3 3 3 3 3 3 3 3 3 3 3 3 3 3 3 3 3 
						3 3 3 3 3 3 3 3 3 3 3 3 3 3 3 3 3 3 3 3 3 3 3 3 3 3 3 3 3 3 3 3 3 3 3 3 3 3 3 3 3 3 3 3 3 3 3 3 3 3 3 3 3 3 3 3 3 3 3 3 3 3 3 3 
						3 3 3 3 3 3 3 3 3 3 3 3 3 3 3 3 3 3 3 3 3 3 3 3 3 3 3 3 3 3 3 3 3 3 3 3 3 3 3 3 3 3 3 3 3 3 3 3 3 3 3 3 3 3 3 3 3 3 3 3 3 3 3 3 
						3 3 3 3 3 3 3 3 3 3 3 3 3 3 3 3 3 3 3 3 3 3 3 3 3 3 3 3 3 3 3 3 3 3 3 3 3 3 3 3 3 3 3 3 3 3 3 3 3 3 3 3 3 3 3 3 3 3 3 3 3 3 3 3 
						3 3 3 3 3 3 3 3 3 3 3 3 3 3 3 3 3 3 3 3 3 3 3 3 3 3 3 3 3 3 3 3 3 3 3 3 3 3 3 3 3 3 3 3 3 3 3 3 3 3 3 3 3 3 3 3 3 3 3 3 3 3 3 3 
						3 3 3 3 3 3 3 3 3 3 3 3 3 3 3 3 3 3 3 3 3 3 3 3 3 3 3 3 3 3 3 3 3 3 3 3 3 3 3 3 3 3 3 3 3 3 3 3 3 3 3 3 3 3 3 3 3 3 3 3 3 3 3 3 
						3 3 3 3 3 3 3 3 3 3 3 3 3 3 3 3 3 3 3 3 3 3 3 3 3 3 3 3 3 3 3 3 3 3 3 3 3 3 3 3 3 3 3 3 3 3 3 3 3 3 3 3 3 3 3 3 3 3 3 3 3 3 3 3 
						3 3 3 3 3 3 3 3 3 3 3 3 3 3 3 3 3 3 3 3 3 3 3 3 3 3 3 3 3 3 3 3 3 3 3 3 3 3 3 3 3 3 3 3 3 3 3 3 3 3 3 3 3 3 3 3 3 3 3 3 3 3 3 3 
						3 3 3 3 3 3 3 3 3 3 3 3 3 3 3 3 3 3 3 3 3 3 3 3 3 3 3 3 3 3 3 3 3 3 3 3 3 3 3 3 3 3 3 3 3 3 3 3 3 3 3 3 3 3 3 3 3 3 3 3 3 3 3 3 
						3 3 3 3 3 3 3 3 3 3 3 3 3 3 3 3 3 3 3 3 3 3 3 3 3 3 3 3 3 3 3 3 3 3 3 3 3 3 3 3 3 3 3 3 3 3 3 3 3 3 3 3 3 3 3 3 3 3 3 3 3 3 3 3 
						3 3 3 3 3 3 3 3 3 3 3 3 3 3 3 3 3 3 3 3 3 3 3 3 3 3 3 3 3 3 3 3 3 3 3 3 3 3 3 3 3 3 3 3 3 3 3 3 3 3 3 3 3 3 3 3 3 3 3 3 3 3 3 3 
						3 3 3 3 3 3 3 3 3 3 3 3 3 3 3 3 3 3 3 3 3 3 3 3 3 3 3 3 3 3 3 3 3 3 3 3 3 3 3 3 3 3 3 3 3 3 3 3 3 3 3 3 3 3 3 3 3 3 3 3 3 3 3 3 
						3 3 3 3 3 3 3 3 3 3 3 3 3 3 3 3 3 3 3 3 3 3 3 3 3 3 3 3 3 3 3 3 3 3 3 3 3 3 3 3 3 3 3 3 3 3 3 3 3 3 3 3 3 3 3 3 3 3 3 3 3 3 
					</vcount>
					<p>
						0 1 2 3 4 5 6 7 8 9 10 11 12 13 14 15 16 17 18 19 20 21 22 23 24 25 26 27 28 29 30 31 32 33 34 35 36 37 38 39 40 41 42 43 44 45 46 47 48 49 50 51 52 53 54 55 56 57 58 59 60 55 61 58 62 60 63 64 65 66 67 68 66 69 70 67 71 72 73 74 75 63 65 76 77 78 79 80 81 82 83 84 85 86 83 85 87 88 89 88 90 89 91 92 93 91 93 94 92 95 96 92 96 93 95 97 98 95 98 96 97 99 100 97 100 98 99 101 102 99 102 100 101 103 104 101 104 102 103 105 106 103 106 104 105 1 0 105 0 106 3 5 107 3 107 108 108 107 109 108 109 110 110 109 111 110 111 112 112 111 113 112 113 114 114 113 115 114 115 116 116 115 117 116 117 118 118 117 119 118 119 120 
						121 122 120 121 120 119 7 6 123 7 123 124 6 8 125 6 125 126 126 125 10 126 10 9 10 127 128 10 128 11 127 129 130 127 130 128 129 13 12 129 12 130 12 14 131 12 131 132 132 131 133 132 133 134 134 133 16 134 16 15 20 135 136 20 136 18 135 137 138 135 138 136 137 22 21 137 21 138 21 23 139 21 139 140 140 139 141 140 141 142 142 141 26 142 26 25 26 143 144 26 144 24 143 28 27 143 27 144 145 27 29 145 29 146 147 148 149 147 149 150 149 151 152 149 152 150 151 153 154 151 154 152 153 155 156 153 156 154 155 157 158 155 158 156 157 159 160 157 160 158 159 161 162 159 162 160 161 31 30 161 30 162 33 35 163 33 163 164 164 163 165 164 165 166 166 165 167 166 167 168 168 167 169 168 169 170 170 169 171 170 171 172 
						172 171 173 172 173 174 174 173 175 174 175 176 175 177 178 175 178 176 179 180 181 179 181 182 180 183 184 180 184 181 183 185 186 183 186 184 185 187 188 185 188 186 187 37 36 187 36 188 36 38 189 36 189 190 190 189 40 190 40 39 40 191 192 40 192 41 191 193 194 191 194 192 193 195 196 193 196 194 197 198 199 197 199 200 200 199 201 200 201 202 202 201 44 202 44 43 44 203 204 44 204 42 203 46 45 203 45 204 45 47 205 45 205 206 206 205 207 206 207 208 208 207 209 208 209 210 210 209 211 210 211 212 212 211 213 212 213 214 215 216 217 215 217 218 219 220 221 219 221 222 223 224 225 223 225 226 227 228 229 227 229 230 231 232 216 231 216 215 233 234 232 233 232 231 235 236 228 235 228 227 237 238 236 237 236 235 239 240 234 239 234 233 
						241 242 240 241 240 239 243 244 238 243 238 237 245 246 244 245 244 243 247 248 249 247 249 250 251 252 248 251 248 247 253 254 246 253 246 245 255 256 254 255 254 253 257 258 252 257 252 251 259 260 261 259 261 262 263 264 256 263 256 255 265 266 264 265 264 263 267 268 260 267 260 259 269 270 268 269 268 267 271 272 266 271 266 265 273 274 270 273 270 269 275 276 277 275 277 278 279 277 276 279 276 280 281 282 283 281 283 284 285 281 284 285 284 286 287 279 280 287 280 288 289 287 288 289 288 290 291 292 293 291 293 294 295 291 294 295 294 296 297 289 290 297 290 298 299 297 298 299 298 300 301 295 296 301 296 302 303 301 302 303 302 304 305 299 300 305 300 306 307 305 306 307 306 308 309 310 311 309 311 312 313 309 312 313 312 314 315 307 308 315 308 316 
						317 315 316 317 316 318 319 313 314 319 314 320 321 319 320 321 320 322 323 324 325 323 325 326 327 328 329 327 329 330 326 331 332 326 332 323 333 321 322 333 322 334 335 336 337 335 337 338 339 340 338 339 338 337 341 342 340 341 340 339 343 344 342 343 342 341 345 346 347 345 347 348 349 350 346 349 346 345 351 352 344 351 344 343 353 354 352 353 352 351 355 356 350 355 350 349 357 358 356 357 356 355 359 360 354 359 354 353 361 362 360 361 360 359 363 364 358 363 358 357 365 366 362 365 362 361 364 363 367 364 367 368 369 370 371 369 371 372 373 374 375 373 375 376 377 371 370 377 370 378 379 373 376 379 376 380 381 379 380 381 380 382 383 377 378 383 378 384 385 383 384 385 384 386 387 381 382 387 382 388 389 387 388 389 388 390 391 385 386 391 386 392 
						393 391 392 393 392 394 395 389 390 395 390 396 397 395 396 397 396 398 399 400 401 399 401 402 403 404 405 403 405 406 407 408 409 407 409 410 408 411 412 408 412 409 411 413 414 411 414 412 415 416 417 415 417 418 406 417 416 406 416 403 416 419 420 416 420 403 415 421 419 415 419 416 411 422 423 411 423 413 408 424 422 408 422 411 407 425 424 407 424 408 403 420 426 403 426 404 420 427 428 420 428 426 425 429 430 425 430 424 424 430 431 424 431 422 422 431 432 422 432 423 421 433 434 421 434 419 419 434 427 419 427 420 434 435 436 434 436 427 433 437 435 433 435 434 431 438 439 431 439 432 430 440 438 430 438 431 429 441 440 429 440 430 427 436 442 427 442 428 436 443 444 436 444 442 441 445 446 441 446 440 438 447 448 438 448 439 437 449 450 437 450 435 
						406 451 452 406 452 417 417 452 453 417 453 418 414 454 455 414 455 412 412 455 456 412 456 409 409 456 457 409 457 410 405 458 451 405 451 406 458 459 460 458 460 451 456 461 462 456 462 457 455 463 461 455 461 456 454 464 463 454 463 455 452 465 466 452 466 453 451 460 465 451 465 452 460 467 468 460 468 465 465 468 469 465 469 466 464 470 471 464 471 463 463 471 472 463 472 461 461 472 473 461 473 462 459 474 467 459 467 460 474 475 476 474 476 467 472 52 51 472 51 473 471 477 52 471 52 472 470 478 477 470 477 471 468 49 48 468 48 469 467 476 49 467 49 468 476 479 50 476 50 49 48 50 58 48 58 57 478 480 481 478 481 477 477 481 53 477 53 52 51 53 55 51 55 54 475 482 479 475 479 476 482 483 62 482 62 479 481 61 55 481 55 53 
						480 484 61 480 61 481 479 62 58 479 58 50 485 56 55 485 55 60 486 59 58 486 58 60 84 83 487 84 487 488 83 86 489 83 489 487 88 87 490 88 490 491 90 88 491 90 491 492 492 491 493 492 493 494 491 490 495 491 495 493 487 489 496 487 496 497 488 487 497 488 497 498 498 497 499 498 499 500 497 496 501 497 501 499 493 495 502 493 502 503 494 493 503 494 503 504 504 503 71 504 71 70 503 502 72 503 72 71 499 501 75 499 75 74 500 499 74 500 74 76 63 76 74 63 74 73 71 67 66 71 66 70 505 69 66 505 66 68 506 64 63 506 63 73 507 505 68 506 508 64 78 77 509 78 509 510 81 80 511 81 511 512 398 399 402 398 402 397 513 393 394 513 394 514 348 347 515 348 515 516 517 518 519 517 519 520 521 522 523 521 523 524 
						525 526 527 525 527 528 526 529 530 526 530 527 531 532 533 531 533 534 532 525 528 532 528 533 535 536 537 535 537 538 539 535 538 539 538 540 541 542 543 541 543 544 536 541 544 536 544 537 545 546 547 545 547 548 520 519 548 520 548 547 523 549 550 523 550 524 549 551 552 549 552 550 553 438 440 446 553 440 553 447 438 554 436 435 450 554 435 554 443 436 555 556 557 555 557 558 559 560 561 559 561 562 563 564 565 563 565 566 567 568 569 567 569 570 571 559 562 571 562 572 564 571 572 564 572 565 556 573 574 556 574 557 573 567 570 573 570 574 558 557 575 558 575 576 562 561 577 562 577 578 566 565 579 566 579 580 570 569 581 570 581 582 572 562 578 572 578 583 565 572 583 565 583 579 557 574 584 557 584 575 574 570 582 574 582 584 576 575 585 576 585 586 
						578 577 587 578 587 588 580 579 589 580 589 590 582 581 591 582 591 592 583 578 588 583 588 593 579 583 593 579 593 589 575 584 594 575 594 585 584 582 592 584 592 594 586 585 595 586 595 596 588 587 597 588 597 598 590 589 599 590 599 600 592 591 601 592 601 602 593 588 598 593 598 603 589 593 603 589 603 599 585 594 604 585 604 595 594 592 602 594 602 604 596 595 605 596 605 606 598 597 607 598 607 608 600 599 609 600 609 610 602 601 611 602 611 612 603 598 608 603 608 613 599 603 613 599 613 609 595 604 614 595 614 605 604 602 612 604 612 614 606 605 615 606 615 616 608 607 617 608 617 618 610 609 619 610 619 620 612 611 621 612 621 622 613 608 618 613 618 623 609 613 623 609 623 619 605 614 624 605 624 615 614 612 622 614 622 624 616 615 625 616 625 626 
						618 617 627 618 627 628 620 619 629 620 629 630 622 621 631 622 631 632 623 618 628 623 628 633 619 623 633 619 633 629 615 624 634 615 634 625 624 622 632 624 632 634 626 625 635 626 635 636 628 627 637 628 637 638 630 629 639 630 639 640 632 631 641 632 641 642 633 628 638 633 638 643 629 633 643 629 643 639 625 634 644 625 644 635 634 632 642 634 642 644 636 635 645 636 645 646 638 637 647 638 647 648 640 639 649 640 649 650 642 641 651 642 651 652 643 638 648 643 648 653 639 643 653 639 653 649 635 644 654 635 654 645 644 642 652 644 652 654 646 645 655 646 655 656 648 647 657 648 657 658 650 649 659 650 659 660 652 651 661 652 661 662 653 648 658 653 658 663 649 653 663 649 663 659 645 654 664 645 664 655 654 652 662 654 662 664 656 655 665 658 657 666 
						660 659 666 662 661 665 663 658 666 659 663 666 655 664 665 664 662 665 667 668 669 667 669 670 671 672 673 671 673 674 675 676 677 675 677 678 674 679 680 674 680 671 668 681 682 668 682 669 681 683 684 681 684 682 685 686 687 685 687 688 686 689 690 686 690 687 683 691 692 683 692 684 691 693 694 691 694 692 689 695 696 689 696 690 695 697 698 695 698 696 699 700 701 699 701 702 700 703 704 700 704 701 697 705 706 697 706 698 705 707 708 705 708 706 703 709 710 703 710 704 709 711 712 709 712 710 707 713 714 707 714 708 713 715 716 713 716 714 717 718 719 717 719 720 718 721 722 718 722 719 715 723 724 715 724 716 725 724 723 725 723 726 727 728 729 727 729 730 731 732 733 731 733 734 730 729 735 730 735 736 736 735 737 736 737 738 734 733 739 734 739 740 
						740 739 741 740 741 742 738 737 743 738 743 744 745 746 747 745 747 748 742 741 749 742 749 750 750 749 751 750 751 752 748 747 753 748 753 754 754 753 755 754 755 756 752 751 757 752 757 758 758 757 759 758 759 760 761 762 763 761 763 764 764 763 765 764 765 766 760 759 767 760 767 768 768 767 769 768 769 770 766 765 771 766 771 772 772 771 773 772 773 774 770 769 775 770 775 776 777 778 779 777 779 780 781 782 783 781 783 784 774 773 785 774 785 786 787 788 789 787 789 790 791 792 788 791 788 787 793 794 792 793 792 791 795 796 794 795 794 793 797 798 796 797 796 795 799 800 797 799 797 801 802 799 801 802 801 803 804 805 802 804 802 806 807 808 805 807 805 804 809 810 808 809 808 807 811 812 813 811 813 814 815 811 814 815 814 816 817 815 816 817 816 818 
						819 820 817 819 817 821 822 823 820 822 820 819 824 825 822 824 822 826 827 824 826 827 826 828 829 827 828 829 828 830 831 829 830 831 830 832 833 831 832 833 832 834 835 836 837 835 837 838 839 840 836 839 836 841 842 839 841 842 841 843 844 845 842 844 842 846 847 848 845 847 845 844 849 850 848 849 848 847 851 852 849 851 849 853 854 851 853 854 853 855 856 854 855 856 855 857 858 859 860 858 860 861 862 863 859 862 859 858 864 865 863 864 863 862 866 867 864 866 864 868 869 866 868 869 868 870 871 869 870 871 870 872 873 874 871 873 871 875 876 877 874 876 874 873 878 876 879 878 879 880 797 800 798 803 806 802 821 817 818 822 825 823 836 840 837 843 846 842 849 852 850 857 881 856 861 860 882 864 867 865 875 871 872 876 878 877 
					</p>
				</polylist>
			</mesh>
		</geometry>
		<geometry id="meshId1" name="meshId1_name" >
			<mesh>
				<source id="meshId1-positions" name="meshId1-positions">
					<float_array id="meshId1-positions-array" count="1386"> 
						-35.187084 4.612770 -0.064267 -35.402905 3.704733 -0.168438 -35.807579 3.823492 -0.064267 -24.681831 4.612774 -0.064267 -24.061335 3.823494 -0.064267 -24.466000 3.704733 -0.168438 -35.402905 3.704733 0.162467 -35.187080 4.612774 0.058296 -35.807579 3.823492 0.058296 -24.466000 3.704733 0.162467 -24.061335 3.823494 0.058296 -24.681831 4.612774 0.058296 -28.883602 3.224459 -0.003811 -29.412106 3.224457 -0.369325 -29.150244 3.560650 -0.474784 -30.997627 3.224457 -0.003811 -30.469128 3.224463 0.361703 -30.730988 3.560650 0.467162 -31.521355 3.560650 -0.003811 -30.890453 3.843761 0.420080 -31.840286 3.843761 -0.003811 -28.359884 3.560650 -0.003811 -28.990776 3.843761 -0.427702 -28.040949 3.843761 -0.003811 -29.940624 3.843761 -0.003811 -28.990776 3.843761 0.420080 -30.890453 3.843761 -0.427702 -29.942142 7.720770 -0.242780 -31.116577 4.666052 -0.242780 -31.116577 7.720770 -0.186661 -29.942142 7.720770 0.241144 -31.116577 7.720770 0.185025 -31.116577 4.666052 0.241144 -28.767702 7.720770 0.185025 -28.767702 7.720770 -0.186661 -28.767702 7.850046 -0.000818 -31.116577 7.720770 -0.186661 -31.116577 7.720770 0.185025 -31.116577 7.850046 -0.000818 -29.942146 26.348976 -0.026209 -30.065392 26.348976 -0.000818 -29.942146 26.473337 -0.000818 -29.818905 26.348976 -0.000818 -30.065392 26.348976 -0.000818 -29.942146 26.348976 0.024573 -29.942146 26.473337 -0.000818 -29.818905 26.348976 -0.000818 -30.144802 -9.510208 -0.176193 -29.736420 -9.510208 -0.176193 -29.736420 -9.660603 -0.176193 -30.144802 -9.660603 -0.176193 -29.532234 -9.510208 -0.003810 -29.532234 -9.660603 -0.003810 -29.532234 -9.510208 -0.003810 -29.736423 -9.510208 0.168572 -29.736423 -9.660603 0.168572 -29.532234 -9.660603 -0.003810 -30.144802 -9.510208 0.168571 -30.144802 -9.660603 0.168571 -30.348991 -9.510208 -0.003811 -30.348991 -9.660603 -0.003811 -30.348991 -9.510208 -0.003811 -30.348991 -9.660603 -0.003811 -30.164600 -9.661011 -0.300374 
						-30.388588 -9.661011 -0.003811 -30.388588 -9.661011 -0.003811 -30.164600 -9.661011 0.292752 -29.716625 -9.661011 0.292752 -29.492638 -9.661011 -0.003810 -29.492638 -9.661011 -0.003810 -29.716621 -9.661011 -0.300373 -29.663326 -9.861053 -0.370937 -30.217896 -9.861053 -0.370938 -29.386045 -9.861053 -0.003810 -29.663332 -9.861053 0.363316 -29.386045 -9.861053 -0.003810 -30.217896 -9.861053 0.363315 -30.495178 -9.861053 -0.003811 -30.495178 -9.861053 -0.003811 -30.036869 -10.495461 -0.131255 -29.844355 -10.495461 -0.131255 -29.940617 -10.613487 -0.003811 -29.844355 -10.495461 0.123635 -30.036869 -10.495461 0.123634 -29.940617 -10.613487 -0.003811 -29.934456 3.660749 -0.587270 -30.680794 3.660748 -0.489890 -30.627712 4.906727 -0.358199 -29.934456 5.260612 -0.387634 -31.406258 3.660748 -0.396320 -31.353180 4.597075 -0.327584 -32.167114 3.660748 -0.339638 -32.114029 4.358202 -0.319375 -33.025284 3.660748 -0.292065 -32.972195 4.260883 -0.292065 -33.715355 3.660748 -0.273488 -33.662273 4.260883 -0.273488 -34.426426 3.660748 -0.273488 -34.373344 4.375250 -0.273488 -34.844292 3.660748 -0.273488 -34.791206 4.480812 -0.199692 -25.024620 3.660749 -0.273488 -25.077702 4.480814 -0.199692 -25.442484 3.660749 -0.273488 -25.495571 4.375250 -0.273488 -26.153553 3.660749 -0.273488 -26.206636 4.260885 -0.273488 -26.843628 3.660749 -0.292065 -26.896713 4.260885 -0.292065 -27.701799 3.660749 -0.339638 -27.754881 4.358206 -0.319375 -28.462650 3.660749 -0.396320 -28.515736 4.597075 -0.327584 -29.188118 3.660749 -0.489890 -29.241201 4.906727 -0.358199 -29.934456 3.660749 -0.587270 -29.934456 5.260612 -0.387634 -29.934456 3.660749 0.581298 -29.934456 5.260609 0.381662 -30.627712 4.906727 0.352226 -30.680794 3.660748 0.483917 -31.353176 4.597080 0.321612 -31.406258 3.660748 0.390348 -32.114029 4.358206 0.313403 -32.167110 3.660748 0.333667 -32.972195 4.260885 0.286093 -33.025284 3.660748 0.286093 -33.662273 4.260885 0.267516 
						-33.715355 3.660748 0.267516 -34.373344 4.375250 0.267516 -34.426426 3.660748 0.267516 -34.791206 4.480814 0.193721 -34.844292 3.660748 0.267516 -25.077702 4.480814 0.193721 -25.024620 3.660749 0.267516 -25.495571 4.375252 0.267516 -25.442484 3.660749 0.267516 -26.206636 4.260885 0.267516 -26.153553 3.660749 0.267516 -26.896709 4.260885 0.286093 -26.843628 3.660749 0.286093 -27.754881 4.358208 0.313403 -27.701799 3.660749 0.333667 -28.515736 4.597080 0.321612 -28.462650 3.660749 0.390348 -29.241201 4.906727 0.352226 -29.188118 3.660749 0.483917 -29.934456 5.260609 0.381662 -29.934456 3.660749 0.581298 -29.934456 5.260612 -0.387634 -29.934456 5.260609 0.381662 -29.241201 4.906727 0.352226 -29.241201 4.906727 -0.358199 -29.934456 3.660749 0.581298 -29.934456 3.660749 -0.587270 -29.188118 3.660749 -0.489890 -29.188118 3.660749 0.483917 -28.462650 3.660749 -0.396320 -28.462650 3.660749 0.390348 -28.515736 4.597080 0.321612 -28.515736 4.597075 -0.327584 -27.754881 4.358208 0.313403 -27.754881 4.358206 -0.319375 -27.701799 3.660749 -0.339638 -27.701799 3.660749 0.333667 -26.843628 3.660749 -0.292065 -26.843628 3.660749 0.286093 -26.896709 4.260885 0.286093 -26.896713 4.260885 -0.292065 -26.206636 4.260885 0.267516 -26.206636 4.260885 -0.273488 -26.153553 3.660749 -0.273488 -26.153553 3.660749 0.267516 -25.442484 3.660749 -0.273488 -25.442484 3.660749 0.267516 -25.495571 4.375252 0.267516 -25.495571 4.375250 -0.273488 -25.077702 4.480814 0.193721 -25.077702 4.480814 -0.199692 -25.024620 3.660749 -0.273488 -25.024620 3.660749 0.267516 -24.466000 3.704733 -0.168438 -24.466000 3.704733 0.162467 -24.681831 4.612774 0.058296 -24.681831 4.612774 -0.064267 -24.061335 3.823494 -0.064267 -24.061335 3.823494 0.058296 -24.061335 3.823494 0.058296 -24.061335 3.823494 -0.064267 -35.807579 3.823492 0.058296 -35.187080 4.612774 0.058296 -35.187084 4.612770 -0.064267 
						-35.807579 3.823492 -0.064267 -35.402905 3.704733 0.162467 -35.807579 3.823492 0.058296 -35.807579 3.823492 -0.064267 -35.402905 3.704733 -0.168438 -34.791206 4.480812 -0.199692 -34.791206 4.480814 0.193721 -34.844292 3.660748 0.267516 -34.844292 3.660748 -0.273488 -34.426426 3.660748 0.267516 -34.426426 3.660748 -0.273488 -34.373344 4.375250 -0.273488 -34.373344 4.375250 0.267516 -33.662273 4.260883 -0.273488 -33.662273 4.260885 0.267516 -33.715355 3.660748 0.267516 -33.715355 3.660748 -0.273488 -33.025284 3.660748 0.286093 -33.025284 3.660748 -0.292065 -32.972195 4.260883 -0.292065 -32.972195 4.260885 0.286093 -32.114029 4.358202 -0.319375 -32.114029 4.358206 0.313403 -32.167110 3.660748 0.333667 -32.167114 3.660748 -0.339638 -31.406258 3.660748 0.390348 -31.406258 3.660748 -0.396320 -31.353180 4.597075 -0.327584 -31.353176 4.597080 0.321612 -30.627712 4.906727 0.352226 -30.627712 4.906727 -0.358199 -30.680794 3.660748 0.483917 -30.680794 3.660748 -0.489890 -29.934456 3.660749 -0.587270 -29.934456 3.660749 0.581298 -29.934456 5.260609 0.381662 -29.934456 5.260612 -0.387634 -30.568741 1.186302 -0.602824 -31.196877 1.186302 -0.003811 -30.941422 2.826340 -0.003811 -30.441017 2.826340 -0.426264 -31.196877 1.186302 -0.003811 -30.568741 1.186302 0.595202 -30.441017 2.826340 0.418642 -30.941422 2.826340 -0.003811 -29.312487 1.186302 0.595203 -29.440212 2.826340 0.418642 -28.684357 1.186302 -0.003810 -28.939810 2.826340 -0.003811 -28.684357 1.186302 -0.003810 -29.312483 1.186302 -0.602824 -29.440212 2.826340 -0.426264 -28.939810 2.826340 -0.003811 -29.276228 -0.323038 -0.694609 -30.604992 -0.323038 -0.694609 -28.611858 -0.323038 -0.003810 -29.276234 -0.323038 0.686987 -28.611858 -0.323038 -0.003810 -30.604992 -0.323038 0.686987 -31.269379 -0.323038 -0.003811 -31.269379 -0.323038 -0.003811 -30.617428 -2.136589 -0.707541 -31.294254 -2.136589 -0.003811 -31.294254 -2.136589 -0.003811 
						-30.617428 -2.136589 0.699918 -29.263800 -2.136589 0.699919 -28.586983 -2.136589 -0.003810 -28.586983 -2.136589 -0.003810 -29.263792 -2.136589 -0.707540 -29.346418 -5.436081 -0.621628 -30.534805 -5.436081 -0.621629 -28.752235 -5.436081 -0.003810 -29.346422 -5.436081 0.614007 -28.752235 -5.436081 -0.003810 -30.534805 -5.436081 0.614006 -31.129002 -5.436081 -0.003811 -31.129002 -5.436081 -0.003811 -30.445766 -7.027325 -0.485544 -30.950912 -7.027325 -0.003811 -30.950912 -7.027325 -0.003811 -30.445766 -7.027325 0.477922 -29.435463 -7.027325 0.477922 -28.930321 -7.027325 -0.003810 -28.930321 -7.027325 -0.003810 -29.435459 -7.027325 -0.485543 -29.506483 -8.255859 -0.370310 -30.374741 -8.255859 -0.370310 -29.072367 -8.255859 -0.003810 -29.506489 -8.255859 0.362688 -29.072367 -8.255859 -0.003810 -30.374741 -8.255859 0.362688 -30.808861 -8.255859 -0.003811 -30.808861 -8.255859 -0.003811 -30.421574 -8.384567 -0.409849 -30.902531 -8.384567 -0.003811 -30.902531 -8.384567 -0.003811 -30.421574 -8.384567 0.402227 -29.459656 -8.384567 0.402227 -28.978699 -8.384567 -0.003810 -28.978699 -8.384567 -0.003810 -29.459650 -8.384567 -0.409849 -29.459650 -8.571774 -0.409849 -30.421574 -8.571774 -0.409849 -28.978699 -8.571774 -0.003810 -29.459656 -8.571774 0.402227 -28.978699 -8.571774 -0.003810 -30.421574 -8.571774 0.402227 -30.902531 -8.571774 -0.003811 -30.902531 -8.571774 -0.003811 -30.591255 -8.571774 -0.553100 -31.241898 -8.571774 -0.003811 -31.241898 -8.571774 -0.003811 -30.591255 -8.571774 0.545478 -29.289967 -8.571774 0.545479 -28.639336 -8.571774 -0.003810 -28.639336 -8.571774 -0.003810 -29.289967 -8.571774 -0.553100 -29.254913 -8.735573 -0.582689 -30.626305 -8.735573 -0.582689 -28.569239 -8.735573 -0.003810 -29.254917 -8.735573 0.575068 -28.569239 -8.735573 -0.003810 -30.626305 -8.735573 0.575067 -31.311989 -8.735573 -0.003811 -31.311989 -8.735573 -0.003811 -30.582466 -8.992859 -0.545682 -31.224319 -8.992859 -0.003811 -31.224319 -8.992859 -0.003811 
						-30.582466 -8.992859 0.538060 -29.298754 -8.992859 0.538061 -28.656906 -8.992859 -0.003810 -28.656906 -8.992859 -0.003810 -29.298748 -8.992859 -0.545682 -30.582466 -8.992859 -0.545682 -30.466690 -9.214001 -0.447941 -30.992767 -9.214001 -0.003811 -31.224319 -8.992859 -0.003811 -31.224319 -8.992859 -0.003811 -30.992767 -9.214001 -0.003811 -30.466690 -9.214001 0.440320 -30.582466 -8.992859 0.538060 -29.414528 -9.214001 0.440320 -29.298754 -8.992859 0.538061 -28.888458 -9.214001 -0.003810 -28.656906 -8.992859 -0.003810 -28.656906 -8.992859 -0.003810 -28.888458 -9.214001 -0.003810 -29.414526 -9.214001 -0.447941 -29.298748 -8.992859 -0.545682 -29.596540 -9.399860 -0.294282 -30.284683 -9.399860 -0.294282 -29.252478 -9.399860 -0.003811 -29.596540 -9.399860 0.286661 -29.252478 -9.399860 -0.003811 -30.284683 -9.399860 0.286661 -30.628750 -9.399860 -0.003811 -30.628750 -9.399860 -0.003811 -30.217911 -9.430248 -0.237914 -30.495209 -9.430248 -0.003811 -30.495209 -9.430248 -0.003811 -30.217911 -9.430248 0.230292 -29.663313 -9.430248 0.230292 -29.386019 -9.430248 -0.003810 -29.386019 -9.430248 -0.003810 -29.663309 -9.430248 -0.237914 -29.663309 -9.506302 -0.237914 -30.217911 -9.506302 -0.237914 -29.386019 -9.506302 -0.003810 -29.663313 -9.506302 0.230292 -29.386019 -9.506302 -0.003810 -30.217911 -9.506302 0.230292 -30.495209 -9.506302 -0.003811 -30.495209 -9.506302 -0.003811 -30.144802 -9.510208 -0.176193 -30.348991 -9.510208 -0.003811 -30.348991 -9.510208 -0.003811 -30.144802 -9.510208 0.168571 -29.736423 -9.510208 0.168572 -29.532234 -9.510208 -0.003810 -29.532234 -9.510208 -0.003810 -29.736420 -9.510208 -0.176193 -30.494553 2.888269 -0.471462 -29.386677 2.888269 -0.471462 -28.832735 2.888269 -0.003811 -28.832735 2.888269 -0.003811 -29.386677 2.888269 0.463840 -30.494553 2.888269 0.463840 -31.048504 2.888269 -0.003811 -31.048504 2.888269 -0.003811 -31.072075 2.967896 -0.003811 -30.506348 2.967896 -0.481416 -30.506348 2.967896 0.473794 
						-31.072075 2.967896 -0.003811 -29.374886 2.967896 0.473794 -28.809156 2.967896 -0.003811 -29.374886 2.967896 -0.481416 -28.809156 2.967896 -0.003811 -30.469128 3.091753 -0.449991 -29.412106 3.091753 -0.449991 -28.883602 3.091753 -0.003811 -28.883602 3.091753 -0.003811 -29.412106 3.091753 0.442369 -30.469128 3.091753 0.442369 -30.997627 3.091753 -0.003811 -30.997627 3.091753 -0.003811 -30.997627 3.224457 -0.003811 -30.469128 3.224457 -0.369325 -29.412106 3.224463 0.361703 -28.883602 3.224459 -0.003811 -30.730988 3.560650 -0.474784 -28.359884 3.560650 -0.003811 -29.150244 3.560650 0.467162 -31.521355 3.560650 -0.003811 -31.840286 3.843761 -0.003811 -28.040949 3.843761 -0.003811 -30.890453 3.843761 -0.427702 -28.990776 3.843761 0.420080 -28.767702 7.720770 0.185025 -28.767702 7.850046 -0.000818 -31.116577 7.720770 0.185025 -28.767702 7.720770 0.185025 -31.116577 7.720770 0.185025 -29.942142 7.720770 0.241144 -31.116577 7.850046 -0.000818 -29.942142 10.734142 0.241144 -28.767702 7.850046 -0.000818 -28.767702 7.720770 -0.186661 -31.116577 7.850046 -0.000818 -29.942142 10.734142 -0.242780 -29.942146 24.608002 -0.092274 -30.386055 24.608002 -0.000818 -29.498234 24.608002 -0.000818 -30.386055 24.608002 -0.000818 -29.942146 24.608002 0.090638 -29.498234 24.608002 -0.000818 -29.942142 20.911255 0.177338 -29.077408 20.911255 -0.000818 -30.806881 20.911255 -0.000818 -29.077408 20.911255 -0.000818 -29.942142 20.911255 -0.178975 -30.806881 20.911255 -0.000818 -29.942142 16.897429 -0.218699 -30.999695 16.897429 -0.000818 -28.884590 16.897429 -0.000818 -30.999695 16.897429 -0.000818 -29.942142 16.897429 0.217063 -28.884590 16.897429 -0.000818 -28.767702 4.666052 0.241144 -28.767702 7.720770 0.185025 -28.767702 4.666052 -0.242780 -28.767702 4.666052 -0.242780 -31.116577 4.666052 0.241144 -28.767702 4.666052 0.241144 -28.767702 4.666052 -0.242780 -31.116577 4.666052 -0.242780 -31.116577 4.666052 0.241144 
						-29.678009 -10.123768 -0.351504 -30.203220 -10.123768 -0.351504 -29.415400 -10.123768 -0.003811 -29.678009 -10.123768 0.343883 -29.415400 -10.123768 -0.003811 -30.203220 -10.123768 0.343883 -30.465824 -10.123768 -0.003811 -30.465824 -10.123768 -0.003811 -30.133129 -10.495461 -0.003811 -30.133129 -10.495461 -0.003811 -29.748100 -10.495461 -0.003811 -29.748100 -10.495461 -0.003811 -29.844355 -10.495461 0.123635 -30.036869 -10.495461 0.123634 
					</float_array>
					<technique_common>
						<accessor count="462" offset="0" source="#meshId1-positions-array" stride="3">
							<param name="X" type="float" />
							<param name="Y" type="float" />
							<param name="Z" type="float" />
						</accessor>
					</technique_common>
				</source>
				<source id="meshId1-normals" name="meshId1-normals">
					<float_array id="meshId1-normals-array" count="1386"> 
						-0.221596 0.138768 -0.965214 -0.240396 -0.782440 -0.574454 -0.719836 -0.529912 -0.448364 0.442711 0.599641 -0.666661 0.719836 -0.529912 -0.448364 0.240396 -0.782440 -0.574454 -0.319687 -0.617338 0.718814 -0.178625 0.816432 0.549120 -0.888836 0.188241 0.417775 0.319687 -0.617338 0.718814 0.888836 0.188241 0.417775 0.178600 0.816426 0.549136 0.847544 -0.439627 -0.297316 0.230267 0.144753 -0.962301 0.260787 -0.288101 -0.921405 -0.847544 -0.439627 0.297316 -0.230267 0.144753 0.962301 -0.260787 -0.288101 0.921405 -0.663548 -0.708198 -0.241163 -0.285658 0.427724 0.857585 -0.975929 0.218087 0.000000 0.663548 -0.708198 0.241163 0.285658 0.427724 -0.857585 0.975936 0.218058 0.000000 0.000000 1.000000 0.000000 0.229077 0.679937 0.696570 -0.229077 0.679937 -0.696570 0.000000 0.326856 -0.945074 -0.676899 -0.324487 -0.660693 -0.646247 0.580478 -0.495390 0.000000 0.326856 0.945074 -0.665898 0.581207 0.467737 -0.348870 -0.659836 0.665512 0.646247 0.580478 0.495390 0.665898 0.581207 -0.467737 0.569271 0.809578 -0.143226 -0.646247 0.580478 -0.495390 -0.665898 0.581207 0.467737 -0.569283 0.809564 0.143259 0.041231 0.103032 -0.993823 -0.672687 0.338526 -0.657946 0.000000 1.000000 0.000000 0.672687 0.338526 0.657946 -0.672687 0.338526 -0.657946 -0.041231 0.103032 0.993823 0.000000 1.000000 0.000000 0.672687 0.338526 0.657946 -0.158517 -0.706735 -0.689491 0.318193 -0.709601 -0.628665 0.159007 0.723864 -0.671370 -0.312482 0.725249 -0.613489 0.544891 -0.810440 0.215130 0.534579 0.818868 -0.208997 0.544891 -0.810440 0.215130 0.158487 -0.706738 0.689495 0.312482 0.725249 0.613489 0.534579 0.818868 -0.208997 -0.318187 -0.709588 0.628683 -0.159007 0.723864 0.671370 -0.544891 -0.810440 -0.215130 -0.534579 0.818868 0.208997 -0.544891 -0.810440 -0.215130 -0.534579 0.818868 0.208997 -0.155646 0.845127 -0.511404 
						-0.467679 0.876394 -0.114936 -0.467679 0.876394 -0.114936 -0.304670 0.851568 0.426623 0.155646 0.845127 0.511404 0.467677 0.876391 0.114966 0.467677 0.876391 0.114966 0.304674 0.851579 -0.426598 0.287092 0.153968 -0.945448 -0.576288 0.162757 -0.800876 0.952383 0.188365 -0.239759 0.576288 0.162757 0.800876 0.952383 0.188365 -0.239759 -0.287091 0.153998 0.945444 -0.952383 0.188365 0.239759 -0.952383 0.188365 0.239759 -0.278698 -0.776155 -0.565606 0.399378 -0.777697 -0.485473 0.000000 -1.000000 0.000000 0.278698 -0.776155 0.565606 -0.399378 -0.777697 0.485473 0.000000 -1.000000 0.000000 0.000000 -0.362502 -0.931983 -0.114751 0.099309 -0.988418 -0.343554 0.675908 -0.652011 0.000000 0.887882 -0.460070 -0.057498 -0.684753 -0.726503 -0.277970 0.692086 -0.666145 -0.039339 -0.698734 -0.714299 -0.153817 0.709051 -0.688176 -0.025758 -0.706002 -0.707741 -0.053928 0.710247 -0.701884 -0.006317 -0.706849 -0.707337 0.062260 0.703381 -0.708081 -0.041018 -0.696415 -0.716466 0.113317 0.697053 -0.708009 -0.135659 -0.665842 -0.733656 0.097448 0.720103 -0.686990 0.135689 -0.665839 -0.733653 -0.097448 0.720103 -0.686990 0.041018 -0.696415 -0.716466 -0.113317 0.697053 -0.708009 0.006317 -0.706849 -0.707337 -0.062260 0.703381 -0.708081 0.025758 -0.706002 -0.707741 0.053928 0.710247 -0.701884 0.039339 -0.698734 -0.714299 0.153817 0.709051 -0.688176 0.057498 -0.684753 -0.726503 0.277970 0.692086 -0.666145 0.085485 -0.671185 -0.736344 0.343554 0.675908 -0.652011 0.000000 -0.362502 -0.931983 0.000000 0.887882 -0.460070 0.000000 -0.667301 0.744788 0.000000 0.716565 0.697521 -0.326096 0.585812 0.741947 -0.074802 -0.813513 0.576716 -0.284931 0.676742 0.678848 -0.068150 -0.675428 0.734270 -0.190716 0.690839 0.697401 -0.036165 -0.690471 0.722455 -0.073246 0.704750 0.705665 -0.027131 -0.702638 0.711030 0.031099 0.705604 0.707923 
						-0.012696 -0.706577 0.707523 0.096595 0.710588 0.696946 0.000000 -0.707107 0.707107 0.048862 0.744736 0.665568 -0.117529 -0.681523 0.722297 -0.048862 0.744736 0.665568 0.117529 -0.681523 0.722297 -0.096595 0.710588 0.696946 0.000000 -0.707107 0.707107 -0.031099 0.705604 0.707923 0.012696 -0.706577 0.707523 0.073246 0.704750 0.705665 0.027131 -0.702638 0.711030 0.190716 0.690839 0.697401 0.036165 -0.690471 0.722455 0.284931 0.676742 0.678848 0.068150 -0.675428 0.734270 0.326096 0.585812 0.741947 0.074802 -0.813513 0.576716 0.000000 0.716565 0.697521 0.000000 -0.667301 0.744788 0.000000 0.887882 -0.460070 0.000000 0.716565 0.697521 0.326096 0.585812 0.741947 0.343554 0.675908 -0.652011 0.000000 -0.667301 0.744788 0.000000 -0.362502 -0.931983 0.085485 -0.671185 -0.736344 0.074802 -0.813513 0.576716 0.057498 -0.684753 -0.726503 0.068150 -0.675428 0.734270 0.284931 0.676742 0.678848 0.277970 0.692086 -0.666145 0.190716 0.690839 0.697401 0.153817 0.709051 -0.688176 0.039339 -0.698734 -0.714299 0.036165 -0.690471 0.722455 0.025758 -0.706002 -0.707741 0.027131 -0.702638 0.711030 0.073246 0.704750 0.705665 0.053928 0.710247 -0.701884 -0.031099 0.705604 0.707923 -0.062260 0.703381 -0.708081 0.006317 -0.706849 -0.707337 0.012696 -0.706577 0.707523 0.041018 -0.696415 -0.716466 0.000000 -0.707107 0.707107 -0.096595 0.710588 0.696946 -0.113317 0.697053 -0.708009 -0.048862 0.744736 0.665568 -0.097448 0.720103 -0.686990 0.135689 -0.665839 -0.733653 0.117529 -0.681523 0.722297 0.240396 -0.782440 -0.574454 0.319687 -0.617338 0.718814 0.178600 0.816426 0.549136 0.442711 0.599641 -0.666661 0.719836 -0.529912 -0.448364 0.888836 0.188241 0.417775 0.888836 0.188241 0.417775 0.719836 -0.529912 -0.448364 -0.888836 0.188241 0.417775 -0.178625 0.816432 0.549120 -0.498415 0.866939 0.000000 
						-0.719836 -0.529912 -0.448364 -0.319687 -0.617338 0.718814 -0.888836 0.188241 0.417775 -0.719836 -0.529912 -0.448364 -0.240396 -0.782440 -0.574454 0.097448 0.720103 -0.686990 0.048862 0.744736 0.665568 -0.117529 -0.681523 0.722297 -0.135659 -0.665842 -0.733656 0.000000 -0.707107 0.707107 -0.041018 -0.696415 -0.716466 0.113317 0.697053 -0.708009 0.096595 0.710588 0.696946 0.062260 0.703381 -0.708081 0.031099 0.705604 0.707923 -0.012696 -0.706577 0.707523 -0.006317 -0.706849 -0.707337 -0.027131 -0.702638 0.711030 -0.025758 -0.706002 -0.707741 -0.053928 0.710247 -0.701884 -0.073246 0.704750 0.705665 -0.153817 0.709051 -0.688176 -0.190716 0.690839 0.697401 -0.036165 -0.690471 0.722455 -0.039339 -0.698734 -0.714299 -0.068150 -0.675428 0.734270 -0.057498 -0.684753 -0.726503 -0.277970 0.692086 -0.666145 -0.284931 0.676742 0.678848 -0.326096 0.585812 0.741947 -0.343554 0.675908 -0.652011 -0.074802 -0.813513 0.576716 0.000000 -1.000000 0.000000 0.000000 -0.362502 -0.931983 0.000000 -0.667301 0.744788 0.000000 0.716565 0.697521 0.000000 0.887882 -0.460070 -0.486593 0.088688 -0.869116 -0.937731 0.106176 0.330736 -0.822032 -0.478051 -0.309403 -0.204537 -0.301648 -0.931221 -0.937731 0.106176 0.330736 -0.244305 0.093663 0.965164 -0.426471 -0.339462 0.838384 -0.822032 -0.478051 -0.309403 0.486593 0.088688 0.869116 0.204537 -0.301648 0.931221 0.937731 0.106176 -0.330736 0.822044 -0.478028 0.309407 0.937731 0.106176 -0.330736 0.244305 0.093663 -0.965164 0.426471 -0.339462 -0.838384 0.822044 -0.478028 0.309407 0.384757 0.032473 -0.922446 -0.391496 0.037599 -0.919411 0.999312 0.036470 0.006806 0.391496 0.037599 0.919411 0.999312 0.036470 0.006806 -0.384757 0.032473 0.922446 -0.999312 0.036470 -0.006806 -0.999312 0.036470 -0.006806 -0.391558 -0.013398 -0.920056 -0.999835 -0.018159 -0.000092 -0.999835 -0.018159 -0.000092 
						-0.391621 -0.011078 0.920060 0.391558 -0.013398 0.920056 0.999835 -0.018159 0.000092 0.999835 -0.018159 0.000092 0.391647 -0.011078 -0.920049 0.390893 -0.066593 -0.918024 -0.383927 -0.063876 -0.921151 0.996376 -0.084812 -0.006409 0.383927 -0.063876 0.921151 0.996376 -0.084812 -0.006409 -0.390893 -0.066593 0.918024 -0.996376 -0.084812 0.006409 -0.996376 -0.084812 0.006409 -0.360338 -0.098607 -0.927595 -0.991994 -0.125129 0.017030 -0.991994 -0.125129 0.017030 -0.376362 -0.099920 0.921069 0.360338 -0.098607 0.927595 0.991994 -0.125129 -0.017030 0.991994 -0.125129 -0.017030 0.376362 -0.099920 -0.921069 0.349229 0.134589 -0.927321 -0.330823 0.155157 -0.930851 0.964941 0.262370 0.007080 0.330823 0.155157 0.930851 0.964941 0.262370 0.007080 -0.349229 0.134589 0.927321 -0.964941 0.262370 -0.007080 -0.964941 0.262370 -0.007080 -0.337299 0.182169 -0.923604 -0.944933 0.326738 0.018556 -0.944933 0.326738 0.018556 -0.327530 0.206583 0.921980 0.337299 0.182169 0.923604 0.944933 0.326738 -0.018556 0.944933 0.326738 -0.018556 0.327530 0.206583 -0.921980 0.312394 0.726416 -0.612152 -0.156195 0.726409 -0.669278 0.530081 0.821719 0.209267 0.156195 0.726409 0.669278 0.530081 0.821719 0.209267 -0.312394 0.726416 0.612152 -0.530059 0.821732 -0.209271 -0.530059 0.821732 -0.209271 -0.269150 0.802962 -0.531799 -0.434317 0.884291 0.171456 -0.434317 0.884291 0.171456 -0.136270 0.793752 0.592781 0.269150 0.802962 0.531799 0.434317 0.884291 -0.171456 0.434317 0.884291 -0.171456 0.136270 0.793752 -0.592781 0.339712 0.038149 -0.939755 -0.341018 0.009034 -0.940013 0.999155 0.041017 -0.002564 0.341018 0.009034 0.940013 0.999155 0.041017 -0.002564 -0.339712 0.038149 0.939755 -0.999155 0.041017 0.002564 -0.999155 0.041017 0.002564 -0.304889 -0.363028 -0.880485 -0.832415 -0.553499 -0.026918 -0.832415 -0.553499 -0.026918 
						-0.320087 -0.345997 0.881947 0.304889 -0.363028 0.880485 0.832415 -0.553499 0.026918 0.832415 -0.553499 0.026918 0.320087 -0.345997 -0.881947 -0.304889 -0.363028 -0.880485 -0.235884 -0.631353 -0.738750 -0.570802 -0.820450 -0.032350 -0.832415 -0.553499 -0.026918 -0.832415 -0.553499 -0.026918 -0.570802 -0.820450 -0.032350 -0.257342 -0.627364 0.734976 -0.320087 -0.345997 0.881947 0.235884 -0.631353 0.738750 0.304889 -0.363028 0.880485 0.570802 -0.820450 0.032350 0.832415 -0.553499 0.026918 0.832415 -0.553499 0.026918 0.570802 -0.820450 0.032350 0.257342 -0.627364 -0.734976 0.320087 -0.345997 -0.881947 0.174966 -0.846019 -0.503626 -0.144477 -0.840432 -0.522302 0.335128 -0.941325 0.039949 0.144477 -0.840432 0.522302 0.335128 -0.941325 0.039949 -0.174966 -0.846019 0.503626 -0.335128 -0.941325 -0.039949 -0.335128 -0.941325 -0.039949 -0.310411 -0.557739 -0.769787 -0.667788 -0.732549 0.132026 -0.667788 -0.732549 0.132026 -0.224747 -0.578745 0.783928 0.310411 -0.557739 0.769787 0.667788 -0.732549 -0.132026 0.667788 -0.732549 -0.132026 0.224747 -0.578745 -0.783928 0.311078 -0.707517 -0.634547 -0.165443 -0.709778 -0.684722 0.546842 -0.813305 0.198741 0.165443 -0.709778 0.684722 0.546842 -0.813305 0.198741 -0.311051 -0.707524 0.634553 -0.546842 -0.813305 -0.198741 -0.546842 -0.813305 -0.198741 -0.158517 -0.706735 -0.689491 -0.544891 -0.810440 -0.215130 -0.544891 -0.810440 -0.215130 -0.318187 -0.709588 0.628683 0.158487 -0.706738 0.689495 0.544891 -0.810440 0.215130 0.544891 -0.810440 0.215130 0.318193 -0.709601 -0.628665 -0.275800 -0.463889 -0.841867 0.309523 -0.441701 -0.842078 0.751038 -0.657833 0.056551 0.751038 -0.657833 0.056551 0.275800 -0.463889 0.841867 -0.309523 -0.441701 0.842078 -0.751024 -0.657848 -0.056553 -0.751024 -0.657848 -0.056553 -0.990187 0.139380 0.010163 -0.340717 0.064548 -0.937948 -0.335495 0.097386 0.936995 
						-0.990187 0.139380 0.010163 0.340717 0.064548 0.937948 0.990187 0.139380 -0.010163 0.335495 0.097386 -0.936995 0.990187 0.139380 -0.010163 -0.315564 0.428728 -0.846529 0.313001 0.324537 -0.892584 0.922633 0.385552 0.009949 0.922633 0.385552 0.009949 0.315568 0.428703 0.846540 -0.313001 0.324537 0.892584 -0.922633 0.385552 -0.009949 -0.922633 0.385552 -0.009949 -0.847544 -0.439627 0.297316 -0.310563 -0.044466 -0.949512 0.310563 -0.044466 0.949512 0.847544 -0.439627 -0.297316 -0.251231 -0.240275 -0.937630 0.663548 -0.708198 0.241163 0.251231 -0.240275 0.937630 -0.663548 -0.708198 -0.241163 -0.975929 0.218087 0.000000 0.975936 0.218058 0.000000 -0.229077 0.679937 -0.696570 0.229077 0.679937 0.696570 0.646247 0.580478 0.495390 0.569271 0.809578 -0.143226 -0.665898 0.581207 0.467737 0.646247 0.580478 0.495390 -0.665898 0.581207 0.467737 0.000000 0.326856 0.945074 -0.569283 0.809564 0.143259 0.050570 -0.018586 0.998547 0.569271 0.809578 -0.143226 0.665898 0.581207 -0.467737 -0.569283 0.809564 0.143259 -0.050570 -0.018586 -0.998547 0.000000 0.030672 -0.999529 -0.989081 0.147375 -0.000336 0.989081 0.147375 0.000336 -0.989081 0.147375 -0.000336 0.000000 0.030672 0.999529 0.989081 0.147375 0.000336 0.000000 0.016663 0.999861 0.996742 0.080661 0.000153 -0.996742 0.080661 -0.000153 0.996742 0.080661 0.000153 0.000000 0.016663 -0.999861 -0.996742 0.080661 -0.000153 0.001526 0.006684 -0.999976 -0.999507 0.031374 0.001038 0.999507 0.031374 -0.001038 -0.999507 0.031374 0.001038 -0.001526 0.006684 0.999976 0.999507 0.031374 -0.001038 0.676899 -0.324487 0.660693 0.646247 0.580478 0.495390 0.348870 -0.659836 -0.665512 0.348870 -0.659836 -0.665512 -0.348870 -0.659836 0.665512 0.676899 -0.324487 0.660693 0.348870 -0.659836 -0.665512 -0.676899 -0.324487 -0.660693 -0.348870 -0.659836 0.665512 
						0.424005 -0.350759 -0.834978 -0.397725 -0.362597 -0.842816 0.906894 -0.420731 0.022981 0.397725 -0.362597 0.842816 0.906894 -0.420731 0.022981 -0.424005 -0.350759 0.834978 -0.906894 -0.420731 -0.022981 -0.906894 -0.420731 -0.022981 -0.572872 -0.806861 -0.144202 -0.572872 -0.806861 -0.144202 0.572872 -0.806861 0.144202 0.572872 -0.806861 0.144202 0.278698 -0.776155 0.565606 -0.399378 -0.777697 0.485473 
					</float_array>
					<technique_common>
						<accessor count="462" offset="0" source="#meshId1-normals-array" stride="3">
							<param name="X" type="float" />
							<param name="Y" type="float" />
							<param name="Z" type="float" />
						</accessor>
					</technique_common>
				</source>
				<source id="meshId1-tangents" name="meshId1-tangents">
					<float_array id="meshId1-tangents-array" count="1386"> 
						-0.974896 -0.009456 0.222460 -0.957702 0.094753 0.271714 -0.677395 0.394989 0.620580 0.885805 -0.177078 0.428944 0.677395 0.394985 0.620583 0.957702 0.094752 0.271715 -0.936788 0.092037 -0.337577 -0.963155 -0.031047 -0.267148 -0.456238 -0.277901 -0.845351 0.936788 0.092036 -0.337577 0.456238 -0.277899 -0.845352 0.963160 -0.031021 -0.267133 -0.428668 -0.236702 -0.871904 -0.973104 0.027416 -0.228730 -0.943734 0.124964 -0.306186 -0.420393 0.214111 -0.881718 -0.973095 -0.042234 -0.226499 -0.940795 -0.138244 -0.309506 -0.643672 0.704683 -0.298511 -0.948138 0.004028 -0.317835 -0.095786 -0.428482 -0.898459 -0.642366 -0.704532 -0.301662 -0.947377 -0.008871 -0.319997 -0.095788 0.428431 -0.898483 1.000000 0.000000 0.000000 -0.943673 -0.020394 0.330249 -0.943674 0.020392 0.330247 -1.000000 0.000000 0.000000 -0.736121 0.294252 0.609542 -0.762891 -0.474258 0.439405 -1.000000 -0.000001 0.000000 -0.745188 -0.487704 -0.454796 -0.937140 0.238971 -0.254287 0.368525 0.331020 -0.868686 -0.352373 -0.307558 -0.883879 -0.082381 -0.117156 -0.989691 0.368525 -0.331020 -0.868686 -0.352373 0.307558 -0.883879 -0.082399 0.117178 -0.989687 -0.999150 0.004476 -0.040987 -0.735590 -0.209398 0.644252 -1.000000 0.000000 0.000000 -0.731507 0.438542 0.522091 -0.731507 -0.438542 0.522091 -0.999150 -0.004476 -0.040987 -1.000000 0.000000 0.000000 -0.735590 0.209398 0.644252 0.950871 0.078807 -0.299389 0.900962 0.019993 0.433438 0.946913 0.080628 0.311214 0.920135 0.070626 -0.385179 0.533436 0.532950 0.656819 0.659345 -0.249392 0.709273 0.600397 0.197974 -0.774810 0.950877 -0.078823 -0.299366 0.916708 -0.060940 -0.394884 0.471065 -0.493998 -0.730796 0.900965 -0.019990 0.433430 0.950729 -0.071037 0.301776 0.533443 -0.532952 0.656811 0.661758 0.251756 0.706183 0.600396 -0.197973 -0.774810 0.487994 0.500959 -0.714774 0.952857 -0.008052 -0.303313 
						0.549543 0.186441 -0.814397 0.557108 0.393200 0.731454 0.910666 0.129216 0.392415 0.945051 0.023275 -0.326094 0.541223 -0.181088 -0.821149 0.545656 -0.388563 0.742481 0.901875 -0.113910 0.416708 0.954025 0.042739 0.296665 0.816009 0.060613 -0.574853 0.263285 -0.111346 0.958271 0.815745 -0.055125 -0.575778 -0.195984 -0.223961 -0.954689 0.955000 -0.030752 0.295007 0.264223 0.117330 0.957298 -0.195985 0.223958 -0.954690 0.925865 -0.060673 -0.372951 0.884206 0.186806 0.428116 1.000000 0.000000 0.000000 0.925863 0.060668 -0.372958 0.884207 -0.186807 0.428114 1.000000 0.000000 0.000004 -0.999092 -0.039705 0.015446 -0.993308 0.001636 0.115484 -0.935963 -0.189381 0.296831 -0.995322 0.044448 0.085782 -0.996666 -0.002824 0.081541 -0.958675 -0.156062 0.237879 -0.998471 -0.000294 0.055278 -0.987434 -0.084730 0.133397 -0.999270 -0.001801 0.038165 -0.998146 -0.018472 0.057996 -0.999933 -0.002402 0.011331 -0.998028 0.049560 -0.038517 -0.998789 0.009087 0.048347 -0.991330 0.127034 -0.033587 -0.987934 0.035055 0.150857 -0.982611 0.179229 0.048506 0.987930 0.035077 0.150878 0.982610 0.179233 0.048510 0.998789 0.009087 0.048347 0.991330 0.127034 -0.033587 0.999933 -0.002402 0.011331 0.998028 0.049559 -0.038518 0.999270 -0.001801 0.038165 0.998146 -0.018472 0.057996 0.998471 -0.000295 0.055278 0.987434 -0.084730 0.133397 0.996666 -0.002823 0.081540 0.958675 -0.156062 0.237880 0.993276 -0.000497 0.115766 0.935963 -0.189381 0.296831 0.999092 -0.039704 0.015445 0.995322 0.044449 0.085782 -0.996934 -0.058272 -0.052214 -0.996820 0.055582 -0.057106 -0.942831 -0.144392 -0.300369 -0.991693 0.000001 -0.128624 -0.957155 -0.162616 -0.239606 -0.995949 0.002784 -0.089877 -0.981326 -0.115982 -0.153453 -0.998784 0.000733 -0.049298 -0.997065 -0.035936 -0.067600 -0.999379 0.003080 -0.035091 -0.999474 0.028464 0.015533 
						-0.999881 0.002766 -0.015180 -0.994680 0.094112 0.041891 -1.000000 -0.000531 -0.000531 -0.987980 0.133875 -0.077286 -0.989344 0.017414 -0.144549 0.987980 0.133874 -0.077285 0.989344 0.017415 -0.144549 0.994680 0.094111 0.041892 1.000000 -0.000530 -0.000530 0.999474 0.028464 0.015533 0.999881 0.002766 -0.015180 0.997065 -0.035937 -0.067599 0.999379 0.003079 -0.035091 0.981326 -0.115981 -0.153454 0.998784 0.000733 -0.049298 0.957155 -0.162616 -0.239606 0.995949 0.002784 -0.089877 0.942830 -0.144392 -0.300369 0.991693 0.000002 -0.128624 0.996820 0.055583 -0.057106 0.996934 -0.058271 -0.052214 0.000000 -0.460063 -0.887886 0.000000 0.697481 -0.716604 0.360854 0.648255 -0.670484 -0.295421 -0.581213 -0.758233 0.000000 -0.744759 -0.667334 0.000000 0.931966 -0.362547 -0.093026 0.730396 -0.676660 0.052804 -0.574278 -0.816956 -0.060788 0.723935 -0.687184 0.073708 -0.730511 -0.678912 0.263406 0.625608 -0.734325 -0.248258 -0.618119 -0.745854 0.185575 0.672211 -0.716725 -0.145889 -0.672505 -0.725571 -0.040150 0.713143 -0.699868 0.037787 -0.721424 -0.691462 -0.025803 0.707237 -0.706506 0.027434 -0.710481 -0.703182 0.072938 0.701853 -0.708578 -0.053144 -0.699830 -0.712330 -0.031171 0.707205 -0.706322 0.062428 -0.705281 -0.706174 -0.006321 0.707290 -0.706895 0.012710 -0.707384 -0.706715 -0.042124 0.715200 -0.697650 0.000000 -0.707060 -0.707154 -0.093870 0.690544 -0.717173 0.113603 -0.698815 -0.706224 -0.043571 0.664099 -0.746374 0.092122 -0.680749 -0.726701 -0.146490 0.718841 -0.679564 0.122744 -0.711760 -0.691615 -0.168709 0.549113 -0.818543 0.330534 -0.638285 -0.695226 0.117346 0.536417 -0.835755 -0.395950 -0.536303 -0.745388 -0.361050 0.265789 -0.893868 0.408696 0.086555 -0.908557 0.408696 0.086555 -0.908557 -0.361050 0.265789 -0.893867 -0.408696 0.086553 -0.908557 -0.117395 0.536424 -0.835744 -0.000031 -0.000018 -1.000000 
						0.361050 0.265789 -0.893868 -0.330534 -0.638285 -0.695226 -0.408696 0.086555 -0.908557 0.361050 0.265789 -0.893868 0.168709 0.549113 -0.818543 -0.092124 -0.680748 -0.726701 0.043571 0.664099 -0.746374 -0.122744 -0.711760 -0.691615 0.146458 0.718845 -0.679568 0.000000 -0.707060 -0.707154 0.042124 0.715200 -0.697650 -0.113603 -0.698815 -0.706224 0.093870 0.690544 -0.717173 -0.062427 -0.705281 -0.706174 0.031170 0.707205 -0.706322 -0.012710 -0.707384 -0.706715 0.006321 0.707290 -0.706895 -0.027434 -0.710481 -0.703182 0.025802 0.707237 -0.706506 0.053137 -0.699831 -0.712330 -0.072945 0.701852 -0.708578 0.145887 -0.672506 -0.725571 -0.185577 0.672210 -0.716725 -0.037793 -0.721424 -0.691462 0.040145 0.713144 -0.699868 -0.073709 -0.730511 -0.678912 0.060788 0.723935 -0.687184 0.248253 -0.618121 -0.745853 -0.263410 0.625606 -0.734325 -0.360854 0.648255 -0.670484 0.295420 -0.581214 -0.758233 -0.052804 -0.574278 -0.816956 0.000000 0.000000 -1.000000 0.000000 0.931966 -0.362547 0.000000 -0.744759 -0.667334 0.000000 0.697480 -0.716604 0.000000 -0.460063 -0.887886 -0.873233 -0.019377 0.486917 0.300621 -0.228482 0.925971 -0.409859 0.119462 0.904292 -0.967495 -0.082239 0.239146 -0.338471 -0.065006 -0.938729 -0.969128 0.010510 -0.246334 -0.882700 -0.046092 -0.467672 -0.081663 0.636612 -0.766849 -0.873200 0.018148 0.487024 -0.972470 0.045892 0.228465 0.300622 0.228481 0.925971 -0.434979 -0.176428 0.882987 -0.338300 0.062852 -0.938937 -0.968783 -0.019637 -0.247132 -0.899095 -0.057888 -0.433910 -0.079929 -0.634713 -0.768603 -0.922931 -0.000131 -0.384964 -0.920062 -0.000032 0.391772 0.005484 0.035509 -0.999354 -0.920062 0.000032 0.391772 -0.008107 0.034927 0.999357 -0.922931 0.000130 -0.384964 0.005484 -0.035510 -0.999354 -0.008107 -0.034928 0.999357 -0.920138 -0.000031 0.391594 -0.000444 0.017455 0.999848 -0.000261 0.017462 -0.999848 
						-0.920116 -0.000025 -0.391646 -0.920138 0.000031 0.391594 -0.000444 -0.017455 0.999848 -0.000261 -0.017461 -0.999847 -0.920105 0.000025 -0.391671 -0.920065 0.000038 -0.391765 -0.923026 -0.000418 0.384738 -0.013289 -0.080628 -0.996656 -0.923026 0.000418 0.384738 -0.000589 -0.082046 0.996628 -0.920065 -0.000037 -0.391765 -0.013289 0.080630 -0.996656 -0.000589 0.082047 0.996628 -0.930930 -0.025288 0.364322 0.000297 0.132192 0.991224 -0.025977 0.069883 -0.997217 -0.925719 0.000463 -0.378212 -0.930793 0.027539 0.364508 0.000298 -0.132191 0.991224 -0.025325 -0.064666 -0.997586 -0.925719 -0.000463 -0.378212 -0.935221 0.111659 -0.335997 -0.942110 -0.111418 0.316252 -0.137974 0.529969 -0.836717 -0.941598 0.119967 0.314646 -0.129532 0.452530 0.882291 -0.935821 -0.100505 -0.337842 -0.134690 -0.518103 -0.844647 -0.126658 -0.441798 0.888129 -0.940873 -0.097976 0.324282 -0.176952 -0.557698 0.810963 -0.195576 -0.518225 -0.832582 -0.943066 -0.131258 -0.305612 -0.940567 0.106415 0.322506 -0.184975 0.579906 0.793407 -0.213388 0.572051 -0.791974 -0.944835 0.074959 -0.318855 -0.942434 0.156062 -0.295742 -0.982085 -0.041899 0.183723 -0.647062 0.551478 -0.526481 -0.977753 0.017668 0.209013 -0.731187 0.317970 0.603540 -0.943824 -0.164253 -0.286735 -0.702904 -0.563806 -0.433647 -0.739495 -0.327170 0.588309 -0.939275 -0.096786 0.329235 -0.707681 -0.452731 0.542423 -0.766137 -0.262543 -0.586604 -0.961664 0.037744 -0.271620 -0.926220 0.064465 0.371431 -0.680477 0.446805 0.580790 -0.722299 0.228164 -0.652860 -0.964150 -0.031262 -0.263509 -0.939510 0.060260 -0.337180 -0.933426 -0.121811 0.337459 -0.016037 0.331198 -0.943425 -0.936222 0.093488 0.338746 -0.008168 0.258822 0.965891 -0.934747 -0.124317 -0.332858 -0.017595 -0.370034 -0.928852 -0.012159 -0.354113 0.935124 -0.923460 -0.113443 0.366541 -0.156634 0.188314 0.969538 -0.148953 0.270167 -0.951222 
						-0.916263 -0.123608 -0.381030 -0.923706 0.112464 0.366223 -0.187554 -0.235595 0.953582 -0.032638 -0.097344 -0.994716 -0.926922 0.078086 -0.367041 -0.833045 -0.346427 0.431304 -0.874038 -0.194437 0.445254 -0.177104 0.084509 0.980557 0.041651 -0.111005 0.992947 0.087858 -0.083942 -0.992590 -0.150754 0.143401 -0.978115 -0.800760 -0.287282 -0.525597 -0.838835 -0.329178 -0.433587 -0.893718 0.157583 0.420042 -0.877941 0.251188 0.407582 -0.336153 -0.197519 0.920862 -0.074544 -0.063629 0.995186 -0.056394 -0.132846 -0.989531 -0.413667 -0.321344 -0.851832 -0.856399 0.204247 -0.474199 -0.815683 0.372850 -0.442318 -0.908179 0.058878 -0.414420 -0.924514 -0.073494 0.373996 -0.622471 -0.253032 -0.740611 -0.912531 0.090949 0.398768 -0.563203 -0.166149 0.809442 -0.876179 -0.099533 -0.471596 -0.637972 0.257913 -0.725585 -0.457969 0.125687 0.880038 -0.933412 0.025517 0.357899 -0.405274 0.506563 0.761017 -0.503591 0.313988 -0.804865 -0.956397 -0.022989 -0.291165 -0.933447 -0.025682 0.357794 -0.396283 -0.499994 0.770043 -0.487449 -0.296305 -0.821338 -0.955129 0.028436 -0.294822 -0.899781 -0.004289 -0.436322 -0.914391 -0.149713 0.376133 -0.532843 -0.521147 -0.666697 -0.924393 0.130349 0.358477 -0.607290 -0.221890 0.762866 -0.899397 0.003366 -0.437120 -0.503111 0.508921 -0.698483 -0.603146 0.218033 0.767253 -0.967046 -0.029779 0.252855 -0.578784 0.177869 0.795846 -0.288204 0.421919 -0.859606 -0.929166 0.101793 -0.355372 -0.971291 0.013881 0.237491 -0.608040 -0.205214 0.766926 -0.456029 -0.501693 -0.735079 -0.932845 -0.116141 -0.341045 -0.922252 -0.119126 0.367779 -0.928844 0.049147 -0.367196 -0.359311 -0.479043 -0.800883 -0.390829 -0.373875 0.841112 -0.938109 0.060976 0.340932 -0.896184 -0.160537 -0.413620 -0.307046 0.423703 -0.852173 -0.332221 0.302397 0.893412 -0.056246 -0.463832 0.884136 -0.935119 -0.126492 0.330986 -0.937391 -0.133218 -0.321793 
						-0.073847 -0.459896 -0.884897 -0.939773 0.052205 0.337789 -0.034167 0.311737 0.949554 -0.941527 0.067543 -0.330100 -0.050163 0.286383 -0.956801 -0.948132 -0.106456 0.299523 -0.948452 0.057631 -0.311637 -0.204401 0.510544 -0.835204 -0.221600 0.508675 0.831951 -0.944929 0.060401 0.321655 -0.949443 -0.082894 -0.302799 -0.253661 -0.625918 -0.737485 -0.258836 -0.599722 0.757190 -0.108769 0.692107 0.713553 -0.948028 -0.058273 0.312805 -0.949171 0.039338 0.312293 -0.103327 -0.686078 0.720153 -0.962698 -0.038530 0.267822 -0.655831 -0.395479 0.643026 -0.962447 0.040921 0.268368 -0.655833 0.395481 0.643023 -0.095786 -0.428482 0.898459 -0.095788 0.428431 0.898483 1.000000 0.000000 0.000000 1.000000 0.000000 0.000000 -0.763158 0.491542 0.419495 -0.822162 0.560810 -0.097681 -0.746069 -0.518748 -0.417471 -0.762248 0.522671 0.381828 -0.745188 -0.487704 -0.454796 -0.999878 0.014758 -0.005105 -0.821969 -0.556536 -0.120973 -0.998721 -0.000764 0.050563 -0.821961 0.556553 -0.120949 -0.745776 0.501018 -0.439089 -0.822170 -0.560795 -0.097702 -0.998721 0.000764 0.050563 -1.000000 0.000000 0.000000 -0.085970 -0.574783 0.813777 -0.085614 0.576096 -0.812886 -0.085613 -0.576092 -0.812889 -1.000000 0.000000 -0.000000 -0.085971 0.574790 0.813772 -1.000000 -0.000000 0.000000 -0.029593 0.363131 0.931268 -0.029347 -0.363619 -0.931085 -0.029347 0.363618 -0.931086 -1.000000 -0.000000 -0.000000 -0.029593 -0.363130 0.931268 -0.999999 -0.000023 -0.001526 -0.003968 -0.151119 0.988508 -0.005974 0.149696 -0.988714 -0.005974 -0.149696 -0.988714 -0.999999 0.000023 -0.001526 -0.003968 0.151120 0.988507 -0.736121 -0.294253 0.609542 -0.762335 0.460922 0.454308 -0.937140 -0.238971 -0.254287 1.000000 0.000000 0.000000 1.000000 0.000000 0.000000 0.595725 -0.285574 -0.750706 -0.311045 0.588294 -0.746433 0.595724 0.285574 -0.750706 -0.311045 -0.588294 -0.746433 
						0.891344 -0.001658 0.453325 0.901877 0.014312 -0.431755 0.109534 0.288042 0.951333 0.901877 -0.014311 -0.431755 0.145616 0.261746 -0.954089 0.891344 0.001660 0.453325 0.109532 -0.288039 0.951334 0.145615 -0.261743 -0.954090 0.483820 -0.190859 -0.854103 0.381857 -0.418383 0.824100 0.483815 0.190854 -0.854107 0.381846 0.418376 0.824108 1.000000 0.000000 0.000000 1.000000 0.000000 0.000000 
					</float_array>
					<technique_common>
						<accessor count="462" offset="0" source="#meshId1-tangents-array" stride="3">
							<param name="X" type="float" />
							<param name="Y" type="float" />
							<param name="Z" type="float" />
						</accessor>
					</technique_common>
				</source>
				<source id="meshId1-bitangents" name="meshId1-bitangents">
					<float_array id="meshId1-bitangents-array" count="1386"> 
						-0.021744 -0.990280 -0.137380 0.158168 -0.615475 0.772122 0.151754 -0.750435 0.643287 0.139162 -0.780430 -0.609559 -0.151757 -0.750437 0.643284 -0.158170 -0.615475 0.772122 0.142241 -0.781295 -0.607738 -0.201059 -0.576607 0.791896 -0.043030 -0.941983 0.332891 -0.142242 -0.781295 -0.607738 0.043031 -0.941984 0.332889 0.201059 -0.576616 0.791889 -0.312937 -0.866427 0.389070 0.006727 -0.989088 -0.147172 -0.203355 -0.949411 0.239302 0.323968 -0.872285 -0.366284 0.007855 -0.988566 0.150583 0.216548 -0.947568 -0.234992 0.381348 -0.042847 -0.923438 -0.139400 -0.903900 0.404391 -0.195942 -0.876832 0.439058 -0.383543 -0.045252 0.922414 0.144479 -0.903866 -0.402682 0.195921 -0.876862 -0.439008 0.000000 0.000000 1.000000 0.238755 -0.732987 0.636967 -0.238752 -0.732987 -0.636968 -0.000000 -0.945074 -0.326856 0.003378 -0.898949 0.438041 -0.020122 -0.661892 -0.749329 0.000001 -0.945074 0.326856 -0.036214 -0.651400 0.757870 0.008749 -0.712391 -0.701728 0.668236 -0.743949 0.000000 0.657573 -0.753391 -0.000000 0.818012 -0.575202 -0.000000 -0.668236 -0.743949 0.000000 -0.657573 -0.753391 0.000000 -0.818002 -0.575216 0.000000 -0.000225 -0.994668 -0.103129 -0.080323 -0.917358 -0.389875 0.000000 0.000000 -1.000000 0.111795 0.832496 -0.542635 -0.111795 0.832496 0.542635 0.000225 -0.994668 0.103129 0.000000 0.000000 1.000000 0.080323 -0.917358 0.389875 -0.265925 0.703076 -0.659521 0.294999 0.704320 -0.645685 -0.279408 0.685215 0.672616 0.236023 0.684855 0.689396 0.646966 0.243137 -0.722717 -0.528678 0.516964 0.673237 0.585346 0.551351 0.594459 0.265921 0.703070 0.659529 -0.249003 0.685784 -0.683884 -0.701670 0.292217 -0.649822 -0.294990 0.704333 0.645674 0.266137 0.686275 -0.676903 -0.646960 0.243131 0.722724 0.525654 0.515817 -0.676477 -0.585347 0.551351 -0.594459 0.690005 0.280114 0.667405 0.260456 0.534504 0.804032 
						0.692303 0.444038 0.568811 0.686235 0.278054 -0.672137 0.279042 0.508069 -0.814863 -0.287494 0.534058 -0.795066 -0.698828 0.446255 -0.559013 -0.695375 0.284509 0.659930 -0.306266 0.511699 0.802724 -0.086084 0.987151 0.134620 0.045018 0.984803 0.167742 -0.153808 0.975766 0.155638 -0.049564 0.985125 -0.164536 -0.233526 0.956219 -0.176380 0.074505 0.987592 -0.138240 0.152190 0.975065 -0.161513 0.233526 0.956220 0.176377 -0.255151 0.627616 -0.735525 0.242255 0.600239 -0.762251 0.000000 0.000000 -1.000000 0.255159 0.627616 0.735521 -0.242254 0.600238 0.762252 -0.000004 0.000000 1.000000 0.042603 -0.931137 0.362173 -0.013085 -0.995055 -0.098456 -0.077152 -0.712236 -0.697687 -0.096613 -0.457918 -0.883729 0.057887 -0.728769 0.682308 -0.060673 -0.704740 -0.706867 0.038835 -0.715381 0.697654 -0.036276 -0.700047 -0.713174 0.028219 -0.708208 0.705440 -0.028227 -0.703711 -0.709926 0.009708 -0.707361 0.706786 -0.008000 -0.709083 -0.705080 0.027160 -0.717582 0.695945 -0.066530 -0.705676 -0.705404 0.074729 -0.745269 0.662563 -0.158058 -0.670317 -0.725047 -0.074726 -0.745270 0.662562 0.158063 -0.670316 -0.725047 -0.027159 -0.717582 0.695945 0.066529 -0.705676 -0.705404 -0.009709 -0.707361 0.706786 0.007999 -0.709083 -0.705080 -0.028219 -0.708208 0.705440 0.028226 -0.703710 -0.709926 -0.038835 -0.715381 0.697654 0.036277 -0.700047 -0.713174 -0.057886 -0.728769 0.682308 0.060674 -0.704740 -0.706867 -0.078066 -0.741290 0.666630 0.077152 -0.712236 -0.697687 -0.042602 -0.931137 0.362173 0.096614 -0.457918 -0.883729 0.078243 -0.742505 -0.665255 -0.079690 -0.695302 0.714286 -0.068828 -0.797480 0.599407 0.104637 -0.581547 -0.806755 -0.051760 -0.718034 0.694081 0.058661 -0.737421 -0.672882 -0.025126 -0.713644 0.700058 0.033510 -0.723360 -0.689658 -0.022282 -0.708546 0.705313 0.022466 -0.711541 -0.702285 -0.009190 -0.708034 0.706118 
						0.008769 -0.707631 -0.706528 -0.035824 -0.697285 0.715899 0.000750 -0.707107 -0.707107 -0.146661 -0.653792 0.742325 0.085935 -0.731589 -0.676308 0.146659 -0.653792 0.742325 -0.085935 -0.731589 -0.676308 0.035823 -0.697285 0.715899 -0.000750 -0.707107 -0.707107 0.009190 -0.708034 0.706118 -0.008769 -0.707631 -0.706528 0.022281 -0.708545 0.705313 -0.022467 -0.711541 -0.702285 0.025126 -0.713644 0.700058 -0.033509 -0.723360 -0.689658 0.051760 -0.718034 0.694081 -0.058661 -0.737421 -0.672882 0.068829 -0.797480 0.599407 -0.104636 -0.581547 -0.806755 0.079690 -0.695302 0.714286 -0.078242 -0.742505 -0.665255 -1.000000 0.000000 0.000000 -1.000000 0.000000 0.000000 -0.873749 0.486377 0.000000 -0.891453 0.453112 -0.000001 -1.000000 -0.000000 -0.000000 -1.000000 -0.000000 -0.000000 -0.991987 -0.126344 -0.000000 -0.995799 -0.091563 -0.000000 -0.996493 -0.083674 0.000000 -0.994948 -0.100389 -0.000000 -0.921641 0.388044 -0.000002 -0.927952 0.372700 -0.000003 -0.963942 0.266111 -0.000001 -0.977269 0.212002 0.000000 -0.998419 -0.056211 0.000000 -0.998631 -0.052306 -0.000000 -0.999335 -0.036460 -0.000000 -0.999255 -0.038585 0.000000 -0.994643 0.103370 0.000005 -0.997129 0.075715 0.000005 -0.999030 -0.044033 0.000001 -0.996105 -0.088170 0.000000 -0.999960 -0.008937 -0.000000 -0.999839 -0.017965 0.000000 -0.998270 -0.058796 0.000000 -1.000000 -0.000000 -0.000000 -0.990887 -0.134698 0.000000 -0.987043 -0.160459 0.000000 -0.997855 -0.065469 0.000000 -0.990967 -0.134103 0.000000 -0.979861 -0.199682 -0.000000 -0.985454 -0.169942 0.000000 -0.955901 -0.293690 0.000000 -0.887998 -0.459847 0.000000 -0.976898 0.213704 0.000000 -0.804498 0.593956 -0.000000 -0.592841 -0.805319 -0.000000 0.207189 -0.978301 0.000000 -0.207189 0.978301 0.000000 0.592841 0.805319 0.000000 0.207188 0.978301 -0.000002 0.976889 0.213748 -0.000026 0.866939 0.498415 -0.000036 
						-0.592841 0.805319 0.000000 0.887998 -0.459847 0.000000 -0.207189 -0.978301 -0.000000 0.592841 -0.805319 0.000000 0.955901 -0.293690 0.000000 0.990967 -0.134104 -0.000001 0.997855 -0.065469 0.000000 0.985454 -0.169942 0.000000 0.979870 -0.199639 0.000000 1.000000 0.000000 0.000000 0.998270 -0.058796 0.000000 0.987043 -0.160459 0.000000 0.990887 -0.134697 0.000000 0.996105 -0.088170 0.000000 0.999030 -0.044032 0.000000 0.999839 -0.017965 0.000000 0.999960 -0.008937 0.000000 0.999255 -0.038585 0.000000 0.999335 -0.036460 -0.000001 0.997130 0.075710 -0.000000 0.994642 0.103376 -0.000000 0.977269 0.212001 -0.000001 0.963942 0.266113 -0.000002 0.998631 -0.052311 -0.000004 0.998419 -0.056207 -0.000004 0.994948 -0.100390 -0.000001 0.996493 -0.083674 -0.000000 0.927953 0.372697 -0.000007 0.921639 0.388048 -0.000006 0.873749 0.486377 0.000000 0.891454 0.453112 -0.000001 0.995799 -0.091563 0.000000 1.000000 0.000000 0.000000 1.000000 0.000000 0.000000 1.000000 0.000000 0.000000 1.000000 0.000000 0.000000 1.000000 0.000000 0.000000 -0.026343 -0.995871 -0.086874 -0.173883 -0.967739 -0.182336 0.395336 -0.870169 0.294135 0.148721 -0.949866 0.275022 -0.078171 -0.992220 0.096896 -0.033216 -0.995549 0.088204 0.197399 -0.939490 -0.279986 0.563562 -0.605107 -0.562354 0.027421 -0.995894 0.086273 -0.111651 -0.952314 -0.283957 0.173883 -0.967739 0.182335 -0.367504 -0.860440 -0.352964 0.078905 -0.992359 -0.094858 0.042100 -0.995410 -0.085942 -0.098764 -0.938837 0.329896 -0.563798 -0.607095 0.559970 0.012621 -0.999473 -0.029920 -0.014701 -0.999293 -0.034606 0.036688 -0.998704 -0.035285 0.014701 -0.999293 0.034606 0.036209 -0.998724 0.035199 -0.012621 -0.999473 0.029920 -0.036688 -0.998704 0.035286 -0.036209 -0.998724 -0.035200 0.005275 -0.999910 0.012316 0.018154 -0.999683 0.017460 0.018158 -0.999683 -0.017463 
						0.004362 -0.999939 -0.010184 -0.005275 -0.999910 -0.012316 -0.018154 -0.999683 -0.017460 -0.018158 -0.999683 0.017463 -0.004362 -0.999939 0.010184 -0.026124 -0.997780 0.061255 0.024961 -0.997958 0.058799 -0.084011 -0.993129 0.081463 -0.024961 -0.997958 -0.058799 -0.085051 -0.993013 -0.081799 0.026123 -0.997780 -0.061256 0.084011 -0.993129 -0.081465 0.085052 -0.993013 0.081799 0.059381 -0.994805 0.082684 0.126282 -0.983294 0.131097 0.123590 -0.989676 -0.072574 0.037364 -0.994995 -0.092672 -0.061488 -0.994745 -0.081859 -0.126282 -0.983294 -0.131096 -0.123725 -0.990031 0.067318 -0.037365 -0.994995 0.092672 -0.058322 -0.984590 -0.164865 0.054645 -0.981587 -0.183035 0.223282 -0.806406 -0.547589 -0.062852 -0.980579 0.185783 0.228282 -0.852277 0.470650 0.047731 -0.985791 0.161051 -0.225278 -0.814081 0.535278 -0.229890 -0.857889 -0.459541 0.031417 -0.978374 -0.204445 -0.275320 -0.763022 -0.584805 -0.262420 -0.790363 0.553590 0.057883 -0.969585 0.237813 -0.039534 -0.977492 0.207236 0.269996 -0.746284 0.608410 0.248153 -0.752322 -0.610272 -0.003241 -0.975553 -0.219739 0.119298 -0.669301 -0.733351 -0.105416 -0.685984 -0.719940 0.548026 -0.143669 -0.824031 0.140004 -0.687035 0.713008 0.429399 -0.472939 0.769380 -0.107741 -0.667338 0.736920 -0.474330 -0.082761 0.876448 -0.414965 -0.466593 -0.781086 -0.212893 -0.588118 -0.780252 -0.557284 -0.114247 -0.822425 -0.473714 -0.386132 0.791516 -0.237973 -0.607069 0.758179 0.263963 -0.592533 0.761071 0.590195 -0.135575 0.795795 0.538198 -0.407391 -0.737818 0.227693 -0.607438 -0.761036 -0.043766 -0.997453 -0.056313 0.111455 -0.992512 -0.049972 0.037848 -0.942669 -0.331576 -0.084819 -0.995579 0.040338 0.040282 -0.965054 0.258938 0.104129 -0.991509 0.077892 -0.037150 -0.928112 0.370443 -0.039264 -0.934302 -0.354313 0.232950 -0.924847 0.300654 0.531569 -0.811274 0.243452 0.533772 -0.787802 -0.307336 
						0.240851 -0.930058 -0.277459 -0.231972 -0.924966 -0.301042 -0.521465 -0.798824 -0.299924 -0.553194 -0.827138 0.099095 -0.195863 -0.934981 0.295718 0.461600 -0.864984 0.196797 0.424753 -0.750724 0.505962 0.801764 -0.565434 0.193543 0.552583 -0.825422 -0.115456 0.547138 -0.828612 0.118504 0.807134 -0.553433 -0.205540 0.540886 -0.723798 -0.428438 0.440338 -0.878593 -0.184869 -0.381609 -0.759316 -0.527080 -0.369131 -0.897281 -0.242133 -0.749132 -0.536505 -0.388541 -0.549121 -0.830414 -0.094226 -0.551280 -0.822182 0.141797 -0.709281 -0.472845 0.522817 -0.447612 -0.751464 0.484712 -0.481874 -0.860969 0.162880 -0.380260 -0.529892 0.758035 0.352704 -0.536909 0.766373 -0.707265 -0.223332 0.670745 -0.382641 -0.534230 -0.753780 -0.755311 -0.293766 -0.585838 0.449107 -0.523780 -0.723850 0.693314 -0.217677 -0.686973 0.823381 -0.313221 0.473219 0.179972 -0.829624 0.528521 0.624362 -0.454691 0.635160 0.548149 -0.603966 -0.578583 0.186532 -0.815185 -0.548343 -0.179786 -0.829619 -0.528592 -0.630106 -0.461906 -0.624186 -0.562551 -0.612836 0.554949 -0.192919 -0.815013 0.546385 -0.305983 -0.706683 0.637945 0.369483 -0.688332 0.624245 -0.645801 -0.258680 0.718349 -0.343692 -0.692260 -0.634549 -0.576344 -0.537861 -0.615251 0.307137 -0.706681 -0.637392 0.669223 -0.281971 -0.687483 0.580679 -0.539436 0.609771 0.199234 -0.706852 0.678724 0.606720 -0.558164 0.565989 0.787427 -0.406391 -0.463471 0.188172 -0.697225 -0.691714 -0.177415 -0.707339 -0.684248 -0.577399 -0.548699 -0.604599 -0.703667 -0.302433 0.642952 -0.168992 -0.694965 0.698903 0.270897 -0.877847 0.394968 -0.203576 -0.895815 0.395059 -0.553938 -0.581174 0.596146 -0.532168 -0.653809 -0.537895 -0.209488 -0.883792 -0.418361 0.317881 -0.882682 -0.346155 0.584562 -0.622638 -0.520201 0.570628 -0.689762 0.445658 -0.127945 -0.874888 -0.467120 0.097278 -0.989865 -0.103458 0.093487 -0.986290 0.135983 
						-0.118663 -0.876963 0.465676 -0.027162 -0.996548 0.078448 0.135517 -0.939889 0.313440 -0.031140 -0.992952 -0.114352 0.130448 -0.947922 -0.290564 -0.038295 -0.897140 -0.440084 0.049697 -0.944116 -0.325847 0.327094 -0.768552 -0.549852 0.315699 -0.769790 0.554758 0.086763 -0.901424 0.424154 -0.024280 -0.942234 0.334075 -0.290566 -0.677903 0.675291 -0.285969 -0.701184 -0.653118 0.519472 -0.572429 0.634409 0.069240 -0.997310 0.024058 -0.051238 -0.998236 -0.029989 -0.520581 -0.579641 -0.626907 0.100478 -0.969940 0.221632 -0.360015 -0.584841 -0.726878 -0.102850 -0.969842 -0.220971 0.360013 -0.584839 0.726880 -0.195942 -0.876832 -0.439058 0.195922 -0.876862 0.439008 0.000000 0.715599 0.698511 0.000000 -0.715599 0.698511 0.000002 -0.649158 0.760654 0.001242 0.173362 0.984857 0.000000 -0.626957 0.779054 0.037283 0.624365 -0.780242 0.036214 0.651400 -0.757870 0.015616 0.944959 -0.326816 -0.018207 -0.186623 0.982263 -0.000177 -0.999827 -0.018601 0.018205 -0.186579 -0.982271 0.020857 -0.641216 -0.767077 -0.001243 0.173403 -0.984850 0.000177 -0.999827 0.018601 -0.000000 -0.999529 -0.030672 -0.119737 -0.804920 -0.581177 0.119992 -0.803981 -0.582423 -0.119993 -0.803984 0.582419 -0.000000 -0.999529 0.030672 0.119737 -0.804915 0.581184 0.000000 -0.999861 0.016663 0.075062 -0.928238 0.364335 -0.075158 -0.928047 0.364801 0.075158 -0.928047 -0.364801 0.000000 -0.999861 -0.016663 -0.075062 -0.928238 -0.364334 0.000033 -0.999978 -0.006684 -0.031170 -0.988016 -0.151169 0.030864 -0.988233 -0.149810 -0.030864 -0.988233 0.149810 -0.000033 -0.999978 0.006684 0.031170 -0.988016 0.151170 -0.003378 -0.898949 -0.438041 0.035379 -0.671248 0.740388 -0.008749 -0.712391 0.701728 0.000000 0.710129 -0.704072 0.000000 -0.710129 -0.704072 -0.432271 -0.901744 -0.000000 -0.884039 -0.467412 -0.000000 0.432271 -0.901744 0.000000 0.884039 -0.467412 0.000000 
						0.160392 0.936465 -0.311943 -0.168616 0.931836 -0.321326 0.406875 0.860241 -0.307308 0.168615 0.931836 0.321326 0.395400 0.868604 0.298641 -0.160394 0.936465 0.311942 -0.406875 0.860242 0.307305 -0.395400 0.868605 -0.298638 -0.661619 0.559059 -0.499713 -0.725266 0.417039 0.547785 0.661624 0.559061 0.499706 0.725271 0.417045 -0.547772 0.000000 -0.588940 -0.808176 0.000000 -0.529538 -0.848286 
					</float_array>
					<technique_common>
						<accessor count="462" offset="0" source="#meshId1-bitangents-array" stride="3">
							<param name="X" type="float" />
							<param name="Y" type="float" />
							<param name="Z" type="float" />
						</accessor>
					</technique_common>
				</source>
				<source id="meshId1-tex0" name="meshId1-tex0">
					<float_array id="meshId1-tex0-array" count="924"> 
						0.930035 0.922067 0.944887 0.952204 0.972733 0.947876 0.930035 0.922067 0.972733 0.947876 0.944887 0.952204 0.944887 0.952204 0.930035 0.922067 0.972733 0.947876 0.944887 0.952204 0.972733 0.947876 0.930035 0.922067 0.720591 0.375938 0.756588 0.378559 0.745438 0.368600 0.865365 0.375414 0.832252 0.377642 0.847597 0.368600 0.898675 0.368600 0.861683 0.359282 0.926847 0.359282 0.694359 0.368600 0.731352 0.359282 0.666187 0.359282 0.796517 0.359282 0.731352 0.359282 0.861683 0.359282 0.119960 0.699435 0.198581 0.911137 0.197686 0.699435 0.119960 0.699435 0.197686 0.699435 0.198581 0.911137 0.162854 0.687290 0.188707 0.687290 0.175780 0.682637 0.078707 0.687290 0.052855 0.687290 0.065781 0.682637 0.114689 0.019724 0.120613 0.019724 0.114689 0.015703 0.108764 0.019724 0.120613 0.019724 0.114689 0.019724 0.114689 0.015703 0.108764 0.019724 0.478568 0.494065 0.513251 0.494065 0.514648 0.487537 0.474964 0.487537 0.530089 0.495408 0.533987 0.488879 0.530089 0.495408 0.513251 0.494065 0.514648 0.487537 0.533987 0.488879 0.478568 0.494065 0.474964 0.487537 0.460723 0.495408 0.454618 0.488879 0.460723 0.495408 0.454618 0.488879 0.469421 0.480729 
						0.448745 0.484268 0.448745 0.484268 0.469421 0.480729 0.518638 0.479812 0.540101 0.482433 0.540101 0.482433 0.518639 0.479812 0.524868 0.469006 0.460046 0.469006 0.557279 0.469006 0.524868 0.469006 0.557279 0.469006 0.460046 0.469006 0.427635 0.469006 0.427635 0.469006 0.481206 0.424467 0.503708 0.424467 0.492456 0.416181 0.503708 0.424467 0.481206 0.424467 0.492456 0.416181 0.568911 0.953806 0.619948 0.953806 0.616295 0.912107 0.568911 0.900116 0.669869 0.953806 0.666216 0.922599 0.722225 0.953806 0.718572 0.930693 0.781277 0.953806 0.777624 0.933990 0.828763 0.953806 0.825110 0.933990 0.877693 0.953806 0.874040 0.930115 0.906447 0.953806 0.902794 0.926538 0.906447 0.953806 0.902794 0.926538 0.877693 0.953806 0.874040 0.930115 0.828763 0.953806 0.825110 0.933990 0.781277 0.953806 0.777624 0.933990 0.722225 0.953806 0.718572 0.930693 0.669869 0.953806 0.666216 0.922599 0.619948 0.953806 0.616295 0.912107 0.568911 0.953806 0.568911 0.900116 0.568911 0.953806 0.568911 0.900116 0.616295 0.912106 0.619948 0.953806 0.666216 0.922599 0.669869 0.953806 0.718572 0.930693 0.722225 0.953806 0.777624 0.933990 0.781277 0.953806 0.825110 0.933990 
						0.828763 0.953806 0.874040 0.930115 0.877693 0.953806 0.902794 0.926538 0.906447 0.953806 0.902794 0.926538 0.906447 0.953806 0.874040 0.930115 0.877693 0.953806 0.825110 0.933990 0.828763 0.953806 0.777624 0.933990 0.781277 0.953806 0.718572 0.930693 0.722225 0.953806 0.666216 0.922599 0.669869 0.953806 0.616295 0.912106 0.619948 0.953806 0.568911 0.900116 0.568911 0.953806 0.347232 0.791710 0.230477 0.791710 0.230477 0.743048 0.347232 0.743048 0.230477 0.791710 0.347232 0.791710 0.347232 0.737905 0.230477 0.737905 0.347232 0.667623 0.230477 0.667623 0.230477 0.672765 0.347232 0.672765 0.230477 0.599055 0.347232 0.599055 0.347232 0.593912 0.230477 0.593912 0.344866 0.510774 0.232843 0.510774 0.232843 0.515916 0.344866 0.515916 0.236443 0.449063 0.341266 0.449063 0.341266 0.443920 0.236443 0.443920 0.341266 0.375032 0.236443 0.375032 0.236443 0.380175 0.341266 0.380175 0.250741 0.339693 0.326968 0.339693 0.341266 0.334550 0.236443 0.334550 0.320912 0.280432 0.256797 0.280432 0.276980 0.301341 0.300728 0.301341 0.300728 0.241228 0.276980 0.241228 0.276980 0.241228 0.300728 0.241228 0.276980 0.243287 0.276980 0.303400 0.300728 0.303400 
						0.300728 0.243287 0.256797 0.282491 0.276980 0.243287 0.300728 0.243287 0.320912 0.282491 0.326968 0.341752 0.250741 0.341752 0.236443 0.336609 0.341266 0.336609 0.236443 0.377092 0.341266 0.377092 0.341266 0.382234 0.236443 0.382234 0.341266 0.451122 0.236443 0.451122 0.236443 0.445979 0.341266 0.445979 0.232843 0.512833 0.344866 0.512833 0.344866 0.517976 0.232843 0.517976 0.347232 0.601114 0.230477 0.601114 0.230477 0.595971 0.347232 0.595971 0.230477 0.669682 0.347232 0.669682 0.347232 0.674825 0.230477 0.674825 0.230477 0.745107 0.347232 0.745107 0.230477 0.739964 0.347232 0.739964 0.347232 0.791710 0.230477 0.791710 0.230477 0.791710 0.347232 0.791710 0.845197 0.452276 0.893876 0.452276 0.863083 0.393658 0.830848 0.396017 0.893876 0.452276 0.845197 0.452276 0.830848 0.396017 0.863083 0.393658 0.747838 0.452276 0.761138 0.397852 0.699159 0.452276 0.727855 0.396017 0.699159 0.452276 0.747837 0.452276 0.761138 0.397852 0.727855 0.396017 0.740403 0.504051 0.855703 0.504051 0.682755 0.504051 0.740404 0.504051 0.682755 0.504051 0.855703 0.504051 0.913352 0.504051 0.913352 0.504051 0.860157 0.566519 0.919702 0.566519 0.919702 0.566519 
						0.860157 0.566519 0.741069 0.566519 0.681525 0.566519 0.681525 0.566519 0.741068 0.566519 0.747640 0.679447 0.854610 0.679447 0.694155 0.679447 0.747640 0.679447 0.694155 0.679447 0.854610 0.679447 0.908096 0.679447 0.908096 0.679447 0.845098 0.733622 0.889172 0.733622 0.889172 0.733622 0.845098 0.733622 0.756948 0.733622 0.712873 0.733622 0.712873 0.733622 0.756947 0.733622 0.764952 0.763688 0.829029 0.763688 0.729450 0.757679 0.764953 0.763688 0.729450 0.757679 0.829029 0.763688 0.874350 0.758274 0.874350 0.758274 0.829514 0.780589 0.868954 0.774952 0.868954 0.774952 0.829514 0.780589 0.763520 0.780589 0.735355 0.775221 0.735355 0.775221 0.763520 0.780589 0.759628 0.786542 0.836359 0.784931 0.727671 0.779596 0.759628 0.786542 0.727671 0.779596 0.836359 0.784931 0.874457 0.780368 0.874457 0.780368 0.845048 0.791256 0.886901 0.785183 0.886901 0.785183 0.845048 0.791256 0.748792 0.791843 0.717038 0.789260 0.717038 0.789260 0.748791 0.791843 0.751571 0.799839 0.841725 0.800101 0.696927 0.795907 0.751571 0.799839 0.696927 0.795907 0.841725 0.800101 0.905021 0.791975 0.905021 0.791975 0.843197 0.807752 0.904189 0.801224 0.904189 0.801224 
						0.843197 0.807752 0.750833 0.807752 0.701848 0.801408 0.701848 0.801408 0.750833 0.807752 0.856342 0.857695 0.843998 0.864358 0.917850 0.854620 0.935435 0.845676 0.935435 0.845676 0.917850 0.854620 0.843998 0.864358 0.856342 0.857695 0.749692 0.862556 0.746194 0.857367 0.680952 0.857661 0.663971 0.847956 0.663971 0.847956 0.680952 0.857661 0.749691 0.862556 0.746194 0.857367 0.765967 0.868757 0.833757 0.868589 0.722425 0.867163 0.765967 0.868757 0.722425 0.867163 0.833757 0.868589 0.870253 0.866827 0.870253 0.866827 0.820938 0.872369 0.850654 0.871530 0.850654 0.871530 0.820938 0.872369 0.779961 0.872369 0.750581 0.871027 0.750581 0.871027 0.779961 0.872369 0.779961 0.875178 0.820938 0.875178 0.751420 0.874507 0.779961 0.875178 0.751420 0.874507 0.820938 0.875178 0.847969 0.874172 0.847969 0.874172 0.822247 0.878885 0.842366 0.876956 0.842366 0.876956 0.822247 0.878885 0.782511 0.879053 0.761385 0.877962 0.761385 0.877962 0.782510 0.879053 0.834521 0.393893 0.758513 0.393893 0.718674 0.392451 0.718674 0.392451 0.758513 0.393893 0.834521 0.393893 0.873836 0.388781 0.873836 0.388781 0.874143 0.384739 0.835330 0.391162 0.835330 0.391162 
						0.874143 0.384739 0.757704 0.391162 0.711289 0.387885 0.757704 0.391162 0.711289 0.387885 0.832777 0.386913 0.760258 0.386913 0.719543 0.384161 0.719543 0.384161 0.760258 0.386913 0.832777 0.386913 0.865890 0.381670 0.865890 0.381670 0.865365 0.375414 0.832252 0.377642 0.756588 0.378559 0.720591 0.375938 0.847597 0.368600 0.694359 0.368600 0.745438 0.368600 0.898675 0.368600 0.926847 0.359282 0.666187 0.359282 0.861683 0.359282 0.731352 0.359282 0.042000 0.699435 0.042000 0.694831 0.197686 0.699435 0.042000 0.699435 0.197686 0.699435 0.119960 0.699435 0.197686 0.694831 0.121587 0.589060 0.042000 0.694831 0.042000 0.699435 0.197686 0.694831 0.121587 0.589060 0.116503 0.081234 0.145426 0.081234 0.087579 0.081234 0.145426 0.081234 0.116503 0.081234 0.087579 0.081234 0.121587 0.216066 0.059961 0.216066 0.175688 0.216066 0.059961 0.216066 0.121587 0.216066 0.175688 0.216066 0.121587 0.363174 0.187506 0.363174 0.048956 0.363174 0.187506 0.363174 0.121587 0.363174 0.048956 0.363174 0.042606 0.911137 0.042000 0.699435 0.042606 0.911137 0.042606 0.911137 0.198581 0.911137 0.158951 0.910216 0.192610 0.910216 0.082611 0.910216 0.048951 0.910216 
						0.523152 0.450562 0.461762 0.450562 0.553847 0.450562 0.523152 0.450562 0.553847 0.450562 0.461762 0.450562 0.431067 0.450562 0.431067 0.450562 0.469955 0.424467 0.469955 0.424467 0.514959 0.424467 0.514959 0.424467 0.503708 0.424467 0.481206 0.424467 
					</float_array>
					<technique_common>
						<accessor count="462" offset="0" source="#meshId1-tex0-array" stride="2">
							<param name="S" type="float" />
							<param name="T" type="float" />
						</accessor>
					</technique_common>
				</source>
				<vertices id="meshId1-vertices">
					<input semantic="POSITION" source="#meshId1-positions" />
				</vertices>
				<polylist count="534" material="defaultMaterial">
					<input offset="0" semantic="VERTEX" source="#meshId1-vertices" />
					<input offset="0" semantic="NORMAL" source="#meshId1-normals" />
					<input offset="0" semantic="TANGENT" source="#meshId1-tangents" />
					<input offset="0" semantic="BINORMAL" source="#meshId1-bitangents" />
					<input offset="0" semantic="TEXCOORD" source="#meshId1-tex0" set="0" />
					<vcount>
						3 3 3 3 3 3 3 3 3 3 3 3 3 3 3 3 3 3 3 3 3 3 3 3 3 3 3 3 3 3 3 3 3 3 3 3 3 3 3 3 3 3 3 3 3 3 3 3 3 3 3 3 3 3 3 3 3 3 3 3 3 3 3 3 
						3 3 3 3 3 3 3 3 3 3 3 3 3 3 3 3 3 3 3 3 3 3 3 3 3 3 3 3 3 3 3 3 3 3 3 3 3 3 3 3 3 3 3 3 3 3 3 3 3 3 3 3 3 3 3 3 3 3 3 3 3 3 3 3 
						3 3 3 3 3 3 3 3 3 3 3 3 3 3 3 3 3 3 3 3 3 3 3 3 3 3 3 3 3 3 3 3 3 3 3 3 3 3 3 3 3 3 3 3 3 3 3 3 3 3 3 3 3 3 3 3 3 3 3 3 3 3 3 3 
						3 3 3 3 3 3 3 3 3 3 3 3 3 3 3 3 3 3 3 3 3 3 3 3 3 3 3 3 3 3 3 3 3 3 3 3 3 3 3 3 3 3 3 3 3 3 3 3 3 3 3 3 3 3 3 3 3 3 3 3 3 3 3 3 
						3 3 3 3 3 3 3 3 3 3 3 3 3 3 3 3 3 3 3 3 3 3 3 3 3 3 3 3 3 3 3 3 3 3 3 3 3 3 3 3 3 3 3 3 3 3 3 3 3 3 3 3 3 3 3 3 3 3 3 3 3 3 3 3 
						3 3 3 3 3 3 3 3 3 3 3 3 3 3 3 3 3 3 3 3 3 3 3 3 3 3 3 3 3 3 3 3 3 3 3 3 3 3 3 3 3 3 3 3 3 3 3 3 3 3 3 3 3 3 3 3 3 3 3 3 3 3 3 3 
						3 3 3 3 3 3 3 3 3 3 3 3 3 3 3 3 3 3 3 3 3 3 3 3 3 3 3 3 3 3 3 3 3 3 3 3 3 3 3 3 3 3 3 3 3 3 3 3 3 3 3 3 3 3 3 3 3 3 3 3 3 3 3 3 
						3 3 3 3 3 3 3 3 3 3 3 3 3 3 3 3 3 3 3 3 3 3 3 3 3 3 3 3 3 3 3 3 3 3 3 3 3 3 3 3 3 3 3 3 3 3 3 3 3 3 3 3 3 3 3 3 3 3 3 3 3 3 3 3 
						3 3 3 3 3 3 3 3 3 3 3 3 3 3 3 3 3 3 3 3 3 3 
					</vcount>
					<p>
						0 1 2 3 4 5 6 7 8 9 10 11 12 13 14 15 16 17 18 19 20 21 22 23 24 19 25 22 26 24 27 28 29 30 31 32 33 34 35 36 37 38 39 40 41 42 39 41 43 44 45 44 46 45 47 48 49 47 49 50 48 51 52 48 52 49 53 54 55 53 55 56 54 57 58 54 58 55 57 59 60 57 60 58 61 47 50 61 50 62 62 50 63 62 63 64 58 60 65 58 65 66 55 58 66 55 66 67 56 55 67 56 67 68 49 52 69 49 69 70 50 49 70 50 70 63 63 70 71 63 71 72 70 69 73 70 73 71 68 67 74 68 74 75 67 66 76 67 76 74 66 65 77 66 77 76 64 63 72 64 72 78 79 80 81 82 83 84 85 86 87 85 87 88 86 89 90 86 90 87 89 91 92 89 92 90 91 93 94 91 94 92 
						93 95 96 93 96 94 95 97 98 95 98 96 97 99 100 97 100 98 1 0 99 99 0 100 3 5 101 3 101 102 102 101 103 102 103 104 104 103 105 104 105 106 106 105 107 106 107 108 108 107 109 108 109 110 110 109 111 110 111 112 112 111 113 112 113 114 115 116 114 115 114 113 117 118 119 117 119 120 119 121 122 119 122 120 121 123 124 121 124 122 123 125 126 123 126 124 125 127 128 125 128 126 127 129 130 127 130 128 129 131 132 129 132 130 131 7 6 131 6 132 9 11 133 9 133 134 134 133 135 134 135 136 136 135 137 136 137 138 138 137 139 138 139 140 140 139 141 140 141 142 142 141 143 142 143 144 144 143 145 144 145 146 145 147 148 145 148 146 149 150 151 149 151 152 153 154 155 153 155 156 157 158 156 157 156 155 159 160 152 159 152 151 
						161 162 160 161 160 159 163 164 158 163 158 157 165 166 164 165 164 163 167 168 162 167 162 161 169 170 168 169 168 167 171 172 166 171 166 165 173 174 172 173 172 171 175 176 170 175 170 169 177 178 176 177 176 175 179 180 174 179 174 173 181 182 180 181 180 179 183 184 178 183 178 177 185 186 182 185 182 181 184 183 187 184 187 188 189 190 191 189 191 192 193 194 195 193 195 196 197 191 190 197 190 198 199 193 196 199 196 200 201 199 200 201 200 202 203 197 198 203 198 204 205 203 204 205 204 206 207 201 202 207 202 208 209 207 208 209 208 210 211 205 206 211 206 212 213 211 212 213 212 214 215 209 210 215 210 216 217 215 216 217 216 218 219 213 214 219 214 220 220 221 222 220 222 219 223 217 218 223 218 224 224 225 226 224 226 223 221 227 228 221 228 222 
						229 230 231 229 231 232 233 234 235 233 235 236 234 237 238 234 238 235 237 239 240 237 240 238 241 242 243 241 243 244 232 243 242 232 242 229 242 245 246 242 246 229 241 247 245 241 245 242 237 248 249 237 249 239 234 250 248 234 248 237 233 251 250 233 250 234 229 246 252 229 252 230 246 253 254 246 254 252 251 255 256 251 256 250 250 256 257 250 257 248 248 257 258 248 258 249 247 259 260 247 260 245 245 260 253 245 253 246 260 261 262 260 262 253 259 263 261 259 261 260 257 264 265 257 265 258 256 266 264 256 264 257 255 267 266 255 266 256 253 262 268 253 268 254 262 269 270 262 270 268 267 271 272 267 272 266 266 272 273 266 273 264 264 273 274 264 274 265 263 275 276 263 276 261 261 276 269 261 269 262 276 277 278 276 278 269 275 279 277 275 277 276 
						273 280 281 273 281 274 272 282 280 272 280 273 271 283 282 271 282 272 269 278 284 269 284 270 278 285 286 278 286 284 283 287 288 283 288 282 282 288 289 282 289 280 280 289 290 280 290 281 279 291 292 279 292 277 277 292 285 277 285 278 292 293 294 292 294 285 291 295 293 291 293 292 289 296 297 289 297 290 288 298 296 288 296 289 287 299 298 287 298 288 285 294 300 285 300 286 294 301 302 294 302 300 299 303 304 299 304 298 298 304 305 298 305 296 296 305 306 296 306 297 295 307 308 295 308 293 293 308 301 293 301 294 308 309 310 308 310 301 307 311 309 307 309 308 305 312 313 305 313 306 304 314 312 304 312 305 303 315 314 303 314 304 301 310 316 301 316 302 310 317 318 310 318 316 315 319 320 315 320 314 314 320 321 314 321 312 312 321 322 312 322 313 
						311 323 324 311 324 309 309 324 317 309 317 310 325 326 327 325 327 328 329 330 331 329 331 332 332 331 333 332 333 334 334 333 335 334 335 336 337 338 339 337 339 340 340 339 326 340 326 325 339 341 342 339 342 326 338 343 341 338 341 339 333 344 345 333 345 335 331 346 344 331 344 333 330 347 346 330 346 331 326 342 348 326 348 327 342 349 350 342 350 348 347 351 352 347 352 346 346 352 353 346 353 344 344 353 354 344 354 345 343 355 356 343 356 341 341 356 349 341 349 342 356 357 358 356 358 349 355 359 357 355 357 356 353 360 361 353 361 354 352 362 360 352 360 353 351 363 362 351 362 352 349 358 364 349 364 350 358 365 366 358 366 364 363 367 368 363 368 362 362 368 369 362 369 360 360 369 370 360 370 361 359 371 372 359 372 357 357 372 365 357 365 358 
						232 373 374 232 374 243 243 374 375 243 375 244 240 376 377 240 377 238 238 377 378 238 378 235 235 378 379 235 379 236 231 380 373 231 373 232 380 381 382 380 382 373 378 383 384 378 384 379 377 385 383 377 383 378 376 386 385 376 385 377 374 387 388 374 388 375 373 382 387 373 387 374 382 389 390 382 390 387 387 390 391 387 391 388 386 392 393 386 393 385 385 393 394 385 394 383 383 394 395 383 395 384 381 396 389 381 389 382 396 397 398 396 398 389 394 16 15 394 15 395 393 399 16 393 16 394 392 400 399 392 399 393 390 13 12 390 12 391 389 398 13 389 13 390 398 401 14 398 14 13 12 14 22 12 22 21 400 402 403 400 403 399 399 403 17 399 17 16 15 17 19 15 19 18 397 404 401 397 401 398 404 405 26 404 26 401 403 25 19 403 19 17 
						402 406 25 402 25 403 401 26 22 401 22 14 407 20 19 407 19 24 408 23 22 408 22 24 409 410 411 412 413 414 415 411 410 415 410 416 417 418 419 417 419 420 29 419 418 29 418 27 40 39 421 40 421 422 39 42 423 39 423 421 44 43 424 44 424 425 46 44 425 46 425 426 426 425 427 426 427 428 425 424 429 425 429 427 421 423 430 421 430 431 422 421 431 422 431 432 432 431 433 432 433 434 431 430 435 431 435 433 427 429 436 427 436 437 428 427 437 428 437 438 438 437 416 438 416 410 437 436 415 437 415 416 433 435 417 433 417 420 434 433 420 434 420 419 439 440 30 439 30 32 441 28 27 441 27 418 442 439 32 441 443 28 34 33 444 34 444 445 37 36 446 37 446 447 71 448 449 71 449 72 73 450 448 73 448 71 74 451 452 74 452 75 
						76 453 451 76 451 74 77 454 453 77 453 76 72 449 455 72 455 78 449 79 456 449 456 455 454 457 83 454 83 453 453 83 82 453 82 451 451 82 458 451 458 452 450 459 80 450 80 448 448 80 79 448 79 449 80 459 460 80 460 81 461 456 79 461 79 81 
					</p>
				</polylist>
			</mesh>
		</geometry>
		<geometry id="meshId2" name="meshId2_name" >
			<mesh>
				<source id="meshId2-positions" name="meshId2-positions">
					<float_array id="meshId2-positions-array" count="2055"> 
						3.157992 8.438667 -0.082394 2.876275 7.253407 -0.218369 2.348054 7.408422 -0.082394 16.870487 8.438671 -0.082394 17.680424 7.408428 -0.082394 17.152210 7.253410 -0.218369 16.606056 8.336380 -0.352674 14.408026 8.250544 -0.352674 14.909833 8.547667 -0.352674 17.490814 9.188128 -0.352674 15.728569 9.722946 -0.352674 17.721909 9.795574 -0.352674 17.292738 11.314194 -0.352674 15.497473 10.515268 -0.352674 15.028685 10.469048 -0.352674 15.813733 11.815998 -0.352674 15.035288 11.512272 -0.352674 15.410970 11.743366 -0.352674 4.202729 11.815994 -0.352674 4.605494 11.743366 -0.352674 4.981179 11.512272 -0.352674 2.723731 11.314192 -0.352674 4.987782 10.469048 -0.352674 4.518989 10.515266 -0.352674 2.525652 9.188126 -0.352674 2.294557 9.795568 -0.352674 4.287898 9.722946 -0.352674 3.410411 8.336380 -0.352674 5.106634 8.547663 -0.352674 5.608437 8.250544 -0.352674 2.876275 7.253407 0.213561 3.157996 8.438671 0.077587 2.348057 7.408422 0.077587 17.152210 7.253410 0.213561 17.680424 7.408428 0.077587 16.870487 8.438673 0.077587 15.774789 10.224751 0.353418 17.741722 10.396418 0.353418 17.523834 10.924635 0.353418 15.497478 10.515268 0.353418 16.856960 11.637724 0.353418 15.028686 10.469049 0.353418 4.518991 10.515266 0.353418 4.987779 10.469048 0.353418 3.159503 11.637722 0.353418 4.241677 10.224749 0.353418 2.492636 10.924633 0.353418 2.274744 10.396414 0.353418 8.155957 -10.221985 -0.003481 9.081076 -10.221985 -0.784495 8.907234 -10.663368 -0.931258 11.856443 -10.221985 -0.003480 10.931333 -10.221985 0.777532 11.105183 -10.663368 0.924296 12.204126 -10.663368 -0.003480 11.219249 -10.899628 1.020591 12.432253 -10.899628 -0.003480 7.808273 -10.663368 -0.003481 8.793173 -10.899628 -1.027553 7.580148 -10.899628 -0.003481 9.906561 -12.729725 -0.087601 10.105846 -12.729725 -0.087601 10.006199 -12.851898 -0.003481 10.105846 -12.729725 0.080640 
						9.906561 -12.729725 0.080639 10.006199 -12.851898 -0.003481 11.385917 6.626507 -0.003481 10.696062 6.626507 -0.480587 11.037873 7.065338 -0.618242 8.626480 6.626507 -0.003481 9.316339 6.626511 0.473624 8.974527 7.065338 0.611280 7.942864 7.065338 -0.003481 8.766376 7.434877 0.549823 7.526558 7.434877 -0.003481 12.069529 7.065338 -0.003481 11.246024 7.434877 -0.556785 12.485833 7.434877 -0.003481 10.006196 7.434877 -0.003481 11.246024 7.434877 0.549823 8.766376 7.434877 -0.556785 10.004208 22.246269 -0.315407 8.224422 11.825773 -0.315407 8.224422 22.246269 -0.242155 10.004208 22.246269 0.316259 8.224424 22.246269 0.243006 8.224422 11.825773 0.316259 11.783995 22.246269 0.243006 11.783995 22.463768 0.000426 10.004208 27.316212 0.316259 8.224424 22.463772 0.000426 11.783995 22.246269 -0.242155 10.004208 27.316212 -0.315407 11.783995 22.463768 0.000426 8.224424 22.463772 0.000426 11.783995 22.246269 0.243006 11.783995 22.246269 -0.242155 11.783995 22.463768 0.000426 8.224422 22.246269 -0.242155 8.224424 22.246269 0.243006 8.224424 22.463772 0.000426 10.004204 65.099319 -0.032717 9.817436 65.099319 0.000426 10.004204 65.308540 0.000426 10.190968 65.099319 0.000426 9.817436 65.099319 0.000426 10.004204 65.099319 0.033568 10.004204 65.308540 0.000426 10.190968 65.099319 0.000426 10.014239 7.195995 -0.765070 9.040041 7.195995 -0.637960 9.109333 8.822367 -0.466064 10.014239 9.284292 -0.504486 8.093097 7.195995 -0.515823 8.162382 8.418182 -0.426102 7.099953 7.195992 -0.441837 7.169245 8.106382 -0.415387 5.979786 7.195992 -0.379739 6.049077 7.979351 -0.379739 5.079031 7.195992 -0.355490 5.148323 7.979351 -0.355490 4.150875 7.195992 -0.355490 4.220162 8.128632 -0.355490 3.605436 7.195992 -0.355490 3.674727 8.266422 -0.259165 16.423046 7.195995 -0.355490 16.353756 8.266424 -0.259165 15.877608 7.195995 -0.355490 
						15.808315 8.128633 -0.355490 14.949450 7.195995 -0.355490 14.880160 7.979353 -0.355490 14.048694 7.195995 -0.379739 13.979403 7.979353 -0.379739 12.928527 7.195995 -0.441837 12.859240 8.106384 -0.415387 11.935387 7.195995 -0.515823 11.866096 8.418182 -0.426102 10.988438 7.195995 -0.637960 10.919147 8.822367 -0.466064 10.014239 7.195995 -0.765070 10.014239 9.284292 -0.504486 15.979130 7.998352 -0.352674 13.329005 7.823711 -0.352674 15.385229 9.095690 -0.352674 17.173889 8.831581 -0.352674 15.774785 10.224751 -0.352674 17.741718 10.396418 -0.352674 15.642734 10.455843 -0.352674 17.523830 10.924635 -0.352674 14.850412 10.838799 -0.352674 16.856960 11.637724 -0.352674 14.883423 11.248165 -0.352674 16.374962 11.809395 -0.352674 5.133041 11.248163 -0.352674 3.641501 11.809391 -0.352674 5.166055 10.838799 -0.352674 3.159507 11.637722 -0.352674 4.373734 10.455841 -0.352674 2.492632 10.924633 -0.352674 4.241675 10.224749 -0.352674 2.274746 10.396418 -0.352674 4.631236 9.095688 -0.352674 2.842581 8.831581 -0.352674 4.037338 7.998346 -0.352674 6.687461 7.823709 -0.352674 10.014239 7.195995 0.760261 10.014239 9.284292 0.499677 9.109333 8.822369 0.461254 9.040041 7.195995 0.633150 8.162384 8.418184 0.421293 8.093097 7.195995 0.511015 7.169245 8.106384 0.410579 7.099954 7.195992 0.437028 6.049077 7.979355 0.374930 5.979786 7.195992 0.374930 5.148323 7.979353 0.350682 5.079032 7.195992 0.350682 4.220162 8.128632 0.350682 4.150875 7.195992 0.350682 3.674727 8.266424 0.254357 3.605436 7.195992 0.350682 16.353756 8.266430 0.254357 16.423046 7.195995 0.350682 15.808315 8.128633 0.350682 15.877608 7.195995 0.350682 14.880160 7.979355 0.350682 14.949450 7.195995 0.350682 13.979406 7.979355 0.374930 14.048694 7.195995 0.374930 12.859240 8.106384 0.410579 12.928527 7.195995 0.437028 11.866096 8.418186 0.421293 
						11.935387 7.195995 0.511015 10.919147 8.822369 0.461254 10.988438 7.195995 0.633150 10.014239 9.284292 0.499677 10.014239 7.195995 0.760261 15.979130 7.998352 0.353418 16.606058 8.336380 0.353418 14.408032 8.250544 0.353418 13.329005 7.823711 0.353418 17.173889 8.831581 0.353418 14.909835 8.547667 0.353418 17.490818 9.188128 0.353418 15.385231 9.095692 0.353418 17.721912 9.795574 0.353418 15.728569 9.722946 0.353418 17.292738 11.314194 0.353418 15.642734 10.455843 0.353418 16.374966 11.809395 0.353418 14.850414 10.838799 0.353418 15.813739 11.815998 0.353418 14.883427 11.248169 0.353418 15.410975 11.743366 0.353418 15.035288 11.512274 0.353418 4.981177 11.512272 0.353418 4.605494 11.743366 0.353418 4.202729 11.815994 0.353418 5.133039 11.248165 0.353418 3.641501 11.809391 0.353418 5.166050 10.838799 0.353418 2.723725 11.314192 0.353418 4.373729 10.455841 0.353418 2.294554 9.795568 0.353418 4.287897 9.722946 0.353418 2.525649 9.188126 0.353418 4.631239 9.095688 0.353418 2.842578 8.831577 0.353418 5.106631 8.547663 0.353418 3.410411 8.336380 0.353418 5.608437 8.250544 0.353418 4.037338 7.998352 0.353418 6.687461 7.823709 0.353418 5.608437 8.250544 -0.352674 5.608437 8.250544 0.353418 6.687461 7.823709 0.353418 6.687461 7.823709 -0.352674 4.037338 7.998346 -0.352674 4.037338 7.998352 0.353418 3.410411 8.336380 0.353418 3.410411 8.336380 -0.352674 6.687461 7.823709 -0.352674 6.687461 7.823709 0.353418 4.037338 7.998352 0.353418 4.037338 7.998346 -0.352674 2.842578 8.831577 0.353418 2.842581 8.831581 -0.352674 3.410411 8.336380 -0.352674 3.410411 8.336380 0.353418 5.106634 8.547663 -0.352674 5.106631 8.547663 0.353418 4.631236 9.095688 -0.352674 4.631239 9.095688 0.353418 2.525649 9.188126 0.353418 2.525652 9.188126 -0.352674 2.294554 9.795568 0.353418 
						2.294557 9.795568 -0.352674 4.287898 9.722946 -0.352674 4.287897 9.722946 0.353418 4.241675 10.224749 -0.352674 4.241677 10.224749 0.353418 2.274744 10.396414 0.353418 2.274746 10.396418 -0.352674 2.492636 10.924633 0.353418 2.492632 10.924633 -0.352674 4.373734 10.455841 -0.352674 4.373729 10.455841 0.353418 4.241677 10.224749 0.353418 4.241675 10.224749 -0.352674 4.518989 10.515266 -0.352674 4.518991 10.515266 0.353418 2.723725 11.314192 0.353418 2.723731 11.314192 -0.352674 3.159503 11.637722 0.353418 3.159507 11.637722 -0.352674 4.987782 10.469048 -0.352674 4.987779 10.469048 0.353418 5.166055 10.838799 -0.352674 5.166050 10.838799 0.353418 4.987779 10.469048 0.353418 4.987782 10.469048 -0.352674 3.641501 11.809391 0.353418 3.641501 11.809391 -0.352674 4.202729 11.815994 0.353418 4.202729 11.815994 -0.352674 5.133041 11.248163 -0.352674 5.133039 11.248165 0.353418 4.981179 11.512272 -0.352674 4.981177 11.512272 0.353418 4.605494 11.743366 0.353418 4.605494 11.743366 -0.352674 4.605494 11.743366 -0.352674 4.605494 11.743366 0.353418 15.035288 11.512274 0.353418 15.410975 11.743366 0.353418 15.410970 11.743366 -0.352674 15.035288 11.512272 -0.352674 15.813733 11.815998 -0.352674 15.813739 11.815998 0.353418 14.883427 11.248169 0.353418 15.035288 11.512274 0.353418 15.035288 11.512272 -0.352674 14.883423 11.248165 -0.352674 14.850414 10.838799 0.353418 14.850412 10.838799 -0.352674 16.374962 11.809395 -0.352674 16.374966 11.809395 0.353418 16.856960 11.637724 -0.352674 16.856960 11.637724 0.353418 15.028686 10.469049 0.353418 14.850414 10.838799 0.353418 14.850412 10.838799 -0.352674 15.028685 10.469048 -0.352674 15.497478 10.515268 0.353418 15.497473 10.515268 -0.352674 17.292738 11.314194 -0.352674 17.292738 11.314194 0.353418 17.523830 10.924635 -0.352674 17.523834 10.924635 0.353418 15.642734 10.455843 0.353418 
						15.642734 10.455843 -0.352674 15.774789 10.224751 0.353418 15.774785 10.224751 -0.352674 17.741718 10.396418 -0.352674 17.741722 10.396418 0.353418 17.721909 9.795574 -0.352674 17.721912 9.795574 0.353418 15.728569 9.722946 0.353418 15.774789 10.224751 0.353418 15.774785 10.224751 -0.352674 15.728569 9.722946 -0.352674 15.385231 9.095692 0.353418 15.385229 9.095690 -0.352674 17.490814 9.188128 -0.352674 17.490818 9.188128 0.353418 17.173889 8.831581 -0.352674 17.173889 8.831581 0.353418 14.909835 8.547667 0.353418 14.909833 8.547667 -0.352674 14.408032 8.250544 0.353418 14.408026 8.250544 -0.352674 16.606056 8.336380 -0.352674 17.173889 8.831581 -0.352674 17.173889 8.831581 0.353418 16.606058 8.336380 0.353418 13.329005 7.823711 -0.352674 15.979130 7.998352 -0.352674 15.979130 7.998352 0.353418 13.329005 7.823711 0.353418 15.979130 7.998352 0.353418 15.979130 7.998352 -0.352674 13.329005 7.823711 0.353418 13.329005 7.823711 -0.352674 10.014239 7.195995 0.760261 10.014239 7.195995 -0.765070 10.988438 7.195995 -0.637960 10.988438 7.195995 0.633150 11.935387 7.195995 -0.515823 11.935387 7.195995 0.511015 12.928527 7.195995 -0.441837 12.928527 7.195995 0.437028 14.048694 7.195995 -0.379739 14.048694 7.195995 0.374930 13.979406 7.979355 0.374930 13.979403 7.979353 -0.379739 12.859240 8.106384 -0.415387 12.859240 8.106384 0.410579 14.880160 7.979355 0.350682 14.880160 7.979353 -0.355490 14.949450 7.195995 -0.355490 14.949450 7.195995 0.350682 15.877608 7.195995 -0.355490 15.877608 7.195995 0.350682 15.808315 8.128633 0.350682 15.808315 8.128633 -0.355490 16.353756 8.266430 0.254357 16.353756 8.266424 -0.259165 16.423046 7.195995 -0.355490 16.423046 7.195995 0.350682 17.152210 7.253410 -0.218369 17.152210 7.253410 0.213561 16.870487 8.438673 0.077587 16.870487 8.438671 -0.082394 17.680424 7.408428 -0.082394 
						17.680424 7.408428 0.077587 17.680424 7.408428 0.077587 17.680424 7.408428 -0.082394 2.348057 7.408422 0.077587 3.157996 8.438671 0.077587 3.157992 8.438667 -0.082394 2.348054 7.408422 -0.082394 2.876275 7.253407 0.213561 2.348057 7.408422 0.077587 2.348054 7.408422 -0.082394 2.876275 7.253407 -0.218369 3.674727 8.266422 -0.259165 3.674727 8.266424 0.254357 3.605436 7.195992 0.350682 3.605436 7.195992 -0.355490 4.150875 7.195992 0.350682 4.150875 7.195992 -0.355490 4.220162 8.128632 -0.355490 4.220162 8.128632 0.350682 5.148323 7.979351 -0.355490 5.148323 7.979353 0.350682 5.079032 7.195992 0.350682 5.079031 7.195992 -0.355490 5.979786 7.195992 0.374930 5.979786 7.195992 -0.379739 6.049077 7.979351 -0.379739 6.049077 7.979355 0.374930 7.169245 8.106382 -0.415387 7.169245 8.106384 0.410579 7.099954 7.195992 0.437028 7.099953 7.195992 -0.441837 8.093097 7.195995 0.511015 8.093097 7.195995 -0.515823 9.040041 7.195995 -0.637960 10.014239 7.195995 -0.765070 10.014239 7.195995 0.760261 9.040041 7.195995 0.633150 9.080036 3.966101 -0.785373 8.153870 3.966101 -0.003481 8.699846 6.106842 -0.003481 9.353025 6.106842 -0.554909 8.153870 3.966101 -0.003481 9.080036 3.966101 0.778410 9.353025 6.106842 0.547947 8.699846 6.106842 -0.003481 10.932365 3.966101 0.778411 10.659377 6.106842 0.547947 11.858528 3.966101 -0.003480 11.312551 6.106842 -0.003481 11.858528 3.966101 -0.003480 10.932372 3.966101 -0.785372 10.659377 6.106842 -0.554909 11.312551 6.106842 -0.003481 11.074290 1.995958 -0.905179 8.938126 1.995958 -0.905180 11.897270 1.995958 -0.003480 10.951739 1.995958 0.898217 11.897270 1.995958 -0.003480 9.060667 1.995958 0.898217 8.115124 1.995958 -0.003481 8.115124 1.995958 -0.003481 8.918133 -0.371269 -0.922059 8.079727 -0.371269 -0.003481 8.079727 -0.371269 -0.003481 
						9.042968 -0.371269 0.915097 10.969438 -0.371269 0.915097 11.932671 -0.371269 -0.003480 11.932671 -0.371269 -0.003480 11.094283 -0.371269 -0.922059 10.961450 -4.678093 -0.809918 9.050964 -4.678093 -0.809918 11.700804 -4.678093 -0.003480 10.853506 -4.678093 0.802956 11.700804 -4.678093 -0.003480 9.158901 -4.678093 0.802956 8.311595 -4.678093 -0.003481 8.311595 -4.678093 -0.003481 9.261371 -6.755142 -0.632287 8.516542 -6.755142 -0.003481 8.516542 -6.755142 -0.003481 9.261371 -6.755142 0.625324 10.751036 -6.755142 0.625325 11.495860 -6.755142 -0.003480 11.495860 -6.755142 -0.003480 10.751040 -6.755142 -0.632286 10.572871 -8.358749 -0.481871 9.439539 -8.358749 -0.481872 11.139523 -8.358749 -0.003480 10.572866 -8.358749 0.474910 11.139523 -8.358749 -0.003480 9.439539 -8.358749 0.474910 8.872878 -8.358749 -0.003481 8.872878 -8.358749 -0.003481 9.378408 -8.526745 -0.533482 8.750614 -8.526745 -0.003481 8.750614 -8.526745 -0.003481 9.378408 -8.526745 0.526520 10.633999 -8.526745 0.526520 11.261787 -8.526745 -0.003480 11.261787 -8.526745 -0.003480 10.634003 -8.526745 -0.533482 10.634003 -8.771103 -0.533482 9.378408 -8.771103 -0.533482 11.261787 -8.771103 -0.003480 10.633999 -8.771103 0.526520 11.261787 -8.771103 -0.003480 9.378408 -8.771103 0.526520 8.750614 -8.771103 -0.003481 8.750614 -8.771103 -0.003481 9.156920 -8.771103 -0.720468 8.307638 -8.771103 -0.003481 8.307638 -8.771103 -0.003481 9.156920 -8.771103 0.713506 10.855490 -8.771103 0.713506 11.704762 -8.771103 -0.003480 11.704762 -8.771103 -0.003480 10.855492 -8.771103 -0.720468 10.901244 -8.984917 -0.759090 9.111170 -8.984917 -0.759091 11.796257 -8.984917 -0.003480 10.901241 -8.984917 0.752128 11.796257 -8.984917 -0.003480 9.111170 -8.984917 0.752128 8.216145 -8.984917 -0.003481 8.216145 -8.984917 -0.003481 9.160975 -9.320915 -0.717044 8.315754 -9.320915 -0.003481 8.315754 -9.320915 -0.003481 
						9.160975 -9.320915 0.710081 10.851434 -9.320915 0.710082 11.696649 -9.320915 -0.003480 11.696649 -9.320915 -0.003480 10.851440 -9.320915 -0.717043 10.931339 -10.221985 -0.784494 11.856443 -10.221985 -0.003480 9.081076 -10.221985 0.777532 8.155957 -10.221985 -0.003481 7.808273 -10.663368 -0.003481 8.907234 -10.663368 0.924295 12.204126 -10.663368 -0.003480 11.105186 -10.663368 -0.931257 11.219250 -10.899628 -1.027552 12.432253 -10.899628 -0.003480 8.793173 -10.899628 1.020590 7.580148 -10.899628 -0.003481 9.003098 -11.321537 -0.850328 8.000001 -11.321537 -0.003481 8.000001 -11.321537 -0.003481 9.003098 -11.321537 0.843365 11.009317 -11.321537 0.843366 12.012404 -11.321537 -0.003480 12.012404 -11.321537 -0.003480 11.009322 -11.321537 -0.850327 10.662266 -11.675919 -0.557338 9.350154 -11.675919 -0.557338 11.318305 -11.675919 -0.003480 10.662263 -11.675919 0.550376 11.318305 -11.675919 -0.003480 9.350154 -11.675919 0.550376 8.694102 -11.675919 -0.003481 8.694102 -11.675919 -0.003481 9.616400 -11.813374 -0.332565 9.226593 -11.813374 -0.003481 9.226593 -11.813374 -0.003481 9.616400 -11.813374 0.325604 10.396012 -11.813374 0.325604 10.785811 -11.813374 -0.003480 10.785811 -11.813374 -0.003480 10.396015 -11.813374 -0.332565 10.396015 -11.920280 -0.332565 9.616400 -11.920280 -0.332565 10.785811 -11.920280 -0.003480 10.396012 -11.920280 0.325604 10.785811 -11.920280 -0.003480 9.616400 -11.920280 0.325604 9.226593 -11.920280 -0.003481 9.226593 -11.920280 -0.003481 9.719169 -12.073009 -0.245803 9.432137 -12.073009 -0.003481 9.432137 -12.073009 -0.003481 9.719169 -12.073009 0.238841 10.293237 -12.073009 0.238842 10.580271 -12.073009 -0.003480 10.580271 -12.073009 -0.003480 10.293243 -12.073009 -0.245803 10.197640 -12.500637 -0.165099 9.814764 -12.500637 -0.165099 10.389080 -12.500637 -0.003481 10.197640 -12.500637 0.158137 10.389080 -12.500637 -0.003481 9.814764 -12.500637 0.158137 9.623326 -12.500637 -0.003481 
						9.623326 -12.500637 -0.003481 9.806921 -12.729725 -0.003481 9.806921 -12.729725 -0.003481 10.205486 -12.729725 -0.003481 10.205486 -12.729725 -0.003481 10.105846 -12.729725 0.080640 9.906561 -12.729725 0.080639 9.283142 6.187677 -0.613906 10.729257 6.187677 -0.613906 11.452316 6.187677 -0.003481 11.452316 6.187677 -0.003481 10.729257 6.187677 0.606944 9.283142 6.187677 0.606944 8.560081 6.187677 -0.003481 8.560081 6.187677 -0.003481 8.529303 6.291609 -0.003481 9.267752 6.291609 -0.626899 9.267752 6.291609 0.619937 8.529303 6.291609 -0.003481 10.744648 6.291609 0.619937 11.483092 6.291613 -0.003481 10.744648 6.291609 -0.626899 11.483092 6.291613 -0.003481 9.316339 6.453283 -0.585879 10.696062 6.453283 -0.585879 11.385917 6.453283 -0.003481 11.385917 6.453283 -0.003481 10.696062 6.453287 0.578917 9.316339 6.453287 0.578917 8.626480 6.453283 -0.003481 8.626480 6.453283 -0.003481 8.626480 6.626507 -0.003481 9.316339 6.626507 -0.480587 10.696062 6.626511 0.473624 11.385917 6.626507 -0.003481 8.974527 7.065338 -0.618242 12.069529 7.065338 -0.003481 11.037873 7.065338 0.611280 7.942864 7.065338 -0.003481 7.526558 7.434877 -0.003481 12.485833 7.434877 -0.003481 8.766376 7.434877 -0.556785 11.246024 7.434877 0.549823 10.004204 62.170166 -0.118952 9.331488 62.170166 0.000426 10.676921 62.170166 0.000426 9.331488 62.170166 0.000426 10.004204 62.170166 0.119803 10.676921 62.170166 0.000426 10.004206 55.950455 0.232973 11.314656 55.950455 0.000426 8.693750 55.950455 0.000426 11.314656 55.950455 0.000426 10.004206 55.950455 -0.232122 8.693750 55.950455 0.000426 10.004206 46.236977 -0.283975 8.401551 46.236977 0.000426 11.606858 46.236977 0.000426 8.401551 46.236977 0.000426 10.004206 46.236977 0.284825 11.606858 46.236977 0.000426 11.783996 11.825775 0.316259 11.783996 11.825775 -0.315407 11.783996 11.825775 -0.315407 
						8.224422 11.825773 0.316259 11.783996 11.825775 0.316259 11.783996 11.825775 -0.315407 8.224422 11.825773 -0.315407 8.224422 11.825773 0.316259 8.162382 8.418182 -0.426102 8.162384 8.418184 0.421293 11.866096 8.418182 -0.426102 11.866096 8.418186 0.421293 11.866096 8.418186 0.421293 11.866096 8.418182 -0.426102 11.866096 12.059593 -0.426102 11.866096 12.059607 0.421293 8.162382 8.418182 -0.426102 8.162384 8.418184 0.421293 8.162384 12.059601 0.421293 8.162382 12.059593 -0.426102 10.014239 9.284292 -0.504486 9.109333 8.822367 -0.466064 9.109333 13.217655 -0.466064 10.014239 14.541149 -0.504486 8.162382 8.418182 -0.426102 8.162382 12.059593 -0.426102 11.866096 8.418182 -0.426102 10.919147 8.822367 -0.466064 10.919147 13.217655 -0.466064 11.866096 12.059593 -0.426102 9.109333 8.822369 0.461254 10.014239 9.284292 0.499677 10.014239 14.541145 0.499677 9.109333 13.217659 0.461254 8.162384 8.418184 0.421293 8.162384 12.059601 0.421293 10.919147 8.822369 0.461254 11.866096 8.418186 0.421293 11.866096 12.059607 0.421293 10.919147 13.217659 0.461254 10.014239 14.541149 -0.504486 10.014239 14.541145 0.499677 10.919147 13.217659 0.461254 10.919147 13.217655 -0.466064 9.109333 13.217659 0.461254 9.109333 13.217655 -0.466064 10.014239 14.541145 0.499677 10.014239 14.541149 -0.504486 
					</float_array>
					<technique_common>
						<accessor count="685" offset="0" source="#meshId2-positions-array" stride="3">
							<param name="X" type="float" />
							<param name="Y" type="float" />
							<param name="Z" type="float" />
						</accessor>
					</technique_common>
				</source>
				<source id="meshId2-normals" name="meshId2-normals">
					<float_array id="meshId2-normals-array" count="2055"> 
						-0.315264 0.657873 -0.683967 -0.292831 -0.623810 -0.724645 -0.790629 -0.113653 -0.601655 0.315237 0.657880 -0.683974 0.790629 -0.113653 -0.601655 0.292831 -0.623810 -0.724645 0.314497 -0.453998 -0.833653 -0.310659 0.633983 -0.708207 -0.450100 0.539369 -0.711682 0.599615 -0.363578 -0.712933 -0.522792 0.159615 -0.837383 0.688481 -0.138282 -0.711950 0.406298 0.366379 -0.837071 -0.100622 -0.689152 -0.717596 -0.310379 -0.552761 -0.773383 -0.058687 0.703059 -0.708705 -0.499355 0.484766 -0.718085 -0.318074 0.832572 -0.453489 0.058687 0.703059 -0.708705 0.318074 0.832572 -0.453489 0.499355 0.484766 -0.718085 -0.406298 0.366379 -0.837071 0.310379 -0.552761 -0.773383 0.100622 -0.689152 -0.717596 -0.599615 -0.363578 -0.712933 -0.688481 -0.138282 -0.711950 0.522792 0.159615 -0.837383 -0.314497 -0.453998 -0.833653 0.450100 0.539369 -0.711682 0.310659 0.633983 -0.708207 -0.292831 -0.623810 0.724645 -0.315237 0.657880 0.683974 -0.790629 -0.113653 0.601655 0.292831 -0.623810 0.724645 0.790629 -0.113653 0.601655 0.315264 0.657873 0.683967 -0.524322 -0.113745 0.843889 0.687873 0.124549 0.715065 0.631750 0.315600 0.708017 -0.100622 -0.689152 0.717596 0.259261 0.485593 0.834855 -0.310379 -0.552761 0.773383 0.100622 -0.689152 0.717596 0.310379 -0.552761 0.773383 -0.259261 0.485593 0.834855 0.524322 -0.113745 0.843889 -0.631750 0.315600 0.708017 -0.687873 0.124549 0.715065 -0.863916 0.465148 -0.193097 -0.326586 0.256972 -0.909564 -0.301075 0.429317 -0.851493 0.863916 0.465148 0.193097 0.326586 0.256972 0.909564 0.301075 0.429317 0.851493 0.746799 0.665039 -0.003723 0.396257 0.109899 0.911538 0.999944 -0.010559 0.000000 -0.746799 0.665039 0.003723 -0.396259 0.109868 -0.911542 -0.999944 -0.010559 0.000000 -0.315787 -0.633863 -0.706042 0.315781 -0.633882 -0.706029 0.000000 -1.000000 0.000000 0.315781 -0.633882 0.706029 
						-0.315787 -0.633863 0.706042 0.000000 -1.000000 0.000000 0.568816 -0.391622 -0.723243 0.266765 0.064700 -0.961587 0.256057 -0.299333 -0.919149 -0.568816 -0.391622 0.723243 -0.266765 0.064700 0.961587 -0.256057 -0.299333 0.919149 -0.413869 -0.492180 -0.765814 0.000000 0.164038 0.986454 -0.960156 0.279218 -0.011719 0.413869 -0.492180 0.765814 0.000000 0.164038 -0.986454 0.960156 0.279218 0.011719 0.000000 1.000000 0.000000 0.000000 0.937776 0.347241 0.000000 0.937776 -0.347241 -0.032808 0.201337 -0.978972 -0.418262 -0.403308 -0.813879 -0.749344 0.272142 -0.603674 0.018190 0.201428 0.979335 -0.781228 0.087132 0.618134 -0.418262 -0.403308 0.813879 0.745163 0.272539 0.608650 0.803781 0.362139 0.472008 -0.248885 0.094091 0.963952 -0.803772 0.362166 -0.472003 0.778302 0.086369 -0.621921 0.248885 0.094091 -0.963952 0.803781 0.362139 0.472008 -0.803772 0.362166 -0.472003 0.745163 0.272539 0.608650 0.778302 0.086369 -0.621921 0.803781 0.362139 0.472008 -0.749344 0.272142 -0.603674 -0.781228 0.087132 0.618134 -0.803772 0.362166 -0.472003 0.000000 0.093114 -0.995655 -0.884607 0.466338 0.000000 0.000000 1.000000 0.000000 0.884607 0.466338 0.000000 -0.884607 0.466338 0.000000 0.000000 0.093114 0.995655 0.000000 1.000000 0.000000 0.884607 0.466338 0.000000 0.000000 -0.666995 -0.745063 -0.082585 -0.668399 -0.739204 -0.076510 0.053347 -0.995641 0.000000 0.058810 -0.998269 -0.057682 -0.679606 -0.731306 -0.425746 0.314716 -0.848348 -0.034700 -0.693451 -0.719667 -0.176037 0.701036 -0.691056 -0.025423 -0.703298 -0.710440 -0.064761 0.708561 -0.702671 -0.009491 -0.706724 -0.707426 0.046694 0.704563 -0.708103 -0.029085 -0.698010 -0.715497 0.113164 0.705200 -0.699920 -0.140389 -0.671336 -0.727736 0.090366 0.728603 -0.678949 0.140389 -0.671336 -0.727736 -0.090366 0.728603 -0.678949 0.029085 -0.698010 -0.715497 
						-0.113164 0.705200 -0.699920 0.009491 -0.706724 -0.707426 -0.046694 0.704563 -0.708103 0.025423 -0.703298 -0.710440 0.064761 0.708561 -0.702671 0.034700 -0.693451 -0.719667 0.176037 0.701036 -0.691056 0.057682 -0.679606 -0.731306 0.425746 0.314716 -0.848348 0.082585 -0.668399 -0.739204 0.076510 0.053347 -0.995641 0.000000 -0.666995 -0.745063 0.000000 0.058810 -0.998269 0.246138 -0.855516 -0.455531 -0.288553 -0.064883 -0.955263 -0.578861 0.402581 -0.709118 0.497122 -0.501852 -0.707824 -0.674467 -0.146307 -0.723663 0.687873 0.124549 -0.715065 -0.453001 -0.516512 -0.726639 0.631718 0.315599 -0.708046 -0.682676 -0.127325 -0.719543 0.331189 0.620323 -0.710994 -0.666941 0.207135 -0.715741 0.123601 0.691278 -0.711939 0.666941 0.207135 -0.715741 -0.123601 0.691278 -0.711939 0.682676 -0.127325 -0.719543 -0.331189 0.620323 -0.710994 0.453001 -0.516512 -0.726639 -0.631750 0.315600 -0.708017 0.674467 -0.146307 -0.723663 -0.687873 0.124549 -0.715065 0.578861 0.402581 -0.709118 -0.497122 -0.501852 -0.707824 -0.246138 -0.855516 -0.455531 0.288553 -0.064883 -0.955263 0.000000 -0.666995 0.745063 0.000000 0.058810 0.998269 -0.076510 0.053347 0.995641 -0.082585 -0.668399 0.739204 -0.425746 0.314716 0.848348 -0.057682 -0.679606 0.731306 -0.176037 0.701036 0.691056 -0.034700 -0.693451 0.719667 -0.064761 0.708561 0.702671 -0.025423 -0.703298 0.710440 0.046694 0.704563 0.708103 -0.009491 -0.706724 0.707426 0.113164 0.705200 0.699920 -0.029085 -0.698010 0.715497 0.090366 0.728603 0.678949 -0.140389 -0.671336 0.727736 -0.090366 0.728603 0.678949 0.140389 -0.671336 0.727736 -0.113164 0.705200 0.699920 0.029085 -0.698010 0.715497 -0.046694 0.704563 0.708103 0.009491 -0.706724 0.707426 0.064761 0.708561 0.702671 0.025423 -0.703298 0.710440 0.176037 0.701036 0.691056 0.034700 -0.693451 0.719667 0.425746 0.314716 0.848348 
						0.057682 -0.679606 0.731306 0.076510 0.053347 0.995641 0.082585 -0.668399 0.739204 0.000000 0.058810 0.998269 0.000000 -0.666995 0.745063 0.246138 -0.855516 0.455531 0.401422 -0.579441 0.709301 -0.310659 0.633983 0.708207 -0.288553 -0.064883 0.955263 0.497122 -0.501852 0.707824 -0.450100 0.539369 0.711682 0.599615 -0.363578 0.712933 -0.578861 0.402581 0.709118 0.688481 -0.138282 0.711950 -0.669131 0.204295 0.714512 0.519890 0.468831 0.714081 -0.453001 -0.516512 0.726639 0.123601 0.691278 0.711939 -0.682676 -0.127325 0.719543 -0.058687 0.703059 0.708705 -0.666941 0.207135 0.715741 -0.318074 0.832572 0.453489 -0.637670 0.619023 0.458461 0.637670 0.619023 0.458461 0.318074 0.832572 0.453489 0.058687 0.703059 0.708705 0.666941 0.207135 0.715741 -0.123601 0.691278 0.711939 0.682676 -0.127325 0.719543 -0.519890 0.468831 0.714081 0.453001 -0.516512 0.726639 -0.688481 -0.138282 0.711950 0.669131 0.204295 0.714512 -0.599615 -0.363578 0.712933 0.578861 0.402581 0.709118 -0.497122 -0.501852 0.707824 0.450100 0.539369 0.711682 -0.401422 -0.579441 0.709301 0.310659 0.633983 0.708207 -0.246138 -0.855516 0.455531 0.288553 -0.064883 0.955263 0.310659 0.633983 -0.708207 0.310659 0.633983 0.708207 0.288553 -0.064883 0.955263 0.288553 -0.064883 -0.955263 -0.246138 -0.855516 -0.455531 -0.246138 -0.855516 0.455531 -0.401422 -0.579441 0.709301 -0.314497 -0.453998 -0.833653 0.288553 -0.064883 -0.955263 0.288553 -0.064883 0.955263 -0.246138 -0.855516 0.455531 -0.246138 -0.855516 -0.455531 -0.497122 -0.501852 0.707824 -0.497122 -0.501852 -0.707824 -0.314497 -0.453998 -0.833653 -0.401422 -0.579441 0.709301 0.450100 0.539369 -0.711682 0.450100 0.539369 0.711682 0.578861 0.402581 -0.709118 0.578861 0.402581 0.709118 -0.599615 -0.363578 0.712933 -0.599615 -0.363578 -0.712933 -0.688481 -0.138282 0.711950 
						-0.688481 -0.138282 -0.711950 0.522792 0.159615 -0.837383 0.669131 0.204295 0.714512 0.674467 -0.146307 -0.723663 0.524322 -0.113745 0.843889 -0.687873 0.124549 0.715065 -0.687873 0.124549 -0.715065 -0.631750 0.315600 0.708017 -0.631750 0.315600 -0.708017 0.453001 -0.516512 -0.726639 0.453001 -0.516512 0.726639 0.524322 -0.113745 0.843889 0.674467 -0.146307 -0.723663 0.100622 -0.689152 -0.717596 0.100622 -0.689152 0.717596 -0.519890 0.468831 0.714081 -0.406298 0.366379 -0.837071 -0.259261 0.485593 0.834855 -0.331189 0.620323 -0.710994 0.310379 -0.552761 -0.773383 0.310379 -0.552761 0.773383 0.682676 -0.127325 -0.719543 0.682676 -0.127325 0.719543 0.310379 -0.552761 0.773383 0.310379 -0.552761 -0.773383 -0.123601 0.691278 0.711939 -0.123601 0.691278 -0.711939 0.058687 0.703059 0.708705 0.058687 0.703059 -0.708705 0.666941 0.207135 -0.715741 0.666941 0.207135 0.715741 0.499355 0.484766 -0.718085 0.637670 0.619023 0.458461 0.318074 0.832572 0.453489 0.318074 0.832572 -0.453489 0.318074 0.832572 -0.453489 0.318074 0.832572 0.453489 -0.637670 0.619023 0.458461 -0.318074 0.832572 0.453489 -0.318074 0.832572 -0.453489 -0.499355 0.484766 -0.718085 -0.058687 0.703059 -0.708705 -0.058687 0.703059 0.708705 -0.666941 0.207135 0.715741 -0.637670 0.619023 0.458461 -0.499355 0.484766 -0.718085 -0.666941 0.207135 -0.715741 -0.682676 -0.127325 0.719543 -0.682676 -0.127325 -0.719543 0.123601 0.691278 -0.711939 0.123601 0.691278 0.711939 0.331189 0.620323 -0.710994 0.259261 0.485593 0.834855 -0.310379 -0.552761 0.773383 -0.682676 -0.127325 0.719543 -0.682676 -0.127325 -0.719543 -0.310379 -0.552761 -0.773383 -0.100622 -0.689152 0.717596 -0.100622 -0.689152 -0.717596 0.406298 0.366379 -0.837071 0.519890 0.468831 0.714081 0.631718 0.315599 -0.708046 0.631750 0.315600 0.708017 -0.453001 -0.516512 0.726639 
						-0.453001 -0.516512 -0.726639 -0.524322 -0.113745 0.843889 -0.674467 -0.146307 -0.723663 0.687873 0.124549 -0.715065 0.687873 0.124549 0.715065 0.688481 -0.138282 -0.711950 0.688481 -0.138282 0.711950 -0.669131 0.204295 0.714512 -0.524322 -0.113745 0.843889 -0.674467 -0.146307 -0.723663 -0.522792 0.159615 -0.837383 -0.578861 0.402581 0.709118 -0.578861 0.402581 -0.709118 0.599615 -0.363578 -0.712933 0.599615 -0.363578 0.712933 0.497122 -0.501852 -0.707824 0.497122 -0.501852 0.707824 -0.450100 0.539369 0.711682 -0.450100 0.539369 -0.711682 -0.310659 0.633983 0.708207 -0.310659 0.633983 -0.708207 0.314497 -0.453998 -0.833653 0.497122 -0.501852 -0.707824 0.497122 -0.501852 0.707824 0.401422 -0.579441 0.709301 -0.288553 -0.064883 -0.955263 0.246138 -0.855516 -0.455531 0.246138 -0.855516 0.455531 -0.288553 -0.064883 0.955263 0.246138 -0.855516 0.455531 0.246138 -0.855516 -0.455531 -0.288553 -0.064883 0.955263 -0.288553 -0.064883 -0.955263 0.000000 -0.666995 0.745063 0.000000 -0.666995 -0.745063 0.082585 -0.668399 -0.739204 0.082585 -0.668399 0.739204 0.057682 -0.679606 -0.731306 0.057682 -0.679606 0.731306 0.034700 -0.693451 -0.719667 0.034700 -0.693451 0.719667 0.025423 -0.703298 -0.710440 0.025423 -0.703298 0.710440 0.064761 0.708561 0.702671 0.064761 0.708561 -0.702671 0.176037 0.701036 -0.691056 0.176037 0.701036 0.691056 -0.046694 0.704563 0.708103 -0.046694 0.704563 -0.708103 0.009491 -0.706724 -0.707426 0.009491 -0.706724 0.707426 0.029085 -0.698010 -0.715497 0.029085 -0.698010 0.715497 -0.113164 0.705200 0.699920 -0.113164 0.705200 -0.699920 -0.090366 0.728603 0.678949 -0.090366 0.728603 -0.678949 0.140389 -0.671336 -0.727736 0.140389 -0.671336 0.727736 0.292831 -0.623810 -0.724645 0.292831 -0.623810 0.724645 0.315264 0.657873 0.683967 0.315237 0.657880 -0.683974 0.790629 -0.113653 -0.601655 
						0.790629 -0.113653 0.601655 0.790629 -0.113653 0.601655 0.790629 -0.113653 -0.601655 -0.790629 -0.113653 0.601655 -0.315237 0.657880 0.683974 -0.315264 0.657873 -0.683967 -0.790629 -0.113653 -0.601655 -0.292831 -0.623810 0.724645 -0.790629 -0.113653 0.601655 -0.790629 -0.113653 -0.601655 -0.292831 -0.623810 -0.724645 0.090366 0.728603 -0.678949 0.090366 0.728603 0.678949 -0.140389 -0.671336 0.727736 -0.140389 -0.671336 -0.727736 -0.029085 -0.698010 0.715497 -0.029085 -0.698010 -0.715497 0.113164 0.705200 -0.699920 0.113164 0.705200 0.699920 0.046694 0.704563 -0.708103 0.046694 0.704563 0.708103 -0.009491 -0.706724 0.707426 -0.009491 -0.706724 -0.707426 -0.025423 -0.703298 0.710440 -0.025423 -0.703298 -0.710440 -0.064761 0.708561 -0.702671 -0.064761 0.708561 0.702671 -0.176037 0.701036 -0.691056 -0.176037 0.701036 0.691056 -0.034700 -0.693451 0.719667 -0.034700 -0.693451 -0.719667 -0.057682 -0.679606 0.731306 -0.057682 -0.679606 -0.731306 -0.082585 -0.668399 -0.739204 0.000000 -0.666995 -0.745063 0.000000 -0.666995 0.745063 -0.082585 -0.668399 0.739204 -0.425962 0.105079 -0.898618 -0.653628 0.097844 0.750465 -0.608495 -0.331989 -0.720775 -0.247538 -0.302960 -0.920294 -0.653628 0.097844 0.750465 -0.275043 0.097113 0.956515 -0.376488 -0.318898 0.869805 -0.608495 -0.331989 -0.720775 0.417040 0.097874 0.903603 0.247540 -0.302932 0.920302 0.665807 0.108252 -0.738229 0.608501 -0.331962 0.720783 0.665807 0.108252 -0.738229 0.277783 0.103734 -0.955027 0.376488 -0.318898 -0.869805 0.608501 -0.331962 0.720783 0.385245 0.034426 -0.922172 -0.397303 0.040194 -0.916807 0.998872 0.029572 0.037141 0.368919 0.032564 0.928891 0.998872 0.029572 0.037141 -0.363240 0.027284 0.931296 -0.999176 0.035708 0.019288 -0.999176 0.035708 0.019288 -0.403313 -0.013062 -0.914969 -0.999213 -0.019532 0.034517 -0.999213 -0.019532 0.034517 
						-0.371505 -0.012330 0.928349 0.371505 -0.012330 0.928349 0.999213 -0.019532 0.034517 0.999213 -0.019532 0.034517 0.403313 -0.013062 -0.914969 0.387952 -0.068117 -0.919159 -0.387926 -0.068118 -0.919170 0.995388 -0.092199 0.026491 0.364367 -0.061618 0.929215 0.995388 -0.092199 0.026491 -0.364367 -0.061618 0.929215 -0.995388 -0.092199 0.026491 -0.995388 -0.092199 0.026491 -0.356247 -0.112523 -0.927592 -0.984784 -0.173531 0.009339 -0.984784 -0.173531 0.009339 -0.348560 -0.107153 0.931141 0.348560 -0.107153 0.931141 0.984784 -0.173531 0.009339 0.984784 -0.173531 0.009339 0.356247 -0.112523 -0.927592 0.335405 0.132606 -0.932695 -0.335378 0.132607 -0.932704 0.974221 0.225595 0.000000 0.335378 0.132607 0.932704 0.974221 0.225595 0.000000 -0.335378 0.132607 0.932704 -0.974221 0.225595 0.000000 -0.974221 0.225595 0.000000 -0.332447 0.194378 -0.922874 -0.945093 0.326801 0.000000 -0.945093 0.326801 0.000000 -0.332447 0.194378 0.922874 0.332447 0.194378 0.922874 0.945093 0.326801 0.000000 0.945093 0.326801 0.000000 0.332447 0.194378 -0.922874 0.235092 0.728930 -0.642956 -0.235092 0.728930 -0.642956 0.542087 0.840323 0.000000 0.235092 0.728930 0.642956 0.542087 0.840323 0.000000 -0.235092 0.728930 0.642956 -0.542087 0.840323 0.000000 -0.542087 0.840323 0.000000 -0.203686 0.800521 -0.563630 -0.440818 0.897597 0.000000 -0.440818 0.897597 0.000000 -0.203686 0.800521 0.563630 0.203686 0.800521 0.563630 0.440842 0.897585 0.000000 0.440842 0.897585 0.000000 0.203686 0.800521 -0.563630 0.340566 0.035738 -0.939541 -0.340566 0.035738 -0.939541 0.998064 0.062198 0.000000 0.340566 0.035738 0.939541 0.998064 0.062198 0.000000 -0.340566 0.035738 0.939541 -0.998064 0.062198 0.000000 -0.998064 0.062198 0.000000 -0.342028 -0.033174 -0.939104 -0.998312 -0.058078 0.000000 -0.998312 -0.058078 0.000000 
						-0.342028 -0.033174 0.939104 0.342055 -0.033174 0.939094 0.998312 -0.058078 0.000000 0.998312 -0.058078 0.000000 0.342055 -0.033174 -0.939094 0.326586 0.256972 -0.909564 0.863916 0.465148 0.193097 -0.326586 0.256972 0.909564 -0.863916 0.465148 -0.193097 -0.746799 0.665039 0.003723 -0.296497 0.442320 0.846429 0.746799 0.665039 -0.003723 0.296497 0.442320 -0.846429 0.328081 -0.006409 -0.944628 0.999944 -0.010559 0.000000 -0.328081 -0.006409 0.944628 -0.999944 -0.010559 0.000000 -0.249402 -0.621065 -0.743019 -0.580115 -0.814535 0.000000 -0.580115 -0.814535 0.000000 -0.249402 -0.621065 0.743019 0.249402 -0.621065 0.743019 0.580115 -0.814535 0.000000 0.580115 -0.814535 0.000000 0.249402 -0.621065 -0.743019 0.165932 -0.830516 -0.531704 -0.165932 -0.830516 -0.531704 0.350056 -0.936729 0.000000 0.165932 -0.830516 0.531704 0.350056 -0.936729 0.000000 -0.165932 -0.830516 0.531704 -0.350056 -0.936729 0.000000 -0.350056 -0.936729 0.000000 -0.272256 -0.548236 -0.790768 -0.689856 -0.723946 0.000000 -0.689856 -0.723946 0.000000 -0.272256 -0.548236 0.790768 0.272256 -0.548236 0.790768 0.689856 -0.723946 0.000000 0.689856 -0.723946 0.000000 0.272263 -0.548250 -0.790756 0.315076 -0.319898 -0.893528 -0.315076 -0.319898 -0.893528 0.865395 -0.501090 0.000000 0.315076 -0.319898 0.893528 0.865395 -0.501090 0.000000 -0.315076 -0.319898 0.893528 -0.865395 -0.501090 0.000000 -0.865395 -0.501090 0.000000 -0.297624 -0.433466 -0.850604 -0.764725 -0.644357 0.000000 -0.764725 -0.644357 0.000000 -0.297624 -0.433466 0.850604 0.297624 -0.433466 0.850604 0.764725 -0.644357 0.000000 0.764725 -0.644357 0.000000 0.297648 -0.433487 -0.850585 0.317216 -0.330339 -0.888960 -0.317216 -0.330339 -0.888960 0.850938 -0.525267 0.000000 0.317216 -0.330339 0.888960 0.850938 -0.525267 0.000000 -0.317216 -0.330339 0.888960 -0.850938 -0.525267 0.000000 
						-0.850938 -0.525267 0.000000 -0.685798 -0.727792 0.000000 -0.685798 -0.727792 0.000000 0.685782 -0.727807 0.000000 0.685782 -0.727807 0.000000 0.315781 -0.633882 0.706029 -0.315787 -0.633863 0.706042 -0.282638 -0.459467 -0.842025 0.302872 -0.446160 -0.842146 0.497179 -0.859618 -0.117771 0.497179 -0.859618 -0.117771 0.282638 -0.459467 0.842025 -0.302872 -0.446160 0.842146 -0.497179 -0.859618 0.117771 -0.497179 -0.859618 0.117771 -0.990220 0.139380 0.006104 -0.339677 0.071109 -0.937850 -0.336564 0.090825 0.937270 -0.990220 0.139380 0.006104 0.339677 0.071109 0.937850 0.990220 0.139380 -0.006104 0.336564 0.090825 -0.937270 0.990220 0.139380 -0.006104 -0.316175 0.401933 -0.859350 0.314501 0.339282 -0.886553 0.911810 0.410569 0.005921 0.911810 0.410569 0.005921 0.316175 0.401933 0.859350 -0.314501 0.339282 0.886553 -0.911810 0.410569 -0.005921 -0.911810 0.410569 -0.005921 -0.568816 -0.391622 0.723243 -0.305829 -0.044222 -0.951059 0.305857 -0.044252 0.951049 0.568816 -0.391622 -0.723243 -0.243636 -0.256087 -0.935447 0.413869 -0.492180 0.765814 0.243634 -0.256116 0.935440 -0.413869 -0.492180 -0.765814 -0.960156 0.279218 -0.011719 0.960156 0.279218 0.011719 0.000000 0.937776 -0.347241 0.000000 0.937776 0.347241 0.000000 0.023805 -0.999717 -0.991116 0.133003 0.000000 0.991116 0.133003 0.000000 -0.991116 0.133003 0.000000 0.000000 0.023805 0.999717 0.991116 0.133003 0.000000 0.000000 0.011750 0.999931 0.997811 0.066134 0.000000 -0.997811 0.066134 0.000000 0.997811 0.066134 0.000000 0.000000 0.011750 -0.999931 -0.997811 0.066134 0.000000 0.000000 0.003388 -0.999994 -0.999818 0.019074 0.000000 0.999818 0.019074 0.000000 -0.999818 0.019074 0.000000 0.000000 0.003388 0.999994 0.999818 0.019074 0.000000 0.583073 -0.573826 0.575108 0.583073 -0.573826 -0.575108 0.583073 -0.573826 -0.575108 
						-0.418262 -0.403308 0.813879 0.583073 -0.573826 0.575108 0.583073 -0.573826 -0.575108 -0.418262 -0.403308 -0.813879 -0.418262 -0.403308 0.813879 -0.425746 0.314716 -0.848348 -0.425746 0.314716 0.848348 0.425746 0.314716 -0.848348 0.425746 0.314716 0.848348 0.425746 0.314716 0.848348 0.425746 0.314716 -0.848348 0.837992 0.292037 -0.460960 0.837992 0.292037 0.460960 -0.425746 0.314716 -0.848348 -0.425746 0.314716 0.848348 -0.837992 0.292037 0.460960 -0.837992 0.292037 -0.460960 0.000000 0.058810 -0.998269 -0.076510 0.053347 -0.995641 -0.585901 0.416552 -0.695129 0.000000 0.491847 -0.870682 -0.425746 0.314716 -0.848348 -0.837992 0.292037 -0.460960 0.425746 0.314716 -0.848348 0.076510 0.053347 -0.995641 0.585901 0.416552 -0.695129 0.837992 0.292037 -0.460960 -0.076510 0.053347 0.995641 0.000000 0.058810 0.998269 0.000000 0.491847 0.870682 -0.585901 0.416552 0.695129 -0.425746 0.314716 0.848348 -0.837992 0.292037 0.460960 0.076510 0.053347 0.995641 0.425746 0.314716 0.848348 0.837992 0.292037 0.460960 0.585901 0.416552 0.695129 0.000000 0.491847 -0.870682 0.000000 0.491847 0.870682 0.585901 0.416552 0.695129 0.585901 0.416552 -0.695129 -0.585901 0.416552 0.695129 -0.585901 0.416552 -0.695129 0.000000 0.491847 0.870682 0.000000 0.491847 -0.870682 
					</float_array>
					<technique_common>
						<accessor count="685" offset="0" source="#meshId2-normals-array" stride="3">
							<param name="X" type="float" />
							<param name="Y" type="float" />
							<param name="Z" type="float" />
						</accessor>
					</technique_common>
				</source>
				<source id="meshId2-tangents" name="meshId2-tangents">
					<float_array id="meshId2-tangents-array" count="2055"> 
						-0.937627 -0.104648 0.331518 -0.947244 0.085968 0.308769 -0.610191 0.064283 0.789642 0.937637 -0.104627 0.331497 0.610191 0.064286 0.789642 0.947244 0.085968 0.308769 -0.949261 -0.150410 -0.276189 -0.950529 -0.207192 0.231446 -0.892991 -0.271853 0.358696 -0.800315 -0.272391 -0.534134 -0.852473 -0.097882 0.513526 -0.725281 -0.131260 -0.675825 -0.913745 0.162907 -0.372198 -0.994925 0.069690 0.072575 -0.950616 0.180474 0.252502 -0.998276 -0.041334 0.041661 -0.866410 -0.279389 0.413854 -0.948073 -0.279314 0.152125 0.998276 -0.041334 0.041661 0.948073 -0.279311 0.152130 0.866410 -0.279385 0.413857 0.913745 0.162907 -0.372198 0.950616 0.180474 0.252502 0.994925 0.069692 0.072573 0.800315 -0.272389 -0.534135 0.725281 -0.131257 -0.675825 0.852473 -0.097883 0.513526 0.949261 -0.150411 -0.276189 0.892991 -0.271853 0.358695 0.950529 -0.207191 0.231446 -0.945388 0.075419 -0.317101 -0.935161 -0.092631 -0.341896 -0.610191 0.064282 -0.789642 0.945388 0.075419 -0.317101 0.610191 0.064286 -0.789642 0.935152 -0.092653 -0.341916 -0.851537 0.070040 -0.519595 -0.725862 0.118032 0.677638 -0.775200 0.257193 0.576990 -0.994925 0.069692 -0.072574 -0.965811 0.130349 0.224095 -0.950616 0.180474 -0.252502 0.994925 0.069692 -0.072573 0.950616 0.180474 -0.252502 0.965811 0.130348 0.224096 0.851537 0.070041 -0.519595 0.775200 0.257194 0.576990 0.725862 0.118033 0.677638 -0.445786 -0.527727 0.723034 -0.945053 -0.103790 0.310005 -0.952932 -0.102007 0.285509 -0.425011 0.467521 0.775106 -0.945036 0.104860 0.309696 -0.952867 0.100421 0.286286 -0.476305 0.538725 0.694917 -0.917889 0.070595 0.390507 0.001287 0.123027 0.992402 -0.514493 -0.581250 0.630433 -0.916478 -0.107021 0.385505 0.002207 -0.210149 0.977667 -0.937744 0.095051 0.334069 -0.937743 -0.095053 -0.334070 -1.000000 0.000000 0.000000 -0.937743 -0.095052 0.334071 
						-0.937744 0.095049 -0.334070 -1.000000 0.000000 -0.000003 -0.784420 0.006048 -0.620201 -0.963650 0.033099 -0.265110 -0.944012 0.127188 -0.304410 -0.777859 -0.029514 -0.627746 -0.963298 -0.048840 -0.263954 -0.941018 -0.140368 -0.307868 -0.866386 0.471210 0.165339 -0.999101 0.041829 -0.006960 -0.141426 -0.521457 -0.841476 -0.866751 -0.470251 0.166152 -0.998933 -0.045553 -0.007579 -0.141425 0.521455 -0.841477 1.000000 0.000000 0.000000 -0.917947 -0.137751 0.372020 -0.917948 0.137750 0.372017 -0.999438 0.000164 0.033528 -0.908330 0.183976 0.375619 -0.662030 -0.285522 0.692960 -0.999811 -0.003116 0.019211 -0.623583 -0.062468 -0.779258 -0.908330 0.183976 -0.375619 -0.666735 0.282333 0.689748 -0.583268 0.323110 0.745250 -0.966297 0.043526 -0.253724 0.382493 -0.293067 -0.876248 -0.627245 0.061033 -0.776427 -0.966297 -0.043525 -0.253724 0.382488 0.293050 -0.876256 -0.583259 -0.323145 0.745243 0.571581 0.209052 -0.793468 -0.618097 -0.068591 -0.783104 0.430331 0.193883 -0.881604 0.567378 -0.206060 -0.797259 -0.614301 0.068513 -0.786092 0.430328 -0.193901 -0.881601 -1.000000 -0.000000 -0.000000 -0.435947 -0.826720 0.355647 -1.000000 0.000000 -0.000002 -0.435946 0.826717 -0.355655 -0.435947 -0.826720 -0.355647 -1.000000 -0.000000 0.000000 -1.000000 0.000000 0.000002 -0.435946 0.826717 0.355655 -0.996937 -0.058267 0.052166 -0.993548 -0.002637 0.113385 -0.997021 0.005696 0.076922 -0.999937 0.011179 0.000660 -0.996679 -0.002973 0.081376 -0.904344 -0.116572 0.410576 -0.998655 -0.003692 0.051710 -0.983726 -0.099578 0.149559 -0.999282 -0.002105 0.037844 -0.997502 -0.026052 0.065662 -0.999908 -0.000172 0.013587 -0.998876 0.038688 -0.027371 -0.999202 0.000686 0.039948 -0.991291 0.127888 -0.031414 -0.987242 0.039134 0.154345 -0.983109 0.174209 0.056105 0.987242 0.039134 0.154345 0.983109 0.174210 0.056107 0.999202 0.000686 0.039948 
						0.991291 0.127887 -0.031415 0.999908 -0.000172 0.013587 0.998876 0.038688 -0.027370 0.999282 -0.002105 0.037844 0.997502 -0.026052 0.065662 0.998655 -0.003692 0.051709 0.983726 -0.099578 0.149559 0.996679 -0.002972 0.081375 0.904344 -0.116572 0.410576 0.993548 -0.002637 0.113385 0.997021 0.005696 0.076922 0.996937 -0.058267 0.052166 0.999937 0.011179 0.000660 -0.969238 -0.217249 -0.115675 -0.957464 0.019551 0.287888 -0.815450 -0.285773 0.503364 -0.867687 -0.287520 -0.405526 -0.738319 0.133656 0.661075 -0.725862 0.118033 -0.677638 -0.891525 0.262437 0.369202 -0.775223 0.257174 -0.576967 -0.730735 0.118954 0.672217 -0.943566 0.217731 -0.249553 -0.745146 -0.185392 0.640615 -0.992332 0.086105 -0.088672 0.745146 -0.185391 0.640615 0.992332 0.086105 -0.088672 0.730735 0.118954 0.672217 0.943566 0.217731 -0.249553 0.891525 0.262437 0.369202 0.775200 0.257194 -0.576990 0.738319 0.133655 0.661075 0.725862 0.118034 -0.677638 0.815450 -0.285774 0.503363 0.867687 -0.287519 -0.405526 0.969238 -0.217249 -0.115675 0.957464 0.019553 0.287888 -0.996937 -0.058267 -0.052167 -0.999937 0.011175 -0.000660 -0.997024 0.005380 -0.076905 -0.992868 -0.008810 -0.118891 -0.904419 -0.118980 -0.409719 -0.996594 -0.004047 -0.082367 -0.984057 -0.107188 -0.141922 -0.998831 -0.000179 -0.048333 -0.997650 -0.030187 -0.061506 -0.999424 0.001898 -0.033885 -0.998868 0.039382 0.026680 -0.999917 0.000516 -0.012900 -0.992920 0.105870 0.053863 -0.999577 0.019755 -0.021358 -0.985184 0.165179 -0.046139 -0.986532 0.032529 -0.160302 0.985184 0.165179 -0.046138 0.986532 0.032530 -0.160301 0.992920 0.105871 0.053862 0.999577 0.019755 -0.021358 0.998868 0.039382 0.026679 0.999917 0.000516 -0.012900 0.997650 -0.030187 -0.061506 0.999424 0.001898 -0.033885 0.984057 -0.107189 -0.141921 0.998831 -0.000179 -0.048333 0.904419 -0.118978 -0.409720 
						0.996594 -0.004045 -0.082366 0.997024 0.005380 -0.076905 0.992868 -0.008810 -0.118891 0.999937 0.011175 -0.000660 0.996937 -0.058267 -0.052167 -0.969238 -0.217249 0.115675 -0.915904 -0.253947 0.310856 -0.950529 -0.207192 -0.231446 -0.957464 0.019551 -0.287888 -0.867687 -0.287522 0.405524 -0.892991 -0.271852 -0.358696 -0.800315 -0.272393 0.534133 -0.815450 -0.285773 -0.503364 -0.725281 -0.131262 0.675824 -0.743167 -0.183940 -0.643327 -0.854242 0.285324 0.434582 -0.891525 0.262441 -0.369198 -0.992332 0.086106 0.088671 -0.730735 0.118956 -0.672217 -0.998276 -0.041334 -0.041661 -0.745146 -0.185396 -0.640614 -0.948073 -0.279313 -0.152127 -0.770337 -0.512415 -0.379489 0.770337 -0.512412 -0.379493 0.948073 -0.279309 -0.152133 0.998277 -0.041334 -0.041661 0.745146 -0.185396 -0.640613 0.992332 0.086105 0.088672 0.730735 0.118955 -0.672217 0.854242 0.285324 0.434582 0.891525 0.262438 -0.369201 0.725280 -0.131260 0.675825 0.743167 -0.183939 -0.643327 0.800315 -0.272391 0.534134 0.815450 -0.285774 -0.503364 0.867687 -0.287523 0.405524 0.892991 -0.271853 -0.358696 0.915904 -0.253948 0.310855 0.950529 -0.207192 -0.231445 0.969238 -0.217249 0.115675 0.957464 0.019551 -0.287888 -0.311606 -0.635916 -0.706055 0.311607 0.635915 -0.706055 0.931987 -0.209562 -0.295778 -0.931987 0.209562 -0.295778 0.125945 0.437750 -0.890232 -0.125942 -0.437751 -0.890232 -0.403900 -0.583022 -0.704947 0.474707 0.685273 -0.552317 -0.931987 0.209561 -0.295778 0.931987 -0.209562 -0.295778 -0.125942 -0.437751 -0.890232 0.125946 0.437750 -0.890232 -0.498111 -0.502869 -0.706405 0.498136 0.502844 -0.706405 0.474714 0.685268 -0.552317 -0.403901 -0.583021 -0.704947 -0.455953 -0.546388 -0.702544 0.455957 0.546384 -0.702544 -0.582136 -0.404856 -0.705131 0.582133 0.404860 -0.705131 -0.609574 -0.369640 -0.701274 0.609598 0.369601 -0.701274 -0.697980 -0.140201 -0.702259 
						0.697984 0.140183 -0.702259 -0.800856 -0.244511 -0.546667 0.683346 0.208635 -0.699649 -0.707199 0.153408 -0.690171 0.824663 -0.178902 -0.536586 -0.703592 0.127395 -0.699092 0.703591 -0.127396 -0.699092 -0.633350 0.316393 -0.706232 0.633344 -0.316404 -0.706232 -0.479090 0.546266 -0.687070 0.479096 -0.546261 -0.687070 0.824664 -0.178900 -0.536586 -0.707199 0.153407 -0.690171 -0.103670 0.710039 -0.696489 0.103668 -0.710039 -0.696489 -0.530287 0.478206 -0.700082 0.621636 -0.560558 -0.547123 -0.393182 0.736423 -0.550535 0.334856 -0.627193 -0.703207 -0.378638 0.674325 -0.633972 0.378642 -0.674322 -0.633972 -0.707330 0.131924 -0.694465 0.707330 -0.131922 -0.694465 0.378643 -0.674321 -0.633972 -0.378633 0.674327 -0.633972 -0.125307 0.700818 -0.702248 0.125306 -0.700818 -0.702248 0.058953 0.706240 -0.705514 -0.058953 -0.706240 -0.705514 -0.683493 -0.212280 -0.698409 0.683495 0.212273 -0.698409 -0.515209 -0.500162 -0.695987 0.328939 0.319318 -0.888727 0.161831 0.423599 -0.891277 -0.161831 -0.423599 -0.891277 -0.161830 -0.423600 -0.891277 0.161831 0.423599 -0.891277 0.328941 -0.319316 0.888727 0.161838 -0.423597 0.891277 -0.161826 0.423601 0.891277 -0.515210 0.500162 0.695987 -0.058943 0.706241 0.705514 0.058963 -0.706239 0.705514 0.683496 -0.212269 0.698409 0.328939 -0.319317 0.888727 -0.515206 0.500166 0.695987 -0.683494 0.212276 0.698409 0.707331 0.131915 0.694465 -0.707325 -0.131946 0.694465 0.125316 0.700816 0.702248 -0.125299 -0.700819 0.702248 0.334859 0.627192 0.703207 -0.393182 -0.736423 0.550535 -0.378639 -0.674324 -0.633972 -0.707330 -0.131922 -0.694465 0.707330 0.131921 -0.694465 0.378635 0.674326 -0.633972 -0.103679 -0.710038 -0.696489 0.103669 0.710039 -0.696489 0.621634 0.560559 0.547123 -0.530286 -0.478208 0.700082 0.633371 0.316423 0.706200 -0.633346 -0.316400 0.706232 -0.479088 -0.546269 -0.687070 
						0.479099 0.546259 -0.687070 -0.824660 -0.178915 -0.536586 0.707199 0.153409 -0.690171 0.703592 0.127394 0.699092 -0.703592 -0.127391 0.699092 0.697987 -0.140165 0.702259 -0.697978 0.140213 0.702259 -0.683338 0.208663 -0.699649 -0.824664 -0.178899 -0.536586 0.707190 0.153450 -0.690171 0.800874 -0.244452 -0.546667 -0.582135 0.404857 -0.705131 0.582132 -0.404861 -0.705131 0.609590 -0.369613 0.701274 -0.609583 0.369625 0.701274 0.498122 -0.502858 0.706405 -0.498120 0.502860 0.706405 -0.455958 0.546384 -0.702544 0.455954 -0.546387 -0.702544 -0.311608 0.635915 -0.706055 0.311605 -0.635916 -0.706055 0.474709 -0.685272 0.552317 0.498120 -0.502860 0.706405 -0.498119 0.502861 0.706405 -0.403900 0.583022 0.704947 0.931987 0.209562 -0.295778 -0.125944 0.437751 -0.890232 0.125944 -0.437751 -0.890232 -0.931987 -0.209562 -0.295778 -0.125944 0.437751 0.890232 0.125945 -0.437750 0.890232 -0.931987 -0.209561 -0.295778 0.931987 0.209562 -0.295778 0.000000 -0.745034 -0.667026 0.000000 0.745034 -0.667026 -0.090640 0.733596 -0.673515 0.090640 -0.733596 -0.673515 -0.061844 0.728643 -0.682096 0.061844 -0.728643 -0.682096 -0.035966 0.718747 -0.694341 0.035966 -0.718747 -0.694340 -0.025662 0.709916 -0.703819 0.025662 -0.709916 -0.703819 0.063948 0.699729 -0.711540 -0.063960 -0.699728 -0.711540 -0.168294 -0.670198 -0.722850 0.168294 0.670198 -0.722850 -0.046826 0.706528 -0.706135 0.046824 -0.706528 -0.706135 -0.009500 0.707348 -0.706801 0.009500 -0.707349 -0.706801 -0.029786 0.714834 -0.698659 0.029786 -0.714834 -0.698659 -0.110895 0.691062 -0.714238 0.110895 -0.691062 -0.714238 -0.083567 0.673779 -0.734192 0.083565 -0.673779 -0.734192 -0.148952 0.712284 -0.685904 0.148953 -0.712284 -0.685904 -0.307914 0.655942 -0.689151 0.307914 -0.655942 -0.689151 0.295572 0.616767 -0.729545 -0.295535 -0.616778 -0.729551 -0.595508 0.085605 -0.798776 
						0.595508 -0.085605 -0.798776 0.595508 -0.085605 -0.798776 -0.595508 0.085605 -0.798776 -0.595508 -0.085603 -0.798776 -0.295572 0.616760 -0.729551 0.295529 -0.616788 -0.729545 0.595507 0.085608 -0.798776 -0.307915 -0.655941 -0.689151 -0.595508 -0.085601 -0.798776 0.595507 0.085607 -0.798776 0.307914 0.655942 -0.689151 -0.083567 -0.673779 -0.734192 0.083567 0.673779 -0.734192 -0.148952 -0.712284 -0.685904 0.148952 0.712284 -0.685904 -0.029786 -0.714834 -0.698659 0.029786 0.714834 -0.698659 -0.110895 -0.691062 -0.714238 0.110895 0.691062 -0.714238 -0.046824 -0.706528 -0.706135 0.046825 0.706528 -0.706135 -0.009502 -0.707348 -0.706801 0.009498 0.707348 -0.706801 -0.025663 -0.709916 -0.703819 0.025662 0.709916 -0.703819 0.063954 -0.699729 -0.711540 -0.063955 0.699729 -0.711540 0.168293 -0.670198 -0.722850 -0.168295 0.670197 -0.722850 -0.035968 -0.718747 -0.694341 0.035964 0.718747 -0.694341 -0.061844 -0.728643 -0.682095 0.061844 0.728643 -0.682095 0.090640 0.733596 -0.673515 0.000000 0.745034 -0.667026 0.000000 -0.745034 -0.667026 -0.090640 -0.733596 -0.673515 -0.904221 -0.015692 0.426776 -0.671425 -0.532851 -0.515032 -0.738333 -0.096052 0.667561 -0.958071 -0.064932 0.279075 -0.754787 -0.011709 -0.655865 -0.960923 0.004530 -0.276777 -0.907128 -0.063730 -0.416002 -0.517837 0.854377 0.043403 -0.908410 0.012616 0.417890 -0.962773 0.029552 0.268692 -0.627265 0.617294 -0.474854 -0.752826 0.045758 0.656627 -0.743296 0.010162 -0.668886 -0.959749 -0.012916 -0.280561 -0.922320 -0.040744 -0.384273 -0.509186 -0.860006 0.033454 -0.922711 -0.000556 -0.385492 -0.917539 0.000523 0.397645 0.036280 0.029052 -0.998919 -0.929383 -0.000032 0.369116 -0.038008 0.029220 0.998850 -0.931642 0.000067 -0.363378 -0.020635 -0.035977 -0.999140 0.017978 -0.035004 0.999225 -0.915047 -0.000045 0.403348 0.034131 0.019097 0.999235 -0.034903 0.019109 -0.999208 
						-0.928420 -0.000033 -0.371533 -0.928420 0.000033 0.371533 -0.034903 -0.019107 0.999208 0.034131 -0.019101 -0.999235 -0.915047 0.000047 -0.403348 -0.921255 0.001617 -0.388957 -0.921284 -0.000938 0.388889 0.018048 -0.090670 -0.995717 -0.930979 0.000191 0.365072 -0.034975 -0.091057 0.995231 -0.930973 -0.000470 -0.365088 -0.035072 0.092133 -0.995129 0.018265 0.088399 0.995918 -0.932316 -0.023337 0.360892 -0.025363 0.196515 0.980173 -0.034051 0.139809 -0.989593 -0.936521 -0.000316 -0.350610 -0.935139 0.027459 0.353216 -0.043154 -0.191967 0.980452 -0.015760 -0.142523 -0.989666 -0.933553 -0.000795 -0.358440 -0.940265 0.108447 -0.322708 -0.940104 -0.111265 0.322219 -0.117824 0.508740 -0.852819 -0.939536 0.119849 0.320794 -0.101337 0.437533 0.893474 -0.940877 -0.097246 -0.324490 -0.114697 -0.495235 -0.861155 -0.098645 -0.425909 0.899372 -0.942726 -0.096822 0.319208 -0.188688 -0.545531 0.816574 -0.183469 -0.530434 -0.827635 -0.941089 -0.132568 -0.311090 -0.942453 0.105294 0.317325 -0.196460 0.568011 0.799229 -0.201727 0.583247 -0.786848 -0.943092 0.076254 -0.323671 -0.965253 0.097430 -0.242474 -0.965612 -0.099589 0.240160 -0.664708 0.428771 -0.611816 -0.961016 0.075275 0.266049 -0.691211 0.445864 0.568712 -0.966717 -0.106650 -0.232561 -0.702443 -0.453107 -0.548878 -0.705383 -0.455005 0.543512 -0.954090 -0.033173 0.297678 -0.727225 -0.357136 0.586172 -0.734715 -0.360815 -0.574462 -0.951422 -0.026083 -0.306783 -0.940383 -0.000196 0.340118 -0.697529 0.342583 0.629357 -0.689872 0.338822 -0.639747 -0.953989 0.032895 -0.298032 -0.939362 0.055620 -0.338388 -0.935107 -0.116944 0.334513 -0.016130 0.258209 -0.965955 -0.938999 0.063829 0.337944 -0.014130 0.226112 0.973999 -0.936369 -0.103242 -0.335492 -0.024638 -0.394767 -0.918451 -0.022709 -0.363801 0.931200 -0.931843 -0.116912 0.343512 0.018499 -0.318796 0.947643 0.018149 -0.312782 -0.949652 
						-0.929946 -0.131601 -0.343340 -0.934773 0.089985 0.343659 0.009841 0.170017 0.985392 0.011433 0.197378 -0.980261 -0.935856 0.078041 -0.343632 -0.945119 0.098568 -0.311504 -0.258311 0.738274 -0.623079 -0.944813 -0.115122 -0.306717 -0.282595 -0.764980 -0.578746 -0.515210 -0.574967 -0.635588 -0.954724 -0.114719 -0.274483 -0.482173 0.537551 -0.691772 -0.953828 0.092634 -0.285711 -0.940486 0.091561 -0.327266 0.001042 0.099830 -0.995004 -0.936006 -0.132752 -0.325990 0.002051 -0.195367 -0.980728 -0.919133 -0.089795 0.383576 -0.439929 0.313271 0.841619 -0.470775 0.335242 -0.816079 -0.908783 -0.114946 -0.401125 -0.930969 0.057488 0.360544 -0.503438 -0.358507 0.786144 -0.526717 -0.375088 -0.762810 -0.928861 0.063583 -0.364931 -0.916341 0.069379 -0.394342 -0.913689 -0.073363 0.399737 -0.591635 -0.221077 -0.775302 -0.907968 0.081714 0.410995 -0.614255 -0.229530 0.754988 -0.903950 -0.087393 -0.418612 -0.615849 0.230126 -0.753506 -0.571109 0.213405 0.792649 -0.941876 -0.016275 0.335566 -0.375666 0.357937 0.854843 -0.391559 0.373081 -0.841125 -0.941939 -0.016009 -0.335402 -0.939847 0.024693 0.340703 -0.348572 -0.332120 0.876467 -0.301865 -0.287615 -0.908931 -0.939086 0.027735 -0.342561 -0.934983 0.056966 -0.350089 -0.925860 -0.103318 0.363467 -0.217192 -0.375045 -0.901204 -0.933513 0.065284 0.352549 -0.216131 -0.373211 0.902220 -0.933663 -0.064457 -0.352306 -0.171639 0.296372 -0.939523 -0.203926 0.352133 0.913464 -0.927446 -0.080027 0.365293 -0.271558 0.322214 0.906882 -0.120901 0.143413 -0.982250 -0.927197 -0.081014 -0.365708 -0.936646 0.039797 0.348011 -0.329309 -0.390754 0.859573 -0.287916 -0.341629 -0.894647 -0.937802 0.034008 -0.345500 -0.939816 0.015991 -0.341306 -0.940903 -0.007640 0.338591 -0.277524 -0.449513 -0.849070 -0.941275 0.004645 0.337610 -0.267412 -0.433130 0.860750 -0.938824 -0.023166 -0.343618 -0.277522 0.449509 -0.849072 
						-0.260071 0.421237 0.868863 -0.475227 0.447765 0.757408 -0.475225 0.447764 -0.757409 -0.475220 -0.447778 0.757404 -0.475220 -0.447778 -0.757404 1.000000 0.000000 0.000000 1.000000 0.000000 0.000000 -0.920937 -0.115558 0.372186 -0.930519 0.052487 -0.362464 -0.622064 -0.258528 -0.739053 -0.576083 -0.428546 0.696044 -0.936597 0.057355 0.345683 -0.897475 -0.163766 -0.409535 -0.582880 0.230361 -0.779220 -0.531612 0.409073 0.741653 -0.059551 -0.461577 0.885099 -0.935732 -0.126263 0.329337 -0.936776 -0.133535 -0.323448 -0.070530 -0.462107 -0.884015 -0.940216 0.051920 0.336598 -0.037794 0.309839 0.950037 -0.941062 0.067903 -0.331347 -0.046496 0.288170 -0.956450 -0.948219 -0.105012 0.299755 -0.947728 0.059215 -0.313538 -0.227943 0.518072 -0.824405 -0.240294 0.521808 0.818520 -0.945429 0.058328 0.320564 -0.948833 -0.084403 -0.304291 -0.277989 -0.627818 -0.727026 -0.278988 -0.608839 0.742617 -0.684414 0.713073 -0.152000 -0.949564 -0.058498 0.308068 -0.950697 0.039572 0.307585 -0.683402 -0.714361 -0.150502 -0.964158 -0.040543 0.262215 -0.883467 -0.014277 0.468275 -0.963896 0.042921 0.262798 -0.883468 0.014278 0.468275 -0.155130 -0.497448 0.853511 -0.155129 0.497445 0.853513 1.000000 0.000000 0.000000 1.000000 0.000000 0.000000 -1.000000 -0.000000 0.000000 -0.080009 -0.594383 0.800192 -0.080009 0.594383 -0.800192 -0.080010 -0.594385 -0.800191 -1.000000 -0.000000 0.000000 -0.080010 0.594385 0.800191 -1.000000 -0.000000 0.000000 -0.023180 0.348446 0.937042 -0.023180 -0.348447 -0.937042 -0.023180 0.348445 -0.937043 -1.000000 -0.000000 0.000000 -0.023180 -0.348446 0.937042 -0.999940 -0.010939 -0.000037 -0.001950 -0.101530 0.994831 -0.002052 0.106851 -0.994273 -0.002052 -0.106851 -0.994273 -0.999940 0.010940 -0.000037 -0.001950 0.101531 0.994830 -0.812441 -0.409866 0.414668 -0.812441 -0.409866 -0.414668 1.000000 0.000000 0.000000 
						1.000000 0.000000 0.000000 0.409876 -0.403375 -0.818102 -0.409876 0.403375 -0.818102 0.585861 0.564915 -0.581067 -0.585861 -0.564914 -0.581067 0.682151 -0.504262 -0.529519 -0.682159 0.504250 -0.529519 -0.682151 -0.504262 -0.529519 0.682160 0.504249 -0.529519 -0.682157 -0.504253 0.529519 0.682152 0.504260 0.529519 0.435270 0.151687 0.887430 -0.435268 -0.151692 0.887430 -0.682152 0.504259 0.529519 0.682157 -0.504254 0.529519 0.435269 -0.151689 0.887430 -0.435268 0.151691 0.887430 -0.999250 0.038656 0.002277 -0.996415 -0.040258 0.074412 -0.799411 -0.156335 0.580088 -0.999960 0.007778 0.004394 -0.887352 -0.328704 0.323356 -0.544650 -0.500493 0.672951 -0.904188 0.183891 -0.385523 -0.996700 -0.023079 -0.077828 -0.803678 0.188466 -0.564431 -0.543324 0.525568 -0.654658 -0.995421 -0.061472 -0.073199 -0.998555 0.053640 -0.003160 -0.999949 0.008815 -0.004979 -0.804194 -0.192959 -0.562174 -0.892026 -0.303273 -0.335135 -0.545597 -0.430138 -0.719239 -0.996830 -0.017748 0.077552 -0.904350 0.179257 0.387322 -0.544150 0.511225 0.665244 -0.802922 0.182177 0.567563 0.000001 0.870644 0.491914 0.000000 -0.870644 0.491915 -0.566522 -0.402781 0.718902 0.566529 0.402772 0.718902 0.566522 -0.402781 0.718902 -0.566528 0.402773 0.718902 0.000000 -0.870643 0.491914 -0.000001 0.870644 0.491914 
					</float_array>
					<technique_common>
						<accessor count="685" offset="0" source="#meshId2-tangents-array" stride="3">
							<param name="X" type="float" />
							<param name="Y" type="float" />
							<param name="Z" type="float" />
						</accessor>
					</technique_common>
				</source>
				<source id="meshId2-bitangents" name="meshId2-bitangents">
					<float_array id="meshId2-bitangents-array" count="2055"> 
						-0.146521 -0.745822 -0.649832 0.130317 -0.776833 0.616074 0.051069 -0.991438 0.120175 0.146523 -0.745819 -0.649834 -0.051067 -0.991438 0.120177 -0.130317 -0.776833 0.616075 0.000000 -0.878215 0.478266 0.000002 -0.745071 -0.666985 0.000003 -0.796975 -0.604013 -0.000002 -0.890845 0.454306 -0.000001 -0.982314 -0.187240 -0.000004 -0.981655 0.190663 0.000001 -0.916093 -0.400966 0.000006 -0.721257 0.692667 -0.000002 -0.813562 0.581479 0.000004 -0.709929 -0.704273 0.000003 -0.828816 -0.559521 0.000011 -0.478328 -0.878181 -0.000003 -0.709929 -0.704273 -0.000005 -0.478330 -0.878180 0.000001 -0.828818 -0.559519 -0.000001 -0.916093 -0.400966 0.000002 -0.813562 0.581479 -0.000003 -0.721257 0.692668 0.000004 -0.890846 0.454305 0.000006 -0.981656 0.190661 0.000001 -0.982314 -0.187240 -0.000001 -0.878215 0.478267 -0.000004 -0.796974 -0.604013 -0.000001 -0.745072 -0.666985 0.143159 -0.777928 -0.611828 -0.161569 -0.747404 0.644424 0.051070 -0.991438 -0.120174 -0.143159 -0.777928 -0.611828 -0.051067 -0.991438 -0.120177 0.161566 -0.747407 0.644422 -0.000004 -0.991038 -0.133582 -0.000001 -0.985167 0.171596 0.000001 -0.913368 0.407135 0.000004 -0.721257 -0.692668 -0.000003 -0.864412 0.502785 -0.000002 -0.813562 -0.581479 -0.000003 -0.721257 -0.692668 0.000003 -0.813562 -0.581479 0.000003 -0.864412 0.502785 0.000005 -0.991038 -0.133582 -0.000001 -0.913368 0.407135 0.000003 -0.985167 0.171597 -0.234415 -0.710721 -0.663269 0.014742 -0.960829 -0.276748 -0.035715 -0.897375 -0.439822 0.270262 -0.751695 0.601592 -0.015794 -0.960713 0.277094 0.037400 -0.897553 0.439317 0.464152 -0.517190 0.719081 -0.021434 -0.991433 0.128848 -0.010479 -0.992347 0.123034 -0.421427 -0.468891 -0.776235 0.055199 -0.988168 -0.143100 0.010324 -0.977612 -0.210160 0.144644 -0.767581 0.624417 -0.144651 -0.767566 0.624434 0.000000 0.000000 1.000000 -0.144652 -0.767567 -0.624434 
						0.144646 -0.767582 -0.624417 0.000003 0.000000 -1.000000 -0.247259 -0.920106 0.303756 -0.014675 -0.997356 -0.071178 -0.208025 -0.945633 0.250006 0.267184 -0.919653 -0.287839 0.029886 -0.996709 0.075354 0.221174 -0.943767 -0.245736 0.279483 0.731919 -0.621437 -0.042404 -0.985567 0.163890 -0.241066 -0.806291 0.540169 -0.278348 0.732535 0.621220 0.046179 -0.985402 -0.163863 0.241066 -0.806292 -0.540167 0.000000 0.000000 1.000000 0.396704 -0.318749 0.860828 -0.396701 -0.318749 -0.860829 -0.006911 -0.979522 -0.201218 0.001756 -0.896378 0.443287 -0.016221 -0.918916 -0.394120 0.006922 -0.979498 0.201333 -0.029285 -0.994236 0.103136 0.001756 -0.896378 -0.443287 0.016141 -0.919783 0.392095 0.117374 -0.874325 0.470934 -0.065830 -0.994612 0.080087 -0.455675 -0.884842 0.097033 0.029102 -0.994392 -0.101677 0.065829 -0.994612 -0.080087 0.455649 -0.884855 -0.097034 -0.117376 -0.874305 -0.470971 0.343490 -0.939156 -0.000000 0.110295 -0.993899 0.000000 0.410778 -0.911735 0.000000 -0.341360 -0.939933 0.000002 -0.110844 -0.993838 0.000001 -0.410808 -0.911722 0.000002 0.000000 -0.995655 -0.093114 -0.165851 -0.314607 -0.934620 0.000002 0.000000 -1.000000 0.165855 -0.314615 -0.934617 -0.165851 -0.314607 0.934621 0.000000 -0.995655 0.093114 0.000002 0.000000 1.000000 0.165855 -0.314615 0.934617 0.078207 -0.742781 0.664952 0.077736 -0.743798 0.663869 -0.009774 -0.998560 -0.052752 -0.011198 -0.998207 -0.058806 0.057477 -0.733571 0.677178 -0.030321 -0.941999 -0.334242 0.038516 -0.720494 0.692391 -0.036032 -0.706138 -0.707157 0.028111 -0.710892 0.702739 -0.028220 -0.705168 -0.708478 0.009724 -0.707489 0.706657 -0.008111 -0.708586 -0.705578 0.027393 -0.716088 0.697472 -0.067358 -0.697379 -0.713530 0.075138 -0.740119 0.668265 -0.159158 -0.662411 -0.732039 -0.075138 -0.740119 0.668265 0.159159 -0.662411 -0.732039 -0.027393 -0.716088 0.697472 
						0.067357 -0.697379 -0.713530 -0.009724 -0.707489 0.706657 0.008111 -0.708586 -0.705578 -0.028111 -0.710892 0.702739 0.028220 -0.705168 -0.708478 -0.038515 -0.720494 0.692391 0.036033 -0.706138 -0.707157 -0.057476 -0.733571 0.677178 0.030321 -0.941999 -0.334242 -0.077736 -0.743798 0.663869 0.009774 -0.998560 -0.052752 -0.078207 -0.742781 0.664952 0.011198 -0.998207 -0.058806 0.000002 -0.469990 0.882672 0.000002 -0.997701 0.067764 0.000002 -0.869628 -0.493708 -0.000001 -0.815765 0.578383 -0.000002 -0.980168 0.198168 -0.000002 -0.985167 -0.171597 0.000000 -0.815066 0.579368 -0.000000 -0.913374 -0.407121 -0.000003 -0.984702 0.174248 -0.000002 -0.753519 -0.657426 -0.000001 -0.960584 -0.277992 -0.000005 -0.717440 -0.696620 0.000002 -0.960584 -0.277991 0.000004 -0.717440 -0.696620 0.000003 -0.984702 0.174247 0.000002 -0.753519 -0.657426 -0.000000 -0.815066 0.579368 -0.000000 -0.913368 -0.407135 0.000001 -0.980168 0.198168 0.000003 -0.985167 -0.171598 -0.000003 -0.869628 -0.493708 0.000001 -0.815766 0.578383 -0.000001 -0.469990 0.882672 -0.000000 -0.997701 0.067765 0.078208 -0.742781 -0.664952 -0.011195 -0.998207 0.058806 -0.009459 -0.998562 0.052776 0.085979 -0.743750 -0.662905 -0.028009 -0.941698 0.335291 0.058937 -0.733566 -0.677058 -0.025420 -0.705023 0.708729 0.033645 -0.720503 -0.692635 -0.022369 -0.705003 0.708851 0.022483 -0.710892 -0.702942 -0.009089 -0.708548 0.705604 0.008752 -0.707489 -0.706670 -0.036117 -0.701060 0.712187 0.000773 -0.715816 -0.698289 -0.145765 -0.664720 0.732734 0.083944 -0.740439 -0.666861 0.145765 -0.664720 0.732734 -0.083943 -0.740439 -0.666861 0.036118 -0.701060 0.712188 -0.000773 -0.715816 -0.698289 0.009089 -0.708548 0.705605 -0.008751 -0.707489 -0.706670 0.022369 -0.705003 0.708851 -0.022483 -0.710892 -0.702942 0.025418 -0.705023 0.708729 -0.033645 -0.720503 -0.692635 0.028010 -0.941699 0.335290 
						-0.058935 -0.733566 -0.677058 0.009459 -0.998562 0.052776 -0.085979 -0.743750 -0.662905 0.011195 -0.998207 0.058806 -0.078208 -0.742781 -0.664952 0.000002 -0.469990 -0.882672 0.000002 -0.774436 -0.632652 0.000002 -0.745071 0.666985 0.000002 -0.997701 -0.067764 0.000002 -0.815764 -0.578384 0.000003 -0.796975 0.604013 -0.000001 -0.890845 -0.454307 0.000002 -0.869628 0.493708 -0.000002 -0.981655 -0.190665 -0.000001 -0.961471 0.274905 0.000001 -0.835933 0.548832 -0.000005 -0.815065 -0.579370 -0.000006 -0.717440 0.696620 -0.000004 -0.984702 -0.174249 0.000004 -0.709929 0.704273 0.000002 -0.960583 0.277994 0.000009 -0.478328 0.878181 0.000010 -0.595158 0.803608 -0.000006 -0.595161 0.803607 -0.000002 -0.478330 0.878180 -0.000003 -0.709929 0.704273 -0.000002 -0.960583 0.277994 0.000005 -0.717440 0.696620 0.000004 -0.984702 -0.174249 -0.000001 -0.835933 0.548832 0.000001 -0.815066 -0.579369 0.000004 -0.981656 -0.190663 0.000002 -0.961471 0.274904 0.000002 -0.890845 -0.454306 -0.000002 -0.869628 0.493708 -0.000003 -0.815764 -0.578385 -0.000003 -0.796975 0.604013 -0.000003 -0.774436 -0.632653 -0.000002 -0.745071 0.666985 -0.000002 -0.469990 -0.882672 -0.000003 -0.997701 -0.067764 0.897986 -0.440023 0.000000 0.897986 -0.440024 0.000001 -0.219377 -0.975640 0.000000 -0.219377 -0.975640 -0.000000 -0.961016 0.276492 -0.000001 -0.961017 0.276490 -0.000002 -0.822014 0.569468 -0.000002 -0.822031 0.569443 -0.000000 0.219377 0.975640 -0.000000 0.219377 0.975640 -0.000000 0.961017 -0.276490 0.000002 0.961016 -0.276492 0.000002 0.710454 -0.703744 0.000009 0.710436 -0.703762 0.000016 0.822027 -0.569449 0.000005 0.822013 -0.569469 0.000000 0.767784 -0.640708 0.000002 0.767782 -0.640711 0.000002 0.570963 -0.820976 -0.000001 0.570966 -0.820974 -0.000001 0.518496 -0.855080 0.000014 0.518469 -0.855097 0.000018 0.196926 -0.980418 0.000007 
						0.196913 -0.980421 0.000005 0.292006 -0.956416 0.000000 0.292007 -0.956416 0.000000 -0.211993 -0.977271 0.000000 -0.212008 -0.977268 0.000000 -0.178167 -0.984000 0.000000 -0.178167 -0.984000 0.000000 -0.446899 -0.894585 0.000004 -0.446907 -0.894581 0.000005 0.751819 0.659370 0.000003 0.751815 0.659374 0.000002 0.212006 0.977268 0.000001 0.211992 0.977271 -0.000000 0.989508 0.144475 0.000001 0.989509 0.144474 -0.000002 -0.669698 -0.742633 0.000001 -0.669682 -0.742648 -0.000001 -0.882143 -0.470983 0.000000 -0.882146 -0.470975 0.000000 0.871946 0.489603 -0.000000 0.871944 0.489606 0.000003 -0.183347 -0.983048 -0.000001 -0.183346 -0.983048 -0.000000 -0.871943 -0.489607 -0.000004 -0.871947 -0.489600 -0.000003 -0.984389 -0.176009 0.000000 -0.984389 -0.176009 0.000000 -0.996534 0.083185 0.000000 -0.996534 0.083185 -0.000000 0.296603 -0.955001 0.000003 0.296597 -0.955003 0.000003 0.696550 -0.717508 0.000002 0.696537 -0.717520 0.000001 -0.934150 0.356881 0.000000 -0.934150 0.356881 0.000000 0.934150 -0.356880 0.000001 0.934150 -0.356881 0.000000 -0.696536 -0.717521 0.000004 -0.934149 -0.356884 0.000007 -0.934151 -0.356879 0.000005 -0.696550 -0.717509 0.000002 -0.996535 -0.083178 0.000007 -0.996534 -0.083192 0.000007 0.296595 0.955003 -0.000005 0.696537 0.717521 -0.000002 0.696553 0.717506 -0.000006 0.296600 0.955002 -0.000000 -0.183341 0.983049 0.000005 -0.183363 0.983045 0.000017 -0.984387 0.176016 0.000007 -0.984390 0.176003 0.000005 -0.882145 0.470977 0.000002 -0.882143 0.470982 -0.000000 -0.871945 0.489604 0.000001 -0.183346 0.983048 0.000000 -0.183346 0.983049 -0.000001 -0.871947 0.489601 0.000002 -0.989507 0.144481 0.000005 -0.989509 0.144475 0.000001 -0.669683 0.742647 -0.000000 -0.669700 0.742632 0.000001 -0.446918 0.894575 0.000002 -0.446904 0.894582 0.000002 -0.751821 0.659368 -0.000006 
						-0.751814 0.659376 -0.000004 -0.212019 0.977266 -0.000008 -0.211994 0.977271 0.000001 -0.178166 0.984000 0.000001 -0.178164 0.984001 -0.000003 0.196900 0.980424 -0.000018 0.196935 0.980417 -0.000016 -0.292027 -0.956410 -0.000021 0.212005 -0.977269 -0.000001 0.212023 -0.977265 -0.000030 -0.291956 -0.956432 -0.000034 -0.570964 -0.820975 0.000000 -0.570967 -0.820973 0.000003 0.518477 0.855091 -0.000008 0.518486 0.855086 -0.000002 0.710446 0.703752 -0.000002 0.710447 0.703751 0.000000 -0.767782 -0.640712 0.000002 -0.767784 -0.640709 0.000001 -0.897986 -0.440025 0.000001 -0.897987 -0.440022 0.000001 -0.822030 -0.569445 0.000002 -0.710447 -0.703751 0.000000 -0.710448 -0.703750 0.000001 -0.822014 -0.569468 0.000002 -0.219377 0.975640 0.000000 -0.961016 -0.276491 -0.000000 -0.961016 -0.276491 -0.000000 -0.219377 0.975640 0.000000 -0.961016 -0.276491 0.000000 -0.961016 -0.276492 0.000001 0.219377 -0.975640 -0.000000 0.219377 -0.975640 -0.000000 -1.000000 -0.000000 -0.000000 -1.000000 -0.000000 -0.000000 -0.992453 -0.122624 -0.000000 -0.992453 -0.122624 0.000000 -0.996417 -0.084571 -0.000000 -0.996417 -0.084571 -0.000000 -0.998750 -0.049977 0.000000 -0.998750 -0.049977 -0.000000 -0.999347 -0.036125 -0.000000 -0.999347 -0.036125 -0.000000 -0.995850 0.091015 0.000005 -0.995849 0.091024 0.000004 -0.969888 0.243549 0.000001 -0.969889 0.243549 -0.000000 -0.997811 -0.066130 0.000001 -0.997811 -0.066129 0.000000 -0.999910 -0.013429 0.000000 -0.999910 -0.013429 -0.000000 -0.999133 -0.041632 -0.000000 -0.999133 -0.041632 0.000000 -0.987368 -0.158444 0.000000 -0.987368 -0.158444 0.000000 -0.992396 -0.123084 0.000001 -0.992396 -0.123082 0.000001 -0.978827 -0.204692 -0.000000 -0.978827 -0.204692 -0.000000 -0.905225 -0.424933 0.000000 -0.905225 -0.424933 -0.000000 -0.901797 0.432161 -0.000004 -0.901816 0.432119 -0.000004 -0.142288 -0.989825 -0.000000 
						-0.142288 -0.989825 -0.000000 0.142288 0.989825 -0.000001 0.142288 0.989825 0.000000 -0.142287 0.989825 0.000002 0.901804 0.432145 -0.000026 0.901811 0.432131 -0.000031 -0.142290 0.989825 0.000003 0.905224 -0.424934 -0.000001 0.142286 -0.989826 -0.000003 0.142289 -0.989825 -0.000002 0.905225 -0.424933 0.000000 0.992396 -0.123084 -0.000001 0.992396 -0.123083 0.000000 0.978827 -0.204692 0.000000 0.978827 -0.204692 0.000000 0.999133 -0.041632 0.000000 0.999133 -0.041632 -0.000000 0.987368 -0.158444 0.000000 0.987368 -0.158444 0.000000 0.997811 -0.066129 0.000000 0.997811 -0.066129 0.000000 0.999910 -0.013430 -0.000001 0.999910 -0.013428 -0.000001 0.999347 -0.036125 -0.000000 0.999347 -0.036124 -0.000000 0.995849 0.091019 -0.000000 0.995849 0.091020 -0.000000 0.969889 0.243548 -0.000001 0.969888 0.243550 -0.000001 0.998750 -0.049978 -0.000001 0.998750 -0.049976 -0.000001 0.996417 -0.084571 -0.000000 0.996417 -0.084571 0.000000 0.992453 -0.122624 0.000000 1.000000 0.000000 0.000000 1.000000 0.000000 0.000000 0.992453 -0.122624 0.000000 -0.030744 -0.994340 -0.101699 -0.349493 0.840520 -0.413981 0.290855 -0.938380 0.186672 0.144305 -0.950789 0.274184 -0.055385 -0.995133 0.081505 -0.031212 -0.995263 0.092072 0.188095 -0.945644 -0.265288 0.601405 0.399655 -0.691801 0.029500 -0.995119 0.094171 -0.108593 -0.952554 -0.284339 0.404301 0.779227 0.478901 -0.250957 -0.942182 -0.222066 0.064906 -0.994072 -0.087229 0.041439 -0.994521 -0.095970 -0.087104 -0.946913 0.309466 -0.608772 0.387370 0.692345 0.013783 -0.999407 -0.031551 -0.016463 -0.999192 -0.036672 0.030620 -0.999140 -0.027946 0.012050 -0.999470 0.030253 0.028453 -0.999135 0.030312 -0.009977 -0.999628 0.025395 -0.034983 -0.998714 0.036684 -0.036355 -0.998749 -0.034333 0.005310 -0.999915 0.011934 0.020176 -0.999627 0.018415 0.018857 -0.999627 -0.019776 
						0.004612 -0.999924 -0.011435 -0.004611 -0.999924 -0.011435 -0.018857 -0.999627 -0.019774 -0.020176 -0.999627 0.018420 -0.005311 -0.999915 0.011934 -0.027981 -0.997676 0.062126 0.027352 -0.997677 0.062393 -0.094206 -0.991603 0.088588 -0.022672 -0.998100 -0.057296 -0.089347 -0.991568 -0.093861 0.022933 -0.998100 -0.057193 0.089309 -0.991469 -0.094942 0.094164 -0.991808 0.086307 0.062256 -0.993375 0.096593 0.171925 -0.965022 0.197926 0.170419 -0.974853 -0.143591 0.037863 -0.994243 -0.100241 -0.063417 -0.993863 -0.090632 -0.168346 -0.965937 -0.196535 -0.173068 -0.974460 0.143089 -0.039595 -0.993649 0.105330 -0.058355 -0.985218 -0.161058 0.061049 -0.984904 -0.161980 0.192392 -0.830835 -0.522206 -0.069244 -0.983896 0.164784 0.201563 -0.870442 0.449115 0.047672 -0.986387 0.157381 -0.194272 -0.838955 0.508343 -0.202894 -0.876187 -0.437184 0.027307 -0.976137 -0.215433 -0.266857 -0.771738 -0.577241 -0.270472 -0.782192 0.561267 0.061875 -0.971928 0.226999 -0.035492 -0.975259 0.218196 0.261189 -0.755346 0.601027 0.257143 -0.743645 -0.617147 -0.007458 -0.977959 -0.208666 0.114103 -0.677619 -0.726507 -0.111028 -0.677306 -0.727276 0.514123 -0.331657 -0.791000 0.145533 -0.680437 0.718210 0.477902 -0.308291 0.822537 -0.100950 -0.676230 0.729741 -0.461235 -0.297540 0.835902 -0.456725 -0.294630 -0.839402 -0.219600 -0.598386 -0.770526 -0.526146 -0.258395 -0.810187 -0.515635 -0.253233 0.818531 -0.230885 -0.598737 0.766946 0.272382 -0.599305 0.752756 0.564901 -0.277447 0.777117 0.574227 -0.282028 -0.768585 0.220040 -0.598402 -0.770388 -0.040164 -0.997812 -0.052513 0.097919 -0.992495 -0.073246 0.060080 -0.964084 -0.258712 -0.047892 -0.997321 0.055296 0.060581 -0.972113 0.226553 0.085011 -0.994014 0.068625 -0.057126 -0.916673 0.395535 -0.057919 -0.929397 -0.364509 0.121188 -0.992588 -0.009074 0.055037 -0.946043 -0.319332 0.055154 -0.948049 0.313308 
						0.134977 -0.990748 0.014161 -0.095905 -0.995391 -0.000230 -0.057230 -0.983729 0.170301 -0.056932 -0.978606 -0.197709 -0.084687 -0.996398 0.004352 -0.009606 -0.961379 -0.275060 0.432382 -0.488408 -0.757960 0.025893 -0.959538 0.280388 -0.416918 -0.445420 0.792326 -0.420550 -0.476575 0.772020 -0.024308 -0.889490 0.456308 0.458054 -0.518410 -0.722106 0.047967 -0.892061 -0.449363 -0.088589 -0.995779 -0.024012 -0.010507 -0.994948 -0.099836 0.127491 -0.991129 0.037555 0.010356 -0.980673 0.195377 0.304945 -0.778598 0.548446 0.685528 -0.488236 0.540071 0.664725 -0.473419 -0.577941 0.334531 -0.775284 -0.535745 -0.266636 -0.781648 -0.563854 -0.640342 -0.456054 -0.618043 -0.621335 -0.442517 0.646623 -0.273890 -0.781176 0.561025 -0.364396 -0.552656 0.749524 0.370996 -0.552141 0.746661 -0.726248 -0.271399 0.631591 -0.384786 -0.550967 -0.740523 -0.707219 -0.264288 -0.655739 0.394132 -0.550095 -0.736244 0.705831 -0.263770 -0.657441 0.742497 -0.277472 0.609678 0.196839 -0.836165 0.511940 0.618860 -0.589719 0.518887 0.608930 -0.580256 -0.540840 0.196539 -0.836170 -0.512047 -0.206312 -0.835959 -0.508535 -0.634515 -0.604636 -0.481463 -0.658017 -0.627032 0.416947 -0.209740 -0.835855 0.507302 -0.162893 -0.945738 0.281150 0.208589 -0.941802 0.263628 -0.451585 -0.779898 0.433395 -0.171112 -0.945200 -0.278059 -0.452094 -0.780777 -0.431276 0.170296 -0.945257 -0.278368 0.470786 -0.813059 -0.342485 0.457728 -0.790507 0.406920 0.226413 -0.897610 0.378198 0.584355 -0.693515 0.421385 0.632919 -0.751152 -0.187575 0.227433 -0.897521 -0.377796 -0.184702 -0.900291 -0.394159 -0.553872 -0.657337 -0.511012 -0.576472 -0.684159 0.446773 -0.178697 -0.900518 0.396402 -0.126961 -0.943727 0.305385 0.118642 -0.943832 0.308393 -0.445988 -0.722505 0.528281 -0.115655 -0.943851 -0.309466 -0.452123 -0.732444 -0.509029 0.134104 -0.943578 -0.302781 0.445989 -0.722507 -0.528277 
						0.456385 -0.739348 0.495053 0.551235 -0.519428 0.652943 0.551236 -0.519429 -0.652941 -0.551244 -0.519415 -0.652946 -0.551244 -0.519414 0.652946 0.000000 -0.744103 -0.668065 0.000000 -0.744119 -0.668047 0.268310 -0.880645 0.390478 -0.205919 -0.893413 0.399263 -0.604856 -0.440703 0.663272 -0.648802 -0.278212 -0.708275 -0.207124 -0.886341 -0.414124 0.320633 -0.879842 -0.350817 0.642702 -0.456059 -0.615585 0.685715 -0.306125 0.660365 -0.126183 -0.876079 -0.465363 0.094997 -0.989445 -0.109428 0.095781 -0.986874 0.130025 -0.120394 -0.875800 0.467418 -0.024758 -0.996116 0.084494 0.134308 -0.940516 0.312077 -0.033549 -0.993549 -0.108326 0.131551 -0.947380 -0.291832 -0.030240 -0.909627 -0.414323 0.053881 -0.938819 -0.340170 0.341543 -0.750351 -0.565969 0.332970 -0.747758 0.574447 0.078721 -0.913809 0.398441 -0.028413 -0.936890 0.348467 -0.302212 -0.661264 0.686584 -0.301291 -0.678778 -0.669690 0.456198 0.581458 0.673639 0.069258 -0.997308 0.024101 -0.051246 -0.998236 -0.029967 -0.457716 0.579874 -0.673975 0.105076 -0.965803 0.237031 -0.219543 -0.870376 -0.440734 -0.107457 -0.965693 -0.236412 0.219541 -0.870376 0.440735 -0.232486 -0.821322 -0.520942 0.232486 -0.821323 0.520940 0.000000 0.347241 0.937776 0.000000 -0.347241 0.937776 0.000000 -0.999717 -0.023805 -0.106428 -0.793083 -0.599744 0.106428 -0.793083 -0.599744 -0.106428 -0.793082 0.599745 0.000000 -0.999717 0.023805 0.106428 -0.793082 0.599745 0.000000 -0.999931 0.011750 0.061970 -0.934991 0.349216 -0.061970 -0.934991 0.349217 0.061971 -0.934991 -0.349215 0.000000 -0.999931 -0.011750 -0.061970 -0.934991 -0.349216 0.010939 -0.999934 -0.003387 -0.018975 -0.994650 -0.101549 0.018965 -0.994092 -0.106871 -0.018965 -0.994092 0.106871 -0.010940 -0.999934 0.003387 0.018975 -0.994649 0.101550 -0.002230 -0.709023 -0.705182 -0.002230 -0.709023 0.705182 0.000000 0.707895 -0.706317 
						0.000000 -0.896021 -0.444012 -0.701432 -0.712736 -0.000000 -0.701432 -0.712736 0.000000 0.694121 -0.719858 -0.000000 0.694121 -0.719858 -0.000000 0.594438 0.804142 -0.000004 0.594428 0.804149 -0.000004 -0.594438 0.804142 -0.000003 -0.594427 0.804150 -0.000005 0.594430 -0.804147 0.000002 0.594436 -0.804143 0.000002 0.329084 -0.944301 -0.000002 0.329086 -0.944300 -0.000002 -0.594436 -0.804143 0.000002 -0.594431 -0.804147 0.000002 -0.329084 -0.944301 0.000001 -0.329086 -0.944300 0.000002 -0.038723 -0.997520 -0.058766 0.036113 -0.997764 -0.056235 -0.132964 -0.895568 -0.424593 -0.008933 -0.870647 -0.491827 0.177090 -0.890451 -0.419209 0.034181 -0.814989 -0.578467 -0.034673 -0.931201 -0.362853 0.027131 -0.998309 -0.051405 0.104107 -0.889360 -0.445196 -0.051081 -0.799049 -0.599092 0.057299 -0.996682 0.057806 -0.053733 -0.996827 0.058725 -0.010124 -0.870637 0.491822 -0.100044 -0.888397 0.448044 0.151809 -0.899430 0.409852 -0.011768 -0.854215 0.519786 0.021808 -0.998418 0.051820 -0.030176 -0.932104 0.360932 -0.041379 -0.808300 0.587315 0.109783 -0.890670 0.441197 1.000000 -0.000001 -0.000000 1.000000 0.000000 0.000000 0.579445 -0.815012 -0.000004 0.579438 -0.815016 -0.000004 -0.579445 -0.815012 -0.000004 -0.579439 -0.815016 -0.000003 -1.000000 0.000000 0.000000 -1.000000 -0.000001 -0.000000 
					</float_array>
					<technique_common>
						<accessor count="685" offset="0" source="#meshId2-bitangents-array" stride="3">
							<param name="X" type="float" />
							<param name="Y" type="float" />
							<param name="Z" type="float" />
						</accessor>
					</technique_common>
				</source>
				<source id="meshId2-tex0" name="meshId2-tex0">
					<float_array id="meshId2-tex0-array" count="1370"> 
						0.930035 0.922067 0.944887 0.952204 0.972733 0.947876 0.930035 0.922067 0.972733 0.947876 0.944887 0.952204 0.407599 0.964929 0.522282 0.967168 0.496100 0.959417 0.361437 0.942709 0.453382 0.928757 0.349379 0.926862 0.371772 0.887245 0.465440 0.908087 0.489899 0.909293 0.448939 0.874154 0.489554 0.882078 0.469953 0.876049 0.448939 0.874154 0.469953 0.876049 0.489554 0.882078 0.371772 0.887245 0.489899 0.909293 0.465440 0.908087 0.361437 0.942709 0.349379 0.926862 0.453382 0.928757 0.407599 0.964929 0.496100 0.959417 0.522282 0.967168 0.944887 0.952204 0.930035 0.922067 0.972733 0.947876 0.944887 0.952204 0.972733 0.947876 0.930035 0.922067 0.450971 0.915666 0.348346 0.911188 0.359714 0.897408 0.465440 0.908087 0.394508 0.878805 0.489899 0.909293 0.465440 0.908087 0.489899 0.909293 0.394508 0.878805 0.450971 0.915666 0.359714 0.897408 0.348346 0.911188 0.909442 0.824360 0.849074 0.830547 0.858212 0.842146 0.695441 0.824465 0.751824 0.830547 0.742687 0.842146 0.675699 0.835121 0.736692 0.848356 0.662660 0.843533 0.931282 0.832709 0.864206 0.848356 0.937401 0.840597 0.808950 0.901349 0.794298 0.901349 0.801792 0.905421 0.794298 0.901349 
						0.808950 0.901349 0.801792 0.905421 0.720591 0.375938 0.756588 0.378559 0.745438 0.368600 0.865365 0.375414 0.832252 0.377642 0.847597 0.368600 0.898675 0.368600 0.861683 0.359282 0.926847 0.359282 0.694359 0.368600 0.731352 0.359282 0.666187 0.359282 0.796517 0.359282 0.731352 0.359282 0.861683 0.359282 0.119960 0.699435 0.198581 0.911137 0.197686 0.699435 0.119960 0.699435 0.197686 0.699435 0.198581 0.911137 0.042000 0.699435 0.042000 0.694831 0.121587 0.589060 0.197686 0.694831 0.042000 0.699435 0.121587 0.589060 0.042000 0.694831 0.197686 0.694831 0.162854 0.687290 0.188707 0.687290 0.175780 0.682637 0.078707 0.687290 0.052855 0.687290 0.065781 0.682637 0.114689 0.019724 0.120613 0.019724 0.114689 0.015703 0.108764 0.019724 0.120613 0.019724 0.114689 0.019724 0.114689 0.015703 0.108764 0.019724 0.568911 0.953806 0.619948 0.953806 0.616295 0.912107 0.568911 0.900116 0.669869 0.953806 0.666216 0.922599 0.722225 0.953806 0.718572 0.930693 0.781277 0.953806 0.777624 0.933990 0.828763 0.953806 0.825110 0.933990 0.877693 0.953806 0.874040 0.930115 0.906447 0.953806 0.902794 0.926538 0.906447 0.953806 0.902794 0.926538 0.877693 0.953806 
						0.874040 0.930115 0.828763 0.953806 0.825110 0.933990 0.781277 0.953806 0.777624 0.933990 0.722225 0.953806 0.718572 0.930693 0.669869 0.953806 0.666216 0.922599 0.619948 0.953806 0.616295 0.912107 0.568911 0.953806 0.568911 0.900116 0.440309 0.973747 0.578580 0.978303 0.471296 0.945121 0.377973 0.952011 0.450971 0.915666 0.348346 0.911188 0.457861 0.909637 0.359714 0.897408 0.499200 0.899647 0.394508 0.878805 0.497478 0.888968 0.419657 0.874327 0.497478 0.888968 0.419657 0.874327 0.499200 0.899647 0.394508 0.878805 0.457861 0.909637 0.359714 0.897408 0.450971 0.915666 0.348346 0.911188 0.471296 0.945121 0.377973 0.952011 0.440309 0.973747 0.578580 0.978303 0.568911 0.953806 0.568911 0.900116 0.616295 0.912106 0.619948 0.953806 0.666216 0.922599 0.669869 0.953806 0.718572 0.930693 0.722225 0.953806 0.777624 0.933990 0.781277 0.953806 0.825110 0.933990 0.828763 0.953806 0.874040 0.930115 0.877693 0.953806 0.902794 0.926538 0.906447 0.953806 0.902794 0.926538 0.906447 0.953806 0.874040 0.930115 0.877693 0.953806 0.825110 0.933990 0.828763 0.953806 0.777624 0.933990 0.781277 0.953806 0.718572 0.930693 0.722225 0.953806 0.666216 0.922599 
						0.669869 0.953806 0.616295 0.912106 0.619948 0.953806 0.568911 0.900116 0.568911 0.953806 0.440309 0.973747 0.407599 0.964929 0.522282 0.967168 0.578580 0.978303 0.377973 0.952011 0.496100 0.959417 0.361437 0.942709 0.471296 0.945120 0.349379 0.926862 0.453382 0.928757 0.371772 0.887245 0.457861 0.909637 0.419656 0.874327 0.499200 0.899647 0.448939 0.874154 0.497478 0.888968 0.469953 0.876049 0.489554 0.882078 0.489554 0.882078 0.469953 0.876049 0.448939 0.874154 0.497478 0.888968 0.419656 0.874327 0.499200 0.899647 0.371772 0.887245 0.457861 0.909637 0.349379 0.926862 0.453382 0.928757 0.361437 0.942709 0.471296 0.945120 0.377973 0.952011 0.496100 0.959417 0.407599 0.964929 0.522282 0.967168 0.440309 0.973747 0.578580 0.978303 0.340849 0.485271 0.236037 0.485271 0.236037 0.565356 0.323641 0.565356 0.347943 0.611739 0.229766 0.611739 0.229766 0.613473 0.347943 0.613473 0.323641 0.565356 0.236037 0.565356 0.236037 0.368664 0.340849 0.368664 0.229766 0.601344 0.347943 0.601344 0.347943 0.613473 0.229766 0.613473 0.340849 0.448027 0.236037 0.448027 0.340849 0.412744 0.236037 0.412744 0.229766 0.588766 0.347943 0.588765 0.229766 0.554412 
						0.347943 0.554412 0.340849 0.387261 0.236037 0.387261 0.340849 0.383831 0.236037 0.383831 0.229766 0.511696 0.347943 0.511696 0.229766 0.464298 0.347943 0.464298 0.340849 0.393632 0.236037 0.393632 0.236037 0.383831 0.340849 0.383831 0.340849 0.404413 0.236037 0.404413 0.229766 0.426396 0.347943 0.426396 0.229766 0.384716 0.347943 0.384715 0.340849 0.439206 0.236037 0.439206 0.347943 0.358658 0.229766 0.358658 0.229766 0.392914 0.347943 0.392914 0.229766 0.352107 0.347943 0.352107 0.229766 0.328145 0.347943 0.328145 0.347943 0.330371 0.229766 0.330371 0.347943 0.317585 0.229766 0.317585 0.229766 0.316556 0.347943 0.316556 0.347943 0.316556 0.229766 0.316556 0.349277 0.775810 0.349277 0.767050 0.228282 0.767050 0.228282 0.775810 0.228282 0.747050 0.349277 0.747050 0.349277 0.769010 0.349277 0.775810 0.228282 0.775810 0.228282 0.769010 0.349277 0.746209 0.228282 0.746208 0.228282 0.712647 0.349277 0.712647 0.228282 0.673046 0.349277 0.673046 0.236037 0.438039 0.236037 0.451271 0.340849 0.451271 0.340849 0.438039 0.236037 0.403246 0.340849 0.403246 0.228282 0.627043 0.349277 0.627043 0.228282 0.589441 0.349277 0.589441 0.236037 0.392464 
						0.340849 0.392465 0.236037 0.382664 0.340849 0.382664 0.228282 0.544239 0.349277 0.544239 0.228282 0.509037 0.349277 0.509037 0.236037 0.386094 0.236037 0.382664 0.340849 0.382664 0.340849 0.386094 0.236037 0.411577 0.340849 0.411577 0.228282 0.486236 0.349277 0.486236 0.228281 0.483836 0.349277 0.483836 0.236037 0.446860 0.340849 0.446860 0.236037 0.484104 0.340849 0.484104 0.228281 0.488236 0.228281 0.483836 0.349277 0.483836 0.349277 0.488236 0.323641 0.564189 0.340849 0.367498 0.236037 0.367498 0.236037 0.564189 0.349277 0.505739 0.228281 0.505739 0.236037 0.564189 0.323641 0.564189 0.230477 0.791710 0.347232 0.791710 0.347232 0.737905 0.230477 0.737905 0.347232 0.667623 0.230477 0.667623 0.347232 0.593912 0.230477 0.593912 0.344866 0.510774 0.232843 0.510774 0.232843 0.515916 0.344866 0.515916 0.347232 0.599055 0.230477 0.599055 0.236443 0.449063 0.341266 0.449063 0.341266 0.443920 0.236443 0.443920 0.341266 0.375032 0.236443 0.375032 0.236443 0.380175 0.341266 0.380175 0.250741 0.339693 0.326968 0.339693 0.341266 0.334550 0.236443 0.334550 0.320912 0.280432 0.256797 0.280432 0.276980 0.301341 0.300728 0.301341 0.300728 0.241228 
						0.276980 0.241228 0.276980 0.241228 0.300728 0.241228 0.276980 0.243287 0.276980 0.303400 0.300728 0.303400 0.300728 0.243287 0.256797 0.282491 0.276980 0.243287 0.300728 0.243287 0.320912 0.282491 0.326968 0.341752 0.250741 0.341752 0.236443 0.336609 0.341266 0.336609 0.236443 0.377092 0.341266 0.377092 0.341266 0.382234 0.236443 0.382234 0.341266 0.451122 0.236443 0.451122 0.236443 0.445979 0.341266 0.445979 0.232843 0.512833 0.344866 0.512833 0.344866 0.517976 0.232843 0.517976 0.347232 0.601114 0.230477 0.601114 0.230477 0.595971 0.347232 0.595971 0.230477 0.669682 0.347232 0.669682 0.347232 0.739964 0.347232 0.791710 0.230477 0.791710 0.230477 0.739964 0.845197 0.452276 0.893876 0.452276 0.863083 0.393658 0.830848 0.396017 0.893876 0.452276 0.845197 0.452276 0.830848 0.396017 0.863083 0.393658 0.747838 0.452276 0.761138 0.397852 0.699159 0.452276 0.727855 0.396017 0.699159 0.452276 0.747837 0.452276 0.761138 0.397852 0.727855 0.396017 0.740403 0.504051 0.855703 0.504051 0.682755 0.504051 0.740404 0.504051 0.682755 0.504051 0.855703 0.504051 0.913352 0.504051 0.913352 0.504051 0.860157 0.566519 0.919702 0.566519 0.919702 0.566519 
						0.860157 0.566519 0.741069 0.566519 0.681525 0.566519 0.681525 0.566519 0.741068 0.566519 0.747640 0.679447 0.854610 0.679447 0.694155 0.679447 0.747640 0.679447 0.694155 0.679447 0.854610 0.679447 0.908096 0.679447 0.908096 0.679447 0.845098 0.733622 0.889172 0.733622 0.889172 0.733622 0.845098 0.733622 0.756948 0.733622 0.712873 0.733622 0.712873 0.733622 0.756947 0.733622 0.764952 0.763688 0.829029 0.763688 0.729450 0.757679 0.764953 0.763688 0.729450 0.757679 0.829029 0.763688 0.874350 0.758274 0.874350 0.758274 0.829514 0.780589 0.868954 0.774952 0.868954 0.774952 0.829514 0.780589 0.763520 0.780589 0.735355 0.775221 0.735355 0.775221 0.763520 0.780589 0.759628 0.786542 0.836359 0.784931 0.727671 0.779596 0.759628 0.786542 0.727671 0.779596 0.836359 0.784931 0.874457 0.780368 0.874457 0.780368 0.845048 0.791256 0.886901 0.785183 0.886901 0.785183 0.845048 0.791256 0.748792 0.791843 0.717038 0.789260 0.717038 0.789260 0.748791 0.791843 0.751571 0.799839 0.841725 0.800101 0.696927 0.795907 0.751571 0.799839 0.696927 0.795907 0.841725 0.800101 0.905021 0.791975 0.905021 0.791975 0.843826 0.809849 0.903980 0.801853 0.903980 0.801853 
						0.843826 0.809849 0.751043 0.809325 0.700590 0.804868 0.700590 0.804868 0.751043 0.809325 0.751824 0.830547 0.695441 0.824465 0.849074 0.830547 0.909442 0.824360 0.931282 0.832709 0.858212 0.842146 0.675699 0.835121 0.742687 0.842146 0.736692 0.848356 0.662660 0.843533 0.864206 0.848356 0.937401 0.840597 0.853173 0.859443 0.917850 0.854620 0.917850 0.854620 0.853173 0.859443 0.747726 0.859443 0.680952 0.857661 0.680952 0.857661 0.747725 0.859443 0.765967 0.868757 0.833757 0.868589 0.722425 0.867163 0.765967 0.868757 0.722425 0.867163 0.833757 0.868589 0.870253 0.866827 0.870253 0.866827 0.820938 0.872369 0.850654 0.871530 0.850654 0.871530 0.820938 0.872369 0.779961 0.872369 0.750581 0.871027 0.750581 0.871027 0.779961 0.872369 0.779961 0.875178 0.820938 0.875178 0.751420 0.874507 0.779961 0.875178 0.751420 0.874507 0.820938 0.875178 0.847969 0.874172 0.847969 0.874172 0.822247 0.878885 0.842366 0.876956 0.842366 0.876956 0.822247 0.878885 0.782511 0.879053 0.761385 0.877962 0.761385 0.877962 0.782510 0.879053 0.787384 0.892844 0.817876 0.892844 0.772138 0.892844 0.787384 0.892844 0.772138 0.892844 0.817876 0.892844 0.833122 0.892844 
						0.833122 0.892844 0.816275 0.901349 0.816275 0.901349 0.786972 0.901349 0.786972 0.901349 0.794298 0.901349 0.808950 0.901349 0.834521 0.393893 0.758513 0.393893 0.718674 0.392451 0.718674 0.392451 0.758513 0.393893 0.834521 0.393893 0.873836 0.388781 0.873836 0.388781 0.874143 0.384739 0.835330 0.391162 0.835330 0.391162 0.874143 0.384739 0.757704 0.391162 0.711289 0.387885 0.757704 0.391162 0.711289 0.387885 0.832777 0.386913 0.760258 0.386913 0.719543 0.384161 0.719543 0.384161 0.760258 0.386913 0.832777 0.386913 0.865890 0.381670 0.865890 0.381670 0.865365 0.375414 0.832252 0.377642 0.756588 0.378559 0.720591 0.375938 0.847597 0.368600 0.694359 0.368600 0.745438 0.368600 0.898675 0.368600 0.926847 0.359282 0.666187 0.359282 0.861683 0.359282 0.731352 0.359282 0.116503 0.081234 0.145426 0.081234 0.087579 0.081234 0.145426 0.081234 0.116503 0.081234 0.087579 0.081234 0.121587 0.216066 0.059961 0.216066 0.175688 0.216066 0.059961 0.216066 0.121587 0.216066 0.175688 0.216066 0.121587 0.363174 0.187506 0.363174 0.048956 0.363174 0.187506 0.363174 0.121587 0.363174 0.048956 0.363174 0.042606 0.911137 0.042606 0.911137 0.042606 0.911137 
						0.198581 0.911137 0.158951 0.910216 0.192610 0.910216 0.082611 0.910216 0.048951 0.910216 0.347232 0.674825 0.230477 0.674825 0.347232 0.672765 0.230477 0.672765 0.349819 0.663769 0.228397 0.663769 0.228397 0.406979 0.349819 0.406978 0.228397 0.663769 0.344678 0.663769 0.349819 0.406979 0.228397 0.406979 0.790810 0.175022 0.861853 0.197111 0.877827 0.055444 0.793268 0.009239 0.944688 0.203191 0.954620 0.090830 0.651268 0.205495 0.733079 0.194039 0.714852 0.054829 0.654033 0.088987 0.861853 0.197111 0.790810 0.175022 0.793268 0.009239 0.877827 0.055444 0.944687 0.203191 0.954620 0.090830 0.733079 0.194039 0.651268 0.205495 0.654033 0.088986 0.714852 0.054829 0.228397 0.231981 0.349819 0.231981 0.349819 0.325313 0.228397 0.325313 0.349819 0.325313 0.228397 0.325313 0.349819 0.231981 0.228397 0.231981 
					</float_array>
					<technique_common>
						<accessor count="685" offset="0" source="#meshId2-tex0-array" stride="2">
							<param name="S" type="float" />
							<param name="T" type="float" />
						</accessor>
					</technique_common>
				</source>
				<vertices id="meshId2-vertices">
					<input semantic="POSITION" source="#meshId2-positions" />
				</vertices>
				<polylist count="738" material="defaultMaterial">
					<input offset="0" semantic="VERTEX" source="#meshId2-vertices" />
					<input offset="0" semantic="NORMAL" source="#meshId2-normals" />
					<input offset="0" semantic="TANGENT" source="#meshId2-tangents" />
					<input offset="0" semantic="BINORMAL" source="#meshId2-bitangents" />
					<input offset="0" semantic="TEXCOORD" source="#meshId2-tex0" set="0" />
					<vcount>
						3 3 3 3 3 3 3 3 3 3 3 3 3 3 3 3 3 3 3 3 3 3 3 3 3 3 3 3 3 3 3 3 3 3 3 3 3 3 3 3 3 3 3 3 3 3 3 3 3 3 3 3 3 3 3 3 3 3 3 3 3 3 3 3 
						3 3 3 3 3 3 3 3 3 3 3 3 3 3 3 3 3 3 3 3 3 3 3 3 3 3 3 3 3 3 3 3 3 3 3 3 3 3 3 3 3 3 3 3 3 3 3 3 3 3 3 3 3 3 3 3 3 3 3 3 3 3 3 3 
						3 3 3 3 3 3 3 3 3 3 3 3 3 3 3 3 3 3 3 3 3 3 3 3 3 3 3 3 3 3 3 3 3 3 3 3 3 3 3 3 3 3 3 3 3 3 3 3 3 3 3 3 3 3 3 3 3 3 3 3 3 3 3 3 
						3 3 3 3 3 3 3 3 3 3 3 3 3 3 3 3 3 3 3 3 3 3 3 3 3 3 3 3 3 3 3 3 3 3 3 3 3 3 3 3 3 3 3 3 3 3 3 3 3 3 3 3 3 3 3 3 3 3 3 3 3 3 3 3 
						3 3 3 3 3 3 3 3 3 3 3 3 3 3 3 3 3 3 3 3 3 3 3 3 3 3 3 3 3 3 3 3 3 3 3 3 3 3 3 3 3 3 3 3 3 3 3 3 3 3 3 3 3 3 3 3 3 3 3 3 3 3 3 3 
						3 3 3 3 3 3 3 3 3 3 3 3 3 3 3 3 3 3 3 3 3 3 3 3 3 3 3 3 3 3 3 3 3 3 3 3 3 3 3 3 3 3 3 3 3 3 3 3 3 3 3 3 3 3 3 3 3 3 3 3 3 3 3 3 
						3 3 3 3 3 3 3 3 3 3 3 3 3 3 3 3 3 3 3 3 3 3 3 3 3 3 3 3 3 3 3 3 3 3 3 3 3 3 3 3 3 3 3 3 3 3 3 3 3 3 3 3 3 3 3 3 3 3 3 3 3 3 3 3 
						3 3 3 3 3 3 3 3 3 3 3 3 3 3 3 3 3 3 3 3 3 3 3 3 3 3 3 3 3 3 3 3 3 3 3 3 3 3 3 3 3 3 3 3 3 3 3 3 3 3 3 3 3 3 3 3 3 3 3 3 3 3 3 3 
						3 3 3 3 3 3 3 3 3 3 3 3 3 3 3 3 3 3 3 3 3 3 3 3 3 3 3 3 3 3 3 3 3 3 3 3 3 3 3 3 3 3 3 3 3 3 3 3 3 3 3 3 3 3 3 3 3 3 3 3 3 3 3 3 
						3 3 3 3 3 3 3 3 3 3 3 3 3 3 3 3 3 3 3 3 3 3 3 3 3 3 3 3 3 3 3 3 3 3 3 3 3 3 3 3 3 3 3 3 3 3 3 3 3 3 3 3 3 3 3 3 3 3 3 3 3 3 3 3 
						3 3 3 3 3 3 3 3 3 3 3 3 3 3 3 3 3 3 3 3 3 3 3 3 3 3 3 3 3 3 3 3 3 3 3 3 3 3 3 3 3 3 3 3 3 3 3 3 3 3 3 3 3 3 3 3 3 3 3 3 3 3 3 3 
						3 3 3 3 3 3 3 3 3 3 3 3 3 3 3 3 3 3 3 3 3 3 3 3 3 3 3 3 3 3 3 3 3 3 
					</vcount>
					<p>
						0 1 2 3 4 5 6 7 8 9 10 11 12 13 14 15 16 17 18 19 20 21 22 23 24 25 26 27 28 29 30 31 32 33 34 35 36 37 38 39 40 41 42 43 44 45 46 47 48 49 50 51 52 53 54 55 56 57 58 59 60 61 62 63 64 65 66 67 68 69 70 71 72 73 74 75 76 77 78 73 79 76 80 78 81 82 83 84 85 86 84 87 88 85 89 90 91 92 93 81 83 94 95 96 97 98 99 100 101 102 103 104 101 103 105 106 107 106 108 107 109 110 111 109 111 112 110 113 114 110 114 111 113 115 116 113 116 114 115 117 118 115 118 116 117 119 120 117 120 118 119 121 122 119 122 120 121 123 124 121 124 122 1 0 123 123 0 124 3 5 125 3 125 126 126 125 127 126 127 128 128 127 129 128 129 130 130 129 131 130 131 132 
						132 131 133 132 133 134 134 133 135 134 135 136 136 135 137 136 137 138 139 140 138 139 138 137 7 6 141 7 141 142 6 8 143 6 143 144 144 143 10 144 10 9 10 145 146 10 146 11 145 147 148 145 148 146 147 13 12 147 12 148 12 14 149 12 149 150 150 149 151 150 151 152 152 151 16 152 16 15 20 153 154 20 154 18 153 155 156 153 156 154 155 22 21 155 21 156 21 23 157 21 157 158 158 157 159 158 159 160 160 159 26 160 26 25 26 161 162 26 162 24 161 28 27 161 27 162 163 27 29 163 29 164 165 166 167 165 167 168 167 169 170 167 170 168 169 171 172 169 172 170 171 173 174 171 174 172 173 175 176 173 176 174 175 177 178 175 178 176 177 179 180 177 180 178 179 31 30 179 30 180 33 35 181 33 181 182 182 181 183 182 183 184 
						184 183 185 184 185 186 186 185 187 186 187 188 188 187 189 188 189 190 190 189 191 190 191 192 192 191 193 192 193 194 193 195 196 193 196 194 197 198 199 197 199 200 198 201 202 198 202 199 201 203 204 201 204 202 203 205 206 203 206 204 205 37 36 205 36 206 36 38 207 36 207 208 208 207 40 208 40 39 40 209 210 40 210 41 209 211 212 209 212 210 211 213 214 211 214 212 215 216 217 215 217 218 218 217 219 218 219 220 220 219 44 220 44 43 44 221 222 44 222 42 221 46 45 221 45 222 45 47 223 45 223 224 224 223 225 224 225 226 226 225 227 226 227 228 228 227 229 228 229 230 230 229 231 230 231 232 233 234 235 233 235 236 237 238 239 237 239 240 241 242 243 241 243 244 245 246 247 245 247 248 249 250 234 249 234 233 251 252 250 251 250 249 
						253 254 246 253 246 245 255 256 254 255 254 253 257 258 252 257 252 251 259 260 258 259 258 257 261 262 256 261 256 255 263 264 262 263 262 261 265 266 267 265 267 268 269 270 266 269 266 265 271 272 264 271 264 263 273 274 272 273 272 271 275 276 270 275 270 269 277 278 279 277 279 280 281 282 274 281 274 273 283 284 282 283 282 281 285 286 278 285 278 277 287 288 286 287 286 285 289 290 284 289 284 283 291 292 288 291 288 287 293 294 295 293 295 296 297 295 294 297 294 298 299 300 301 299 301 302 303 299 302 303 302 304 305 297 298 305 298 306 307 305 306 307 306 308 309 310 311 309 311 312 313 309 312 313 312 314 315 307 308 315 308 316 317 315 316 317 316 318 319 313 314 319 314 320 321 319 320 321 320 322 323 317 318 323 318 324 325 323 324 325 324 326 
						327 328 329 327 329 330 331 327 330 331 330 332 333 325 326 333 326 334 335 333 334 335 334 336 337 331 332 337 332 338 339 337 338 339 338 340 341 342 343 341 343 344 345 346 347 345 347 348 344 349 350 344 350 341 351 339 340 351 340 352 353 354 355 353 355 356 357 358 356 357 356 355 359 360 358 359 358 357 361 362 360 361 360 359 363 364 365 363 365 366 367 368 364 367 364 363 369 370 362 369 362 361 371 372 370 371 370 369 373 374 368 373 368 367 375 376 374 375 374 373 377 378 372 377 372 371 379 380 378 379 378 377 381 382 376 381 376 375 383 384 380 383 380 379 382 381 385 382 385 386 387 388 389 387 389 390 391 392 393 391 393 394 395 389 388 395 388 396 397 391 394 397 394 398 399 397 398 399 398 400 401 395 396 401 396 402 403 401 402 403 402 404 
						405 399 400 405 400 406 407 405 406 407 406 408 409 403 404 409 404 410 411 409 410 411 410 412 413 407 408 413 408 414 415 413 414 415 414 416 417 418 419 417 419 420 421 422 423 421 423 424 425 426 427 425 427 428 426 429 430 426 430 427 429 431 432 429 432 430 433 434 435 433 435 436 424 435 434 424 434 421 434 437 438 434 438 421 433 439 437 433 437 434 429 440 441 429 441 431 426 442 440 426 440 429 425 443 442 425 442 426 421 438 444 421 444 422 438 445 446 438 446 444 443 447 448 443 448 442 442 448 449 442 449 440 440 449 450 440 450 441 439 451 452 439 452 437 437 452 445 437 445 438 452 453 454 452 454 445 451 455 453 451 453 452 449 456 457 449 457 450 448 458 456 448 456 449 447 459 458 447 458 448 445 454 460 445 460 446 454 461 462 454 462 460 
						459 463 464 459 464 458 458 464 465 458 465 456 456 465 466 456 466 457 455 467 468 455 468 453 453 468 461 453 461 454 468 469 470 468 470 461 467 471 469 467 469 468 465 472 473 465 473 466 464 474 472 464 472 465 463 475 474 463 474 464 461 470 476 461 476 462 470 477 478 470 478 476 475 479 480 475 480 474 474 480 481 474 481 472 472 481 482 472 482 473 471 483 484 471 484 469 469 484 477 469 477 470 484 485 486 484 486 477 483 487 485 483 485 484 481 488 489 481 489 482 480 490 488 480 488 481 479 491 490 479 490 480 477 486 492 477 492 478 486 493 494 486 494 492 491 495 496 491 496 490 490 496 497 490 497 488 488 497 498 488 498 489 487 499 500 487 500 485 485 500 493 485 493 486 500 501 502 500 502 493 499 503 501 499 501 500 497 504 505 497 505 498 
						496 506 504 496 504 497 495 507 506 495 506 496 493 502 508 493 508 494 502 509 510 502 510 508 507 511 512 507 512 506 506 512 513 506 513 504 504 513 514 504 514 505 503 515 516 503 516 501 501 516 509 501 509 502 516 517 49 516 49 509 515 518 517 515 517 516 513 52 51 513 51 514 512 519 52 512 52 513 511 520 519 511 519 512 509 49 48 509 48 510 48 50 58 48 58 57 520 521 522 520 522 519 519 522 53 519 53 52 51 53 55 51 55 54 518 523 524 518 524 517 517 524 50 517 50 49 524 525 58 524 58 50 523 526 525 523 525 524 522 527 55 522 55 53 521 528 527 521 527 522 58 529 530 58 530 59 528 531 532 528 532 527 527 532 533 527 533 55 55 533 534 55 534 56 526 535 536 526 536 525 525 536 529 525 529 58 536 537 538 536 538 529 
						535 539 537 535 537 536 533 540 541 533 541 534 532 542 540 532 540 533 531 543 542 531 542 532 529 538 544 529 544 530 538 545 546 538 546 544 543 547 548 543 548 542 542 548 549 542 549 540 540 549 550 540 550 541 539 551 552 539 552 537 537 552 545 537 545 538 552 553 554 552 554 545 551 555 553 551 553 552 549 556 557 549 557 550 548 558 556 548 556 549 547 559 558 547 558 548 545 554 560 545 560 546 554 561 562 554 562 560 559 563 564 559 564 558 558 564 565 558 565 556 556 565 566 556 566 557 555 567 568 555 568 553 553 568 561 553 561 554 568 569 570 568 570 561 567 571 569 567 569 568 565 572 573 565 573 566 564 574 572 564 572 565 563 575 574 563 574 564 561 570 576 561 576 562 570 60 577 570 577 576 575 578 64 575 64 574 574 64 63 574 63 572 
						572 63 579 572 579 573 571 580 61 571 61 569 569 61 60 569 60 570 61 580 581 61 581 62 582 577 60 582 60 62 424 583 584 424 584 435 435 584 585 435 585 436 432 586 587 432 587 430 430 587 588 430 588 427 427 588 589 427 589 428 423 590 583 423 583 424 590 591 592 590 592 583 588 593 594 588 594 589 587 595 593 587 593 588 586 596 595 586 595 587 584 597 598 584 598 585 583 592 597 583 597 584 592 599 600 592 600 597 597 600 601 597 601 598 596 602 603 596 603 595 595 603 604 595 604 593 593 604 605 593 605 594 591 606 599 591 599 592 606 607 608 606 608 599 604 70 69 604 69 605 603 609 70 603 70 604 602 610 609 602 609 603 600 67 66 600 66 601 599 608 67 599 67 600 608 611 68 608 68 67 66 68 76 66 76 75 610 612 613 610 613 609 
						609 613 71 609 71 70 69 71 73 69 73 72 607 614 611 607 611 608 614 615 80 614 80 611 613 79 73 613 73 71 612 616 79 612 79 613 611 80 76 611 76 68 617 74 73 617 73 78 618 77 76 618 76 78 102 101 619 102 619 620 101 104 621 101 621 619 106 105 622 106 622 623 108 106 623 108 623 624 624 623 625 624 625 626 623 622 627 623 627 625 619 621 628 619 628 629 620 619 629 620 629 630 630 629 631 630 631 632 629 628 633 629 633 631 625 627 634 625 634 635 626 625 635 626 635 636 636 635 89 636 89 88 635 634 90 635 90 89 631 633 93 631 93 92 632 631 92 632 92 94 81 94 92 81 92 91 89 85 84 89 84 88 637 87 84 637 84 86 638 82 81 638 81 91 639 637 86 638 640 82 96 95 641 96 641 642 99 98 643 99 643 644 
						416 417 420 416 420 415 645 411 412 645 412 646 366 365 647 366 647 648 649 650 651 649 651 652 653 654 655 653 655 656 657 658 659 657 659 660 658 661 662 658 662 659 663 664 665 663 665 666 664 657 660 664 660 665 667 668 669 667 669 670 671 667 670 671 670 672 673 674 675 673 675 676 668 673 676 668 676 669 677 678 679 677 679 680 652 651 680 652 680 679 655 681 682 655 682 656 681 683 684 681 684 682 
					</p>
				</polylist>
			</mesh>
		</geometry>
		<geometry id="meshId3" name="meshId3_name" >
			<mesh>
				<source id="meshId3-positions" name="meshId3-positions">
					<float_array id="meshId3-positions-array" count="1317"> 
						-10.860184 4.638287 -0.572409 -10.798052 6.096584 -0.418277 -9.986663 6.510773 -0.452729 -9.986662 4.638287 -0.686383 -11.709268 4.638287 -0.462895 -11.647143 5.734169 -0.382445 -12.599777 4.638285 -0.396554 -12.537646 5.454592 -0.372837 -13.604181 4.638285 -0.340873 -13.542052 5.340689 -0.340873 -14.411850 4.638285 -0.319131 -14.349718 5.340689 -0.319131 -15.244087 4.638285 -0.319131 -15.181961 5.474541 -0.319131 -15.733158 4.638285 -0.319131 -15.671028 5.598095 -0.232760 -16.386967 4.689766 -0.196180 -16.134361 5.752537 -0.074257 -16.860601 4.828764 -0.074257 -3.838963 5.752537 -0.074257 -3.112728 4.828766 -0.074257 -3.586353 4.689766 -0.196180 -4.302293 5.598097 -0.232760 -4.240163 4.638287 -0.319131 -4.791365 5.474543 -0.319131 -4.729234 4.638287 -0.319131 -5.623603 5.340691 -0.319131 -5.561473 4.638287 -0.319131 -6.431274 5.340691 -0.340873 -6.369143 4.638287 -0.340873 -7.435675 5.454592 -0.372837 -7.373548 4.638287 -0.396554 -8.326181 5.734169 -0.382445 -8.264052 4.638287 -0.462895 -9.175271 6.096584 -0.418277 -9.113142 4.638287 -0.572409 -9.986662 4.638287 -0.686383 -9.986663 6.510773 -0.452729 -10.860184 4.638287 0.567340 -9.986662 4.638287 0.681315 -9.986663 6.510773 0.447660 -10.798052 6.096584 0.413208 -11.647141 5.734173 0.377377 -11.709268 4.638287 0.457827 -12.537646 5.454592 0.367770 -12.599775 4.638285 0.391486 -13.542052 5.340691 0.335805 -13.604181 4.638285 0.335805 -14.349718 5.340691 0.314063 -14.411850 4.638285 0.314063 -15.181961 5.474541 0.314063 -15.244087 4.638285 0.314063 -15.671028 5.598097 0.227693 -15.733158 4.638285 0.314063 -16.134357 5.752537 0.069190 -16.386967 4.689766 0.191113 -16.860596 4.828764 0.069190 -3.586353 4.689766 0.191113 -3.112728 4.828766 0.069190 -3.838963 5.752539 0.069190 -4.240163 4.638287 0.314063 -4.302293 5.598097 0.227693 -4.729234 4.638287 0.314063 -4.791365 5.474543 0.314063 
						-5.561473 4.638287 0.314063 -5.623603 5.340693 0.314063 -6.369143 4.638287 0.335805 -6.431270 5.340693 0.335805 -7.373548 4.638287 0.391486 -7.435675 5.454592 0.367770 -8.264052 4.638287 0.457827 -8.326181 5.734173 0.377377 -9.113142 4.638287 0.567340 -9.175271 6.096584 0.413208 -9.986663 6.510773 0.447660 -9.986662 4.638287 0.681315 -9.175271 6.096584 -0.418277 -9.986663 6.510773 -0.452729 -9.986663 6.510773 0.447660 -9.175271 6.096584 0.413208 -9.113142 4.638287 0.567340 -9.986662 4.638287 0.681315 -9.986662 4.638287 -0.686383 -9.113142 4.638287 -0.572409 -8.264052 4.638287 -0.462895 -8.264052 4.638287 0.457827 -8.326181 5.734173 0.377377 -8.326181 5.734169 -0.382445 -7.435675 5.454592 0.367770 -7.435675 5.454592 -0.372837 -7.373548 4.638287 -0.396554 -7.373548 4.638287 0.391486 -6.369143 4.638287 -0.340873 -6.369143 4.638287 0.335805 -6.431270 5.340693 0.335805 -6.431274 5.340691 -0.340873 -5.623603 5.340693 0.314063 -5.623603 5.340691 -0.319131 -5.561473 4.638287 -0.319131 -5.561473 4.638287 0.314063 -4.729234 4.638287 -0.319131 -4.729234 4.638287 0.314063 -4.791365 5.474543 0.314063 -4.791365 5.474543 -0.319131 -4.302293 5.598097 0.227693 -4.302293 5.598097 -0.232760 -4.240163 4.638287 -0.319131 -4.240163 4.638287 0.314063 -3.586353 4.689766 -0.196180 -3.586353 4.689766 0.191113 -3.838963 5.752539 0.069190 -3.838963 5.752537 -0.074257 -3.112728 4.828766 -0.074257 -3.112728 4.828766 0.069190 -3.112728 4.828766 -0.074257 -3.112728 4.828766 0.069190 -16.860601 4.828764 -0.074257 -16.860596 4.828764 0.069190 -16.134357 5.752537 0.069190 -16.134361 5.752537 -0.074257 -16.386967 4.689766 -0.196180 -16.386967 4.689766 0.191113 -16.860596 4.828764 0.069190 -16.860601 4.828764 -0.074257 -15.671028 5.598097 0.227693 -15.671028 5.598095 -0.232760 -15.733158 4.638285 -0.319131 -15.733158 4.638285 0.314063 
						-15.244087 4.638285 -0.319131 -15.244087 4.638285 0.314063 -15.181961 5.474541 0.314063 -15.181961 5.474541 -0.319131 -14.349718 5.340691 0.314063 -14.349718 5.340689 -0.319131 -14.411850 4.638285 -0.319131 -14.411850 4.638285 0.314063 -13.604181 4.638285 -0.340873 -13.604181 4.638285 0.335805 -13.542052 5.340691 0.335805 -13.542052 5.340689 -0.340873 -12.537646 5.454592 0.367770 -12.537646 5.454592 -0.372837 -12.599777 4.638285 -0.396554 -12.599775 4.638285 0.391486 -11.709268 4.638287 -0.462895 -11.709268 4.638287 0.457827 -11.647141 5.734173 0.377377 -11.647143 5.734169 -0.382445 -10.798052 6.096584 0.413208 -10.798052 6.096584 -0.418277 -10.860184 4.638287 -0.572409 -10.860184 4.638287 0.567340 -9.986662 4.638287 -0.686383 -9.986662 4.638287 0.681315 -9.986663 6.510773 0.447660 -9.986663 6.510773 -0.452729 -10.579546 3.661692 -0.497941 -10.727905 1.742180 -0.704588 -11.461941 1.742180 -0.003499 -11.165221 3.661692 -0.003499 -11.165221 3.661692 -0.003499 -11.461941 1.742180 -0.003499 -10.727905 1.742180 0.697588 -10.579546 3.661692 0.490942 -9.259835 1.742180 0.697589 -9.408195 3.661692 0.490942 -8.525803 1.742184 -0.003498 -8.822523 3.661692 -0.003500 -8.822523 3.661692 -0.003500 -8.525803 1.742184 -0.003498 -9.259830 1.742180 -0.704587 -9.408195 3.661692 -0.497941 -9.147352 -0.024361 -0.812013 -10.840376 -0.024361 -0.812014 -8.300857 -0.024361 -0.003498 -9.147360 -0.024361 0.805014 -8.300857 -0.024361 -0.003498 -10.840376 -0.024361 0.805014 -11.686890 -0.024361 -0.003499 -11.686890 -0.024361 -0.003499 -10.856221 -2.146950 -0.827149 -11.718580 -2.146950 -0.003499 -11.718580 -2.146950 -0.003499 -10.856221 -2.146950 0.820149 -9.131516 -2.146950 0.820150 -8.269164 -2.146950 -0.003498 -8.269164 -2.146950 -0.003498 -9.131507 -2.146950 -0.827148 -9.236785 -6.008694 -0.726596 -10.750945 -6.008694 -0.726597 -8.479717 -6.008694 -0.003498 -9.236791 -6.008694 0.719598 
						-8.479717 -6.008694 -0.003498 -10.750945 -6.008694 0.719597 -11.508025 -6.008694 -0.003499 -11.508025 -6.008694 -0.003499 -10.661727 -7.871094 -0.567322 -11.329582 -7.871094 -0.003499 -11.329582 -7.871094 -0.003499 -10.661727 -7.871094 0.560323 -9.326009 -7.871094 0.560323 -8.658159 -7.871094 -0.003499 -8.658159 -7.871094 -0.003499 -9.326005 -7.871094 -0.567321 -9.485763 -9.308975 -0.432451 -10.501971 -9.308975 -0.432452 -8.977671 -9.308975 -0.003499 -9.485765 -9.308975 0.425453 -8.977671 -9.308975 -0.003499 -10.501971 -9.308975 0.425453 -11.010073 -9.308975 -0.003499 -11.010073 -9.308975 -0.003499 -10.556786 -9.459614 -0.478729 -11.119700 -9.459614 -0.003499 -11.119700 -9.459614 -0.003499 -10.556786 -9.459614 0.471730 -9.430951 -9.459614 0.471730 -8.868040 -9.459614 -0.003499 -8.868040 -9.459614 -0.003499 -9.430947 -9.459614 -0.478728 -9.430947 -9.678719 -0.478728 -10.556786 -9.678719 -0.478729 -8.868040 -9.678719 -0.003499 -9.430951 -9.678719 0.471730 -8.868040 -9.678719 -0.003499 -10.556786 -9.678719 0.471730 -11.119700 -9.678719 -0.003499 -11.119700 -9.678719 -0.003499 -10.755383 -9.678719 -0.646391 -11.516897 -9.678719 -0.003499 -11.516897 -9.678719 -0.003499 -10.755383 -9.678719 0.639391 -9.232349 -9.678719 0.639392 -8.470844 -9.678719 -0.003498 -8.470844 -9.678719 -0.003498 -9.232348 -9.678719 -0.646390 -9.191323 -9.870438 -0.681021 -10.796406 -9.870438 -0.681022 -8.388804 -9.870438 -0.003498 -9.191327 -9.870438 0.674023 -8.388804 -9.870438 -0.003498 -10.796406 -9.870438 0.674022 -11.598936 -9.870438 -0.003499 -11.598936 -9.870438 -0.003499 -10.751748 -10.171711 -0.643320 -11.509621 -10.171711 -0.003499 -11.509621 -10.171711 -0.003499 -10.751748 -10.171711 0.636321 -9.235988 -10.171711 0.636321 -8.478120 -10.171711 -0.003498 -8.478120 -10.171711 -0.003498 -9.235981 -10.171711 -0.643319 -9.164339 -10.979660 -0.703800 -10.823391 -10.979660 -0.703801 -8.334839 -10.979660 -0.003498 -9.164346 -10.979660 0.696801 
						-8.334839 -10.979660 -0.003498 -10.823391 -10.979660 0.696801 -11.652903 -10.979660 -0.003499 -11.652903 -10.979660 -0.003499 -10.979267 -11.375427 -0.835397 -11.964656 -11.375427 -0.003500 -11.964656 -11.375427 -0.003500 -10.979267 -11.375427 0.828397 -9.008463 -11.375427 0.828398 -8.023086 -11.375427 -0.003498 -8.023086 -11.375427 -0.003498 -9.008458 -11.375427 -0.835396 -8.906182 -11.587280 -0.921739 -11.081540 -11.587280 -0.921740 -7.818535 -11.587280 -0.003498 -8.906184 -11.587280 0.914741 -7.818535 -11.587280 -0.003498 -11.081540 -11.587280 0.914741 -12.169207 -11.587280 -0.003500 -12.169207 -11.587280 -0.003500 -10.893309 -11.965576 -0.762830 -11.792743 -11.965576 -0.003499 -11.792743 -11.965576 -0.003499 -10.893309 -11.965576 0.755831 -9.094419 -11.965576 0.755831 -8.194994 -11.965576 -0.003498 -8.194994 -11.965576 -0.003498 -9.094417 -11.965576 -0.762829 -9.405605 -12.283340 -0.500118 -10.582119 -12.283340 -0.500119 -8.817364 -12.283340 -0.003499 -9.405609 -12.283340 0.493120 -8.817364 -12.283340 -0.003499 -10.582119 -12.283340 0.493120 -11.170372 -12.283340 -0.003499 -11.170372 -12.283340 -0.003499 -10.343389 -12.406590 -0.298575 -10.692911 -12.406590 -0.003499 -10.692911 -12.406590 -0.003499 -10.343389 -12.406590 0.291577 -9.644343 -12.406590 0.291577 -9.294827 -12.406590 -0.003499 -9.294827 -12.406590 -0.003499 -9.644341 -12.406590 -0.298575 -9.644341 -12.502449 -0.298575 -10.343389 -12.502449 -0.298575 -9.294827 -12.502449 -0.003499 -9.644343 -12.502449 0.291577 -9.294827 -12.502449 -0.003499 -10.343389 -12.502449 0.291577 -10.692911 -12.502449 -0.003499 -10.692911 -12.502449 -0.003499 -10.251240 -12.639389 -0.220779 -10.508610 -12.639389 -0.003499 -10.508610 -12.639389 -0.003499 -10.251240 -12.639389 0.213780 -9.736499 -12.639389 0.213781 -9.479128 -12.639389 -0.003499 -9.479128 -12.639389 -0.003499 -9.736492 -12.639389 -0.220779 -9.822214 -13.022827 -0.148415 -10.165524 -13.022827 -0.148415 -9.650559 -13.022827 -0.003499 -9.822214 -13.022827 0.141417 
						-9.650559 -13.022827 -0.003499 -10.165524 -13.022827 0.141417 -10.337176 -13.022827 -0.003499 -10.337176 -13.022827 -0.003499 -10.083213 -13.228241 -0.078926 -10.172556 -13.228241 -0.003499 -10.172556 -13.228241 -0.003499 -10.083213 -13.228241 0.071927 -9.904523 -13.228241 0.071928 -9.815179 -13.228241 -0.003499 -9.815179 -13.228241 -0.003499 -9.904523 -13.228241 -0.078926 -9.993872 -13.337791 -0.003499 -9.993872 -13.337791 -0.003499 -10.642206 3.734171 -0.550841 -9.345538 3.734171 -0.550841 -8.697202 3.734171 -0.003500 -8.697202 3.734171 -0.003500 -9.345538 3.734173 0.543842 -10.642206 3.734173 0.543842 -11.290544 3.734171 -0.003499 -11.290544 3.734171 -0.003499 -11.318141 3.827366 -0.003499 -10.656007 3.827366 -0.562491 -10.656007 3.827366 0.555492 -11.318141 3.827366 -0.003499 -9.331738 3.827366 0.555492 -8.669606 3.827366 -0.003500 -9.331738 3.827366 -0.562491 -8.669606 3.827366 -0.003500 -10.612439 3.972330 -0.525710 -9.375301 3.972330 -0.525710 -8.756740 3.972330 -0.003500 -8.756740 3.972330 -0.003500 -9.375301 3.972334 0.518712 -10.612439 3.972334 0.518712 -11.231006 3.972330 -0.003499 -11.231006 3.972330 -0.003499 -11.231006 4.127651 -0.003499 -10.612439 4.127651 -0.431300 -10.612439 4.127653 0.424300 -11.231006 4.127651 -0.003499 -9.375301 4.127653 0.424300 -8.756740 4.127651 -0.003500 -9.375301 4.127651 -0.431300 -8.756740 4.127651 -0.003500 -10.918928 4.521132 -0.554729 -9.068814 4.521132 -0.554729 -8.143773 4.521132 -0.003500 -8.143773 4.521132 -0.003500 -9.068814 4.521132 0.547730 -10.918928 4.521132 0.547730 -11.843975 4.521132 -0.003499 -11.843975 4.521132 -0.003499 -12.217258 4.852484 -0.003499 -11.105569 4.852484 -0.499623 -11.105569 4.852484 0.492625 -12.217258 4.852484 -0.003499 -8.882174 4.852484 0.492625 -7.770492 4.852484 -0.003500 -8.882174 4.852484 -0.499623 -7.770492 4.852484 -0.003500 -9.993876 4.852484 -0.003499 -11.105569 4.852484 0.492625 
						-8.882174 4.852484 -0.499623 -9.995658 11.403261 -0.283190 -11.662381 5.814894 -0.283190 -11.662382 11.403261 -0.217508 -9.995658 11.403261 0.283197 -11.662380 11.403263 0.217515 -11.662381 5.814894 0.283197 -8.328933 11.403261 0.217515 -8.328933 11.617743 0.000004 -9.995658 16.402855 0.283197 -11.662380 11.617748 0.000004 -8.328933 11.403261 -0.217508 -9.995658 16.402855 -0.283190 -8.328933 11.617743 0.000004 -11.662380 11.617748 0.000004 -8.328933 11.403261 0.217515 -8.328933 11.403261 -0.217508 -8.328933 11.617743 0.000004 -11.662382 11.403261 -0.217508 -11.662380 11.403263 0.217515 -11.662380 11.617748 0.000004 -9.995661 41.966579 -0.029714 -10.170564 41.966579 0.000004 -9.995661 42.083488 0.000004 -9.820762 41.966579 0.000004 -10.170564 41.966579 0.000004 -9.995661 41.966579 0.029721 -9.995661 42.083488 0.000004 -9.820762 41.966579 0.000004 -10.625644 39.720047 0.000004 -9.995661 39.720047 -0.107037 -9.365679 39.720047 0.000004 -9.995661 39.720047 0.107044 -10.625644 39.720047 0.000004 -9.365679 39.720047 0.000004 -8.768456 35.124680 0.000004 -9.995660 35.124680 0.208519 -11.222867 35.124680 0.000004 -9.995660 35.124680 -0.208512 -8.768456 35.124680 0.000004 -11.222867 35.124680 0.000004 -11.496504 26.628582 0.000004 -9.995659 26.628582 -0.255006 -8.494816 26.628582 0.000004 -9.995659 26.628582 0.255012 -11.496504 26.628582 0.000004 -8.494816 26.628582 0.000004 -8.328930 5.814896 0.283197 -8.328930 5.814896 -0.283190 -8.328930 5.814896 0.283197 -11.662381 5.814894 0.283197 -8.328930 5.814896 -0.283190 -8.328930 5.814896 0.283197 -11.662381 5.814894 0.283197 -11.662381 5.814894 -0.283190 
					</float_array>
					<technique_common>
						<accessor count="439" offset="0" source="#meshId3-positions-array" stride="3">
							<param name="X" type="float" />
							<param name="Y" type="float" />
							<param name="Z" type="float" />
						</accessor>
					</technique_common>
				</source>
				<source id="meshId3-normals" name="meshId3-normals">
					<float_array id="meshId3-normals-array" count="1317"> 
						-0.117680 0.113713 -0.986520 -0.354904 0.664091 -0.658048 0.000000 0.494320 -0.869280 0.000000 -0.885687 -0.464283 -0.068150 -0.675428 -0.734270 -0.284931 0.676742 -0.678848 -0.036165 -0.690471 -0.722455 -0.190712 0.690825 -0.697417 -0.027131 -0.702638 -0.711030 -0.073246 0.704750 -0.705665 -0.012696 -0.706577 -0.707523 0.031099 0.705604 -0.707923 0.000000 -0.707107 -0.707107 0.096595 0.710588 -0.696946 -0.117529 -0.681523 -0.722297 0.048862 0.744736 -0.665568 -0.319687 -0.617338 -0.718814 -0.178600 0.816426 -0.549136 -0.888847 0.188244 -0.417750 0.178600 0.816426 -0.549136 0.888836 0.188241 -0.417775 0.319687 -0.617338 -0.718814 -0.048862 0.744736 -0.665568 0.117529 -0.681523 -0.722297 -0.096595 0.710588 -0.696946 0.000000 -0.707107 -0.707107 -0.031099 0.705604 -0.707923 0.012696 -0.706577 -0.707523 0.073246 0.704750 -0.705665 0.027131 -0.702638 -0.711030 0.190712 0.690825 -0.697417 0.036165 -0.690471 -0.722455 0.284931 0.676742 -0.678848 0.068150 -0.675428 -0.734270 0.354904 0.664091 -0.658048 0.088382 -0.665736 -0.740934 0.000000 -0.885687 -0.464283 0.000000 0.494320 -0.869280 -0.093115 -0.544313 0.833698 0.000000 -0.665399 0.746488 0.000000 0.714076 0.700068 -0.372551 0.770373 0.517427 -0.277970 0.692086 0.666145 -0.057498 -0.684753 0.726503 -0.153817 0.709051 0.688176 -0.039339 -0.698734 0.714299 -0.053928 0.710247 0.701884 -0.025758 -0.706002 0.707741 0.062260 0.703381 0.708081 -0.006317 -0.706849 0.707337 0.113317 0.697053 0.708009 -0.041018 -0.696415 0.716466 0.097448 0.720103 0.686990 -0.135659 -0.665842 0.733656 -0.442711 0.599641 0.666661 -0.240396 -0.782440 0.574454 -0.719836 -0.529912 0.448364 0.240396 -0.782440 0.574454 0.719836 -0.529912 0.448364 0.442720 0.599653 0.666644 0.135659 -0.665842 0.733656 -0.097448 0.720103 0.686990 0.041018 -0.696415 0.716466 -0.113317 0.697053 0.708009 
						0.006317 -0.706849 0.707337 -0.062260 0.703381 0.708081 0.025758 -0.706002 0.707741 0.053928 0.710247 0.701884 0.039339 -0.698734 0.714299 0.153817 0.709051 0.688176 0.057498 -0.684753 0.726503 0.277970 0.692086 0.666145 0.093115 -0.544313 0.833698 0.372551 0.770373 0.517427 0.000000 0.714076 0.700068 0.000000 -0.665399 0.746488 0.354904 0.664091 -0.658048 0.000000 0.494320 -0.869280 0.000000 0.714076 0.700068 0.372551 0.770373 0.517427 0.093115 -0.544313 0.833698 0.000000 -0.665399 0.746488 0.000000 -0.885687 -0.464283 0.088382 -0.665736 -0.740934 0.068150 -0.675428 -0.734270 0.057498 -0.684753 0.726503 0.277970 0.692086 0.666145 0.284931 0.676742 -0.678848 0.153817 0.709051 0.688176 0.190712 0.690825 -0.697417 0.036165 -0.690471 -0.722455 0.039339 -0.698734 0.714299 0.027131 -0.702638 -0.711030 0.025758 -0.706002 0.707741 0.053928 0.710247 0.701884 0.073246 0.704750 -0.705665 -0.062260 0.703381 0.708081 -0.031099 0.705604 -0.707923 0.012696 -0.706577 -0.707523 0.006317 -0.706849 0.707337 0.000000 -0.707107 -0.707107 0.041018 -0.696415 0.716466 -0.113317 0.697053 0.708009 -0.096595 0.710588 -0.696946 -0.097448 0.720103 0.686990 -0.048862 0.744736 -0.665568 0.117529 -0.681523 -0.722297 0.135659 -0.665842 0.733656 0.319687 -0.617338 -0.718814 0.240396 -0.782440 0.574454 0.442720 0.599653 0.666644 0.178600 0.816426 -0.549136 0.888836 0.188241 -0.417775 0.719836 -0.529912 0.448364 0.888836 0.188241 -0.417775 0.719836 -0.529912 0.448364 -0.888847 0.188244 -0.417750 -0.719836 -0.529912 0.448364 -0.442711 0.599641 0.666661 -0.178600 0.816426 -0.549136 -0.319687 -0.617338 -0.718814 -0.240396 -0.782440 0.574454 -0.719836 -0.529912 0.448364 -0.888847 0.188244 -0.417750 0.097448 0.720103 0.686990 0.048862 0.744736 -0.665568 -0.117529 -0.681523 -0.722297 -0.135659 -0.665842 0.733656 
						0.000000 -0.707107 -0.707107 -0.041018 -0.696415 0.716466 0.113317 0.697053 0.708009 0.096595 0.710588 -0.696946 0.062260 0.703381 0.708081 0.031099 0.705604 -0.707923 -0.012696 -0.706577 -0.707523 -0.006317 -0.706849 0.707337 -0.027131 -0.702638 -0.711030 -0.025758 -0.706002 0.707741 -0.053928 0.710247 0.701884 -0.073246 0.704750 -0.705665 -0.153817 0.709051 0.688176 -0.190712 0.690825 -0.697417 -0.036165 -0.690471 -0.722455 -0.039339 -0.698734 0.714299 -0.068150 -0.675428 -0.734270 -0.057498 -0.684753 0.726503 -0.277970 0.692086 0.666145 -0.284931 0.676742 -0.678848 -0.372551 0.770373 0.517427 -0.354904 0.664091 -0.658048 0.000000 -1.000000 0.000000 -0.093115 -0.544313 0.833698 0.000000 -0.885687 -0.464283 0.000000 -0.665399 0.746488 0.000000 0.714076 0.700068 0.000000 0.494320 -0.869280 -0.426569 -0.339681 -0.838245 -0.244244 0.098424 -0.964706 -0.931287 0.136633 -0.337693 -0.821937 -0.478354 0.309188 -0.821937 -0.478354 0.309188 -0.931287 0.136633 -0.337693 -0.479636 0.102940 0.871408 -0.204539 -0.301712 0.931200 0.244244 0.098424 0.964706 0.426569 -0.339681 0.838245 0.931287 0.136633 0.337693 0.821937 -0.478354 -0.309188 0.821937 -0.478354 -0.309188 0.931287 0.136633 0.337693 0.479636 0.102940 -0.871408 0.204539 -0.301712 -0.931200 0.371691 0.042513 -0.927382 -0.371263 0.046786 -0.927348 0.997488 0.070835 0.000641 0.371263 0.046786 0.927348 0.997488 0.070835 0.000641 -0.371691 0.042513 0.927382 -0.997488 0.070835 -0.000641 -0.997488 0.070835 -0.000641 -0.372031 -0.011109 -0.928154 -0.999804 -0.019776 0.000092 -0.999804 -0.019776 0.000092 -0.371940 -0.013764 0.928155 0.372031 -0.011109 0.928154 0.999804 -0.019776 -0.000092 0.999804 -0.019776 -0.000092 0.371940 -0.013764 -0.928155 0.361649 -0.060214 -0.930368 -0.371355 -0.065738 -0.926161 0.996621 -0.081607 0.009339 0.371355 -0.065738 0.926161 
						0.996621 -0.081607 0.009339 -0.361649 -0.060214 0.930368 -0.996621 -0.081607 -0.009339 -0.996621 -0.081607 -0.009339 -0.350880 -0.101538 -0.930899 -0.986323 -0.164560 -0.009339 -0.986323 -0.164560 -0.009339 -0.340408 -0.114110 0.933328 0.350880 -0.101538 0.930899 0.986323 -0.164560 0.009339 0.986323 -0.164560 0.009339 0.340444 -0.114112 -0.933315 0.330891 0.149270 -0.931788 -0.339769 0.115942 -0.933335 0.974083 0.225537 -0.017182 0.339769 0.115942 0.933335 0.974083 0.225537 -0.017182 -0.330891 0.149270 0.931788 -0.974083 0.225537 0.017182 -0.974083 0.225537 0.017182 -0.327530 0.206583 -0.921980 -0.944933 0.326738 -0.018556 -0.944933 0.326738 -0.018556 -0.337299 0.182169 0.923604 0.327530 0.206583 0.921980 0.944933 0.326738 0.018556 0.944933 0.326738 0.018556 0.337299 0.182169 -0.923604 0.156195 0.726409 -0.669278 -0.312394 0.726416 -0.612152 0.530081 0.821719 -0.209267 0.312394 0.726416 0.612152 0.530081 0.821719 -0.209267 -0.156195 0.726409 0.669278 -0.530059 0.821732 0.209271 -0.530059 0.821732 0.209271 -0.136270 0.793752 -0.592781 -0.434317 0.884291 -0.171456 -0.434317 0.884291 -0.171456 -0.269150 0.802962 0.531799 0.136270 0.793752 0.592781 0.434317 0.884291 0.171456 0.434317 0.884291 0.171456 0.269150 0.802962 -0.531799 0.341481 0.022004 -0.939631 -0.339581 0.049501 -0.939273 0.998057 0.062197 0.003693 0.339581 0.049501 0.939273 0.998057 0.062197 0.003693 -0.341481 0.022004 0.939631 -0.998057 0.062197 -0.003693 -0.998057 0.062197 -0.003693 -0.341446 -0.042391 -0.938945 -0.998310 -0.058078 -0.002228 -0.998310 -0.058078 -0.002228 -0.342610 -0.023988 0.939171 0.341446 -0.042391 0.938945 0.998310 -0.058078 0.002258 0.998310 -0.058078 0.002258 0.342610 -0.023988 -0.939171 0.321336 0.266341 -0.908738 -0.331778 0.247635 -0.910275 0.906238 0.422325 -0.019349 0.331778 0.247635 0.910275 
						0.906238 0.422325 -0.019349 -0.321336 0.266341 0.908738 -0.906238 0.422325 0.019349 -0.906238 0.422325 0.019349 -0.298662 0.440699 -0.846514 -0.752767 0.658247 0.007264 -0.752767 0.658247 0.007264 -0.294355 0.443898 0.846351 0.298662 0.440699 0.846514 0.752752 0.658265 -0.007264 0.752752 0.658265 -0.007264 0.294359 0.443934 -0.846331 0.327471 -0.036898 -0.944141 -0.328351 0.024049 -0.944250 0.999943 -0.010559 -0.001679 0.328351 0.024049 0.944250 0.999943 -0.010559 -0.001679 -0.327471 -0.036898 0.944141 -0.999943 -0.010559 0.001679 -0.999943 -0.010559 0.001679 -0.260724 -0.618712 -0.741093 -0.579776 -0.814042 0.034578 -0.579776 -0.814042 0.034578 -0.237925 -0.623378 0.744843 0.260724 -0.618712 0.741093 0.579776 -0.814042 -0.034578 0.579776 -0.814042 -0.034578 0.237925 -0.623378 -0.744843 0.152748 -0.828164 -0.539271 -0.178965 -0.832656 -0.524076 0.349839 -0.936168 -0.034670 0.178965 -0.832656 0.524076 0.349839 -0.936168 -0.034670 -0.152748 -0.828164 0.539271 -0.349839 -0.936168 0.034670 -0.349839 -0.936168 0.034670 -0.232133 -0.559517 -0.795648 -0.684551 -0.718367 -0.123848 -0.684551 -0.718367 -0.123848 -0.311323 -0.536156 0.784611 0.232133 -0.559517 0.795648 0.684551 -0.718367 0.123848 0.684551 -0.718367 0.123848 0.311323 -0.536156 -0.784611 0.301738 -0.336346 -0.892091 -0.328170 -0.303480 -0.894541 0.864420 -0.500511 -0.047610 0.328170 -0.303480 0.894541 0.864420 -0.500511 -0.047610 -0.301710 -0.336349 0.892099 -0.864420 -0.500511 0.047610 -0.864420 -0.500511 0.047610 -0.286914 -0.441557 -0.850122 -0.764233 -0.643926 -0.036165 -0.764233 -0.643926 -0.036165 -0.308216 -0.425381 0.850914 0.286914 -0.441557 0.850122 0.764233 -0.643926 0.036165 0.764233 -0.643926 0.036165 0.308212 -0.425406 -0.850903 0.313520 -0.335005 -0.888525 -0.320845 -0.325667 -0.889381 0.850852 -0.525240 -0.013154 0.320845 -0.325667 0.889381 
						0.850852 -0.525240 -0.013154 -0.313520 -0.335005 0.888525 -0.850852 -0.525240 0.013154 -0.850852 -0.525240 0.013154 -0.336844 -0.536014 -0.774097 -0.667689 -0.723874 0.173774 -0.667689 -0.723874 0.173774 -0.216167 -0.508265 0.833630 0.336838 -0.536036 0.774084 0.667672 -0.723889 -0.173777 0.667672 -0.723889 -0.173777 0.216167 -0.508265 -0.833630 0.000000 -1.000000 0.000000 0.000000 -1.000000 0.000000 -0.309523 -0.441701 -0.842078 0.275800 -0.463889 -0.841867 0.751038 -0.657833 -0.056551 0.751038 -0.657833 -0.056551 0.309523 -0.441701 0.842078 -0.275800 -0.463889 0.841867 -0.751024 -0.657848 0.056553 -0.751024 -0.657848 0.056553 -0.990187 0.139380 -0.010163 -0.335495 0.097386 -0.936995 -0.340717 0.064518 0.937949 -0.990187 0.139380 -0.010163 0.335495 0.097386 0.936995 0.990187 0.139380 0.010163 0.340717 0.064548 -0.937948 0.990187 0.139380 0.010163 -0.313001 0.324537 -0.892584 0.315568 0.428703 -0.846540 0.922633 0.385552 -0.009949 0.922633 0.385552 -0.009949 0.313001 0.324537 0.892584 -0.315568 0.428703 0.846540 -0.922633 0.385552 0.009949 -0.922633 0.385552 0.009949 -0.905284 -0.424519 0.015656 -0.276412 -0.006501 -0.961017 -0.310563 -0.044466 0.949512 -0.905284 -0.424519 0.015656 0.276412 -0.006501 0.961017 0.905284 -0.424519 -0.015656 0.310563 -0.044466 -0.949512 0.905284 -0.424519 -0.015656 -0.226209 -0.277939 -0.933584 0.251231 -0.240275 -0.937630 0.661443 -0.746591 -0.071384 0.661443 -0.746591 -0.071384 0.226209 -0.277939 0.933584 -0.251231 -0.240275 0.937630 -0.661443 -0.746591 0.071384 -0.661443 -0.746591 0.071384 -0.684171 0.563958 -0.462452 -0.110389 0.611550 -0.783467 -0.271285 0.495875 0.824932 -0.684171 0.563958 -0.462452 0.110389 0.611550 0.783467 0.684181 0.563965 0.462428 0.271285 0.495875 -0.824932 0.684181 0.563965 0.462428 0.000000 1.000000 0.000000 -0.271285 0.495875 0.824932 
						0.271285 0.495875 -0.824932 -0.001953 0.436364 -0.899768 -0.267808 -0.532472 -0.802965 -0.856482 0.202035 -0.474996 0.001953 0.436364 0.899768 -0.691296 0.268541 0.670817 -0.535161 -0.264422 0.802299 0.739352 0.171578 0.651091 0.587255 0.431057 0.685070 -0.229960 0.061862 0.971232 -0.587255 0.431057 -0.685070 0.589536 0.226604 -0.775305 0.229960 0.061862 -0.971232 0.587255 0.431057 0.685070 -0.587255 0.431057 -0.685070 0.739352 0.171578 0.651091 0.589536 0.226604 -0.775305 0.587255 0.431057 0.685070 -0.856482 0.202035 -0.474996 -0.691296 0.268541 0.670817 -0.587255 0.431057 -0.685070 -0.034090 0.119788 -0.992214 -0.584805 0.415639 0.696597 0.000000 1.000000 0.000000 0.584805 0.415639 -0.696597 -0.584805 0.415639 0.696597 0.034121 0.119788 0.992213 0.000000 1.000000 0.000000 0.584805 0.415639 -0.696597 -0.986459 0.164008 0.000305 0.000000 0.028230 -0.999601 0.986459 0.164008 -0.000305 0.000000 0.028230 0.999601 -0.986459 0.164008 0.000305 0.986459 0.164008 -0.000305 0.996729 0.080815 -0.000214 0.000000 0.013764 0.999905 -0.996729 0.080815 0.000214 0.000000 0.013764 -0.999905 0.996729 0.080815 -0.000214 -0.996729 0.080815 0.000214 -0.999749 0.022401 -0.000885 -0.001251 0.003967 -0.999991 0.999749 0.022401 0.000885 0.001251 0.003967 0.999991 -0.999749 0.022401 -0.000885 0.999749 0.022401 0.000885 0.409839 -0.814917 0.409808 0.818106 -0.404231 -0.409023 0.409839 -0.814917 0.409808 -0.535161 -0.264422 0.802299 0.818106 -0.404231 -0.409023 0.409839 -0.814917 0.409808 -0.535161 -0.264422 0.802299 -0.267808 -0.532472 -0.802965 
					</float_array>
					<technique_common>
						<accessor count="439" offset="0" source="#meshId3-normals-array" stride="3">
							<param name="X" type="float" />
							<param name="Y" type="float" />
							<param name="Z" type="float" />
						</accessor>
					</technique_common>
				</source>
				<source id="meshId3-tangents" name="meshId3-tangents">
					<float_array id="meshId3-tangents-array" count="1317"> 
						-0.992938 0.001524 0.118622 -0.932027 -0.196132 0.304725 -0.998281 0.050939 0.028972 -0.993389 -0.053298 0.101676 -0.995949 0.002782 0.089878 -0.957155 -0.162620 0.239602 -0.998784 0.000733 0.049298 -0.981325 -0.115979 0.153460 -0.999379 0.003080 0.035090 -0.997065 -0.035935 0.067601 -0.999881 0.002766 0.015180 -0.999474 0.028464 -0.015534 -1.000000 -0.000531 0.000531 -0.994680 0.094111 -0.041892 -0.989345 0.017415 0.144549 -0.987980 0.133875 0.077285 -0.936788 0.092037 0.337576 -0.963161 -0.031023 0.267130 -0.456244 -0.277909 0.845345 0.963161 -0.031022 0.267131 0.456238 -0.277898 0.845352 0.936788 0.092036 0.337577 0.987980 0.133875 0.077285 0.989345 0.017415 0.144548 0.994680 0.094111 -0.041893 1.000000 -0.000531 0.000531 0.999474 0.028464 -0.015534 0.999881 0.002766 0.015180 0.997065 -0.035935 0.067601 0.999379 0.003080 0.035090 0.981325 -0.115979 0.153461 0.998784 0.000733 0.049297 0.957155 -0.162619 0.239603 0.995949 0.002782 0.089878 0.932027 -0.196132 0.304725 0.992772 -0.001758 0.120002 0.993389 -0.053298 0.101676 0.998281 0.050939 0.028972 -0.993837 0.000228 -0.110852 -0.996252 -0.064566 -0.057554 -0.996547 0.058131 -0.059295 -0.924425 -0.259025 -0.279899 -0.958675 -0.156061 -0.237880 -0.996666 -0.002824 -0.081541 -0.987434 -0.084731 -0.133396 -0.998471 -0.000295 -0.055279 -0.998146 -0.018472 -0.057996 -0.999270 -0.001801 -0.038165 -0.998028 0.049560 0.038517 -0.999933 -0.002401 -0.011331 -0.991329 0.127036 0.033585 -0.998789 0.009088 -0.048347 -0.982611 0.179230 -0.048507 -0.987934 0.035055 -0.150857 -0.885805 -0.177080 -0.428942 -0.957702 0.094753 -0.271713 -0.677395 0.394988 -0.620581 0.957702 0.094753 -0.271714 0.677395 0.394987 -0.620581 0.885805 -0.177085 -0.428941 0.987934 0.035055 -0.150857 0.982611 0.179230 -0.048507 0.998789 0.009088 -0.048347 0.991330 0.127035 0.033586 
						0.999933 -0.002401 -0.011331 0.998028 0.049560 0.038517 0.999270 -0.001801 -0.038165 0.998146 -0.018472 -0.057996 0.998471 -0.000295 -0.055278 0.987434 -0.084731 -0.133396 0.996666 -0.002824 -0.081541 0.958675 -0.156062 -0.237880 0.993837 0.000228 -0.110852 0.924425 -0.259026 -0.279899 0.996547 0.058131 -0.059295 0.996252 -0.064566 -0.057554 -0.310153 -0.580355 -0.752990 0.000000 -0.869238 -0.494395 0.000000 0.700060 -0.714084 0.225255 0.465786 -0.855747 0.140569 -0.821713 -0.552293 0.000000 -0.746478 -0.665410 0.000000 0.464273 -0.885692 -0.097508 0.734478 -0.671591 -0.073708 0.730511 -0.678912 0.060788 -0.723935 -0.687184 0.248263 0.618117 -0.745854 -0.263401 -0.625610 -0.734325 0.145887 0.672506 -0.725571 -0.185586 -0.672255 -0.716681 -0.037787 0.721424 -0.691462 0.040150 -0.713143 -0.699868 -0.027434 0.710481 -0.703182 0.025803 -0.707237 -0.706506 0.053130 0.699831 -0.712330 -0.072952 -0.701852 -0.708578 -0.062428 0.705281 -0.706173 0.031168 -0.707205 -0.706322 -0.012710 0.707384 -0.706715 0.006321 -0.707290 -0.706895 0.000000 0.707060 -0.707154 0.042124 -0.715200 -0.697650 -0.113603 0.698815 -0.706224 0.093870 -0.690544 -0.717173 -0.092123 0.680748 -0.726701 0.043571 -0.664099 -0.746374 -0.122744 0.711760 -0.691615 0.146458 -0.718845 -0.679568 -0.330534 0.638285 -0.695226 0.168709 -0.549113 -0.818543 0.395931 0.536263 -0.745427 -0.117343 -0.536418 -0.835755 -0.408696 -0.086555 -0.908557 0.361050 -0.265789 -0.893868 -0.408696 -0.086556 -0.908557 0.361050 -0.265789 -0.893867 0.408659 -0.086556 -0.908574 -0.361064 -0.265771 -0.893868 -0.395977 0.536283 -0.745388 0.117322 -0.536423 -0.835755 0.330532 0.638286 -0.695226 -0.168709 -0.549113 -0.818543 -0.361058 -0.265778 -0.893868 0.408659 -0.086556 -0.908574 0.092121 0.680749 -0.726701 -0.043571 -0.664099 -0.746374 0.122744 0.711760 -0.691615 -0.146458 -0.718845 -0.679568 
						0.000000 0.707060 -0.707154 -0.042124 -0.715200 -0.697650 0.113603 0.698815 -0.706224 -0.093870 -0.690544 -0.717173 0.062428 0.705281 -0.706173 -0.031169 -0.707205 -0.706322 0.012710 0.707384 -0.706715 -0.006321 -0.707290 -0.706895 0.027434 0.710481 -0.703182 -0.025804 -0.707237 -0.706506 -0.053137 0.699831 -0.712330 0.072945 -0.701852 -0.708578 -0.145889 0.672505 -0.725571 0.185584 -0.672255 -0.716681 0.037784 0.721424 -0.691462 -0.040153 -0.713143 -0.699868 0.073707 0.730511 -0.678912 -0.060788 -0.723935 -0.687184 -0.248266 0.618115 -0.745854 0.263397 -0.625611 -0.734325 -0.225256 0.465786 -0.855747 0.310153 -0.580355 -0.752990 0.000000 0.000000 -1.000000 -0.140569 -0.821713 -0.552293 0.000000 0.464273 -0.885692 0.000000 -0.746478 -0.665410 0.000000 0.700060 -0.714084 0.000000 -0.869238 -0.494395 -0.882627 -0.046063 0.467811 -0.969092 0.010813 0.246463 -0.350098 -0.079353 0.933346 -0.082044 0.636543 0.766865 -0.409790 0.119592 -0.904307 0.287412 -0.293717 -0.911660 -0.876930 -0.021404 -0.480142 -0.967485 -0.082276 -0.239171 -0.968733 -0.019934 0.247302 -0.899036 -0.057904 0.434029 -0.349883 0.077253 0.933603 -0.080305 -0.634675 0.768595 -0.434935 -0.176583 -0.882978 0.287415 0.293705 -0.911663 -0.876891 0.020175 -0.480266 -0.972463 0.045924 -0.228486 -0.928219 -0.000176 -0.372035 -0.928361 0.000214 0.371679 -0.004648 0.073864 -0.997257 -0.928361 -0.000214 0.371679 -0.005917 0.073677 0.997265 -0.928219 0.000175 -0.372035 -0.004648 -0.073867 -0.997257 -0.005917 -0.073678 0.997265 -0.928211 -0.000028 0.372054 -0.000356 0.020700 0.999786 -0.000539 0.020693 -0.999786 -0.928243 -0.000036 -0.371975 -0.928211 0.000028 0.372054 -0.000356 -0.020700 0.999786 -0.000539 -0.020692 -0.999786 -0.928243 0.000036 -0.371975 -0.932050 0.000435 -0.362331 -0.928169 0.000034 0.372158 0.002239 -0.086441 -0.996255 -0.928169 -0.000034 0.372158 
						-0.016254 -0.084273 0.996310 -0.932050 -0.000434 -0.362331 0.002239 0.086442 -0.996254 -0.016254 0.084274 0.996310 -0.935733 -0.000069 0.352710 -0.031166 0.130200 0.990998 -0.022391 0.189550 -0.981616 -0.938112 -0.026122 -0.345346 -0.935733 0.000069 0.352710 -0.030325 -0.125122 0.991678 -0.022391 -0.189547 -0.981616 -0.937946 0.028453 -0.345613 -0.941506 0.119029 -0.315274 -0.939016 -0.097721 0.329697 -0.114922 0.427833 -0.896522 -0.938355 0.108923 0.328065 -0.104786 0.517083 0.849497 -0.942026 -0.110484 -0.316828 -0.112328 -0.416184 -0.902316 -0.101588 -0.503897 0.857769 -0.943065 -0.131258 0.305612 -0.195576 -0.518225 0.832582 -0.176953 -0.557700 -0.810962 -0.940873 -0.097976 -0.324282 -0.944835 0.074959 0.318855 -0.213389 0.572054 0.791972 -0.184974 0.579902 -0.793409 -0.940567 0.106415 -0.322506 -0.977753 0.017666 -0.209015 -0.943824 -0.164253 0.286735 -0.731185 0.317969 -0.603543 -0.942434 0.156063 0.295741 -0.647065 0.551479 0.526477 -0.982085 -0.041899 -0.183723 -0.739495 -0.327170 -0.588309 -0.702902 -0.563806 0.433649 -0.961664 0.037743 0.271620 -0.766138 -0.262544 0.586603 -0.707681 -0.452731 -0.542422 -0.939275 -0.096786 -0.329235 -0.964150 -0.031262 0.263509 -0.722301 0.228165 0.652857 -0.680476 0.446805 -0.580790 -0.926220 0.064466 -0.371429 -0.938400 0.064213 -0.339532 -0.937158 -0.102876 0.333395 -0.010584 0.227271 -0.973774 -0.939920 0.055168 0.336908 -0.019613 0.256978 0.966218 -0.934254 -0.117240 -0.336784 -0.019348 -0.365367 -0.930662 -0.027922 -0.393134 0.919057 -0.929742 -0.131253 0.344024 0.015995 -0.312105 0.949913 0.020655 -0.319432 -0.947384 -0.932007 -0.117146 -0.342987 -0.935807 0.077818 0.343817 0.009202 0.197031 0.980354 0.012095 0.170336 -0.985312 -0.934865 0.090236 -0.343343 -0.946891 0.102402 -0.304814 -0.942923 -0.116371 0.312017 -0.286707 0.580208 -0.762337 -0.943277 0.099768 0.316663 
						-0.269289 0.611828 0.743741 -0.946672 -0.114251 -0.301263 -0.303896 -0.618836 -0.724355 -0.287291 -0.648676 0.704758 -0.954061 -0.115708 0.276368 -0.505437 -0.584949 0.634325 -0.513969 -0.580742 -0.631327 -0.955141 -0.106452 -0.276359 -0.953178 0.093634 0.287549 -0.472110 0.547469 0.690934 -0.490667 0.553642 -0.672850 -0.953344 0.074319 -0.292596 -0.942451 0.058556 -0.329176 -0.937516 -0.130118 0.322697 0.000023 0.159981 -0.987120 -0.941483 0.088900 0.325126 0.002717 0.100036 0.994980 -0.938063 -0.106944 -0.329546 0.000969 -0.246703 -0.969091 0.003704 -0.195748 0.980647 -0.906517 -0.107119 0.408353 -0.462482 0.363695 0.808601 -0.449456 0.284098 -0.846923 -0.921382 -0.097783 -0.376156 -0.926370 0.055765 0.372463 -0.519287 -0.401847 0.754228 -0.512050 -0.330988 -0.792623 -0.933369 0.065427 -0.352905 -0.909777 0.095278 -0.404016 -0.901978 -0.073890 0.425412 -0.618476 -0.202998 -0.759131 -0.914301 0.055970 0.401149 -0.587967 -0.248219 0.769858 -0.915546 -0.086860 -0.392722 -0.575591 0.185591 -0.796399 -0.612226 0.256472 0.747932 -0.951890 -0.037557 0.304129 -0.445096 0.277309 0.851463 -0.327485 0.454789 -0.828203 -0.930421 0.003958 -0.366472 -0.948956 0.049300 0.311531 -0.370877 -0.196916 0.907565 -0.293702 -0.427235 -0.855108 -0.928533 0.004096 -0.371227 -0.936512 0.070724 -0.343429 -0.930468 -0.059442 0.361518 -0.245285 -0.337110 -0.908951 -0.931725 0.051934 0.359432 -0.190090 -0.412962 0.890690 -0.928529 -0.108664 -0.355003 -0.233702 0.316104 -0.919490 -0.142781 0.335116 0.931295 -0.929741 -0.085442 0.358164 -0.146958 0.119211 0.981933 -0.253179 0.351048 -0.901480 -0.924817 -0.075668 -0.372812 -0.940537 0.038622 0.337490 -0.306641 -0.313400 0.898750 -0.313477 -0.419821 -0.851752 -0.933847 0.035336 -0.355922 -0.942289 0.005986 -0.334748 -0.937850 -0.021897 0.346349 -0.274411 -0.422795 -0.863680 -0.938828 0.014714 0.344071 
						-0.270775 -0.459712 0.845781 -0.941911 -0.008977 -0.335742 -0.267119 0.410779 -0.871727 -0.270773 0.459709 0.845784 -0.922419 0.022920 0.385511 -0.445358 0.575442 0.685946 -0.543211 0.314123 -0.778619 -0.957823 -0.055167 -0.282012 -0.922418 -0.022920 0.385512 -0.445397 -0.575414 0.685945 -0.543241 -0.314106 -0.778606 -0.957823 0.055168 -0.282012 -1.000000 0.000000 0.000010 -1.000000 0.000000 -0.000011 -0.896182 -0.160544 0.413622 -0.938109 0.060975 -0.340931 -0.390830 -0.373877 -0.841111 -0.359310 -0.479043 0.800883 -0.928845 0.049146 0.367195 -0.922250 -0.119131 -0.367781 -0.332218 0.302393 -0.893415 -0.307039 0.423696 0.852179 -0.073847 -0.459895 0.884897 -0.937391 -0.133216 0.321793 -0.935118 -0.126493 -0.330989 -0.056246 -0.463833 -0.884135 -0.941527 0.067543 0.330099 -0.050164 0.286385 0.956801 -0.939773 0.052205 -0.337789 -0.034167 0.311737 -0.949554 -0.949443 -0.082893 0.302799 -0.944929 0.060401 -0.321655 -0.221599 0.508675 -0.831952 -0.204403 0.510547 0.835202 -0.948452 0.057635 0.311636 -0.948131 -0.106459 -0.299524 -0.258839 -0.599729 -0.757184 -0.253662 -0.625921 0.737481 -0.068096 0.181320 0.981064 -0.960281 -0.037848 0.276455 -0.948028 -0.058274 -0.312805 -0.203566 0.401082 -0.893137 -0.960786 0.021088 0.276487 -0.070165 -0.185700 0.980098 -0.949171 0.039337 -0.312293 -0.202898 -0.399629 -0.893940 -0.971280 -0.008237 0.237796 -0.962447 0.040920 -0.268367 -0.635536 -0.507370 -0.581954 -0.553080 -0.549805 0.625953 -0.971784 0.001350 0.235867 -0.962698 -0.038531 -0.267822 -0.635537 0.507371 -0.581951 -0.555158 0.551340 0.622755 -0.667153 -0.227757 0.709248 -0.977899 0.073988 0.195547 -0.947644 0.012389 -0.319088 -0.613144 -0.788120 -0.054060 -0.977899 -0.073989 0.195548 -0.667148 0.227766 0.709251 -0.947644 -0.012389 -0.319088 -0.613155 0.788107 -0.054116 1.000000 0.000000 0.000000 1.000000 0.000000 0.000000 
						1.000000 0.000000 0.000000 -0.999955 -0.009245 -0.002314 -0.963477 0.147657 0.223406 -0.516004 -0.309165 0.798848 -0.999981 0.006093 -0.000785 -0.719571 -0.170911 -0.673058 -0.844774 0.167420 -0.508259 -0.673286 0.176050 0.718117 -0.808806 0.279395 0.517466 -0.973201 -0.015533 -0.229431 0.296352 -0.673015 -0.677662 -0.805722 0.096974 -0.584302 -0.973201 0.015535 -0.229431 0.296338 0.673027 -0.677657 -0.808806 -0.279396 0.517465 0.634219 0.147180 -0.759016 -0.723661 -0.278158 -0.631619 0.552229 0.405347 -0.728517 0.462295 -0.109057 -0.879994 -0.625260 0.242880 -0.741660 0.552224 -0.405354 -0.728517 -0.999419 -0.004250 0.033823 -0.805420 -0.399771 -0.437586 -1.000000 0.000000 -0.000002 -0.807386 0.215234 -0.549366 -0.807386 -0.215236 -0.549365 -0.999418 0.004253 0.033853 -1.000000 0.000000 0.000002 -0.805420 0.399774 -0.437585 -0.113868 -0.685746 0.718878 -1.000000 -0.000000 0.000000 -0.114092 0.684417 -0.720109 -1.000000 -0.000000 -0.000000 -0.114093 -0.684419 -0.720107 -0.113868 0.685747 0.718877 -0.034822 0.428550 0.902847 -1.000000 -0.000000 0.000000 -0.035135 -0.427644 -0.903264 -1.000000 -0.000000 0.000000 -0.035134 0.427643 -0.903265 -0.034822 -0.428550 0.902847 -0.004061 -0.129985 0.991508 -0.999999 0.000028 0.001251 -0.002337 0.131263 -0.991345 -0.999999 -0.000027 0.001251 -0.002337 -0.131264 -0.991345 -0.004061 0.129986 0.991508 -0.912163 -0.366138 0.184124 -0.575144 -0.575033 -0.581848 1.000000 0.000000 0.000000 1.000000 0.000000 0.000000 -0.366677 0.181177 -0.912536 0.184122 -0.366105 -0.912177 -0.719237 -0.355373 -0.596999 0.360769 0.717304 -0.596088 
					</float_array>
					<technique_common>
						<accessor count="439" offset="0" source="#meshId3-tangents-array" stride="3">
							<param name="X" type="float" />
							<param name="Y" type="float" />
							<param name="Z" type="float" />
						</accessor>
					</technique_common>
				</source>
				<source id="meshId3-bitangents" name="meshId3-bitangents">
					<float_array id="meshId3-bitangents-array" count="1317"> 
						-0.014992 -0.993513 -0.112731 -0.073301 -0.721467 -0.688559 -0.058602 -0.867786 -0.493471 0.114798 -0.461214 0.879832 0.058664 -0.737421 0.672882 -0.051755 -0.718033 -0.694082 0.033509 -0.723360 0.689658 -0.025128 -0.713659 -0.700042 0.022465 -0.711541 0.702285 -0.022283 -0.708546 -0.705313 0.008769 -0.707631 0.706528 -0.009189 -0.708034 -0.706118 0.000751 -0.707107 0.707107 -0.035822 -0.697285 -0.715899 0.085935 -0.731589 0.676308 -0.146660 -0.653792 -0.742325 0.142241 -0.781295 0.607738 -0.201056 -0.576616 -0.791890 -0.043034 -0.941978 -0.332904 0.201057 -0.576616 -0.791890 0.043032 -0.941984 -0.332888 -0.142242 -0.781295 0.607738 0.146660 -0.653792 -0.742325 -0.085934 -0.731589 0.676308 0.035822 -0.697285 -0.715898 -0.000751 -0.707107 0.707107 0.009189 -0.708034 -0.706118 -0.008769 -0.707631 0.706528 0.022283 -0.708546 -0.705313 -0.022465 -0.711541 0.702285 0.025129 -0.713659 -0.700042 -0.033509 -0.723360 0.689658 0.051755 -0.718033 -0.694082 -0.058663 -0.737421 0.672882 0.073301 -0.721467 -0.688559 -0.081192 -0.746185 0.660769 -0.114798 -0.461214 0.879832 0.058602 -0.867786 -0.493471 0.060148 -0.838882 -0.540980 0.086494 -0.743690 -0.662906 -0.083037 -0.697650 0.711610 -0.081600 -0.582600 0.808653 -0.060674 -0.704740 0.706866 0.057888 -0.728769 -0.682308 -0.036274 -0.700047 0.713175 0.038836 -0.715381 -0.697654 -0.028226 -0.703711 0.709926 0.028219 -0.708208 -0.705440 -0.008001 -0.709083 0.705080 0.009708 -0.707361 -0.706786 -0.066532 -0.705676 0.705404 0.027158 -0.717582 -0.695945 -0.158060 -0.670317 0.725047 0.074729 -0.745269 -0.662563 -0.139159 -0.780430 0.609561 0.158168 -0.615475 -0.772123 0.151755 -0.750435 -0.643286 -0.158168 -0.615475 -0.772123 -0.151756 -0.750436 -0.643286 0.139163 -0.780418 0.609575 -0.074728 -0.745269 -0.662563 0.158059 -0.670317 0.725047 -0.027158 -0.717582 -0.695945 0.066531 -0.705676 0.705404 
						-0.009708 -0.707361 -0.706786 0.008001 -0.709083 0.705080 -0.028219 -0.708208 -0.705440 0.028227 -0.703710 0.709926 -0.038835 -0.715381 -0.697654 0.036275 -0.700047 0.713175 -0.057887 -0.728769 -0.682308 0.060674 -0.704740 0.706866 -0.060148 -0.838882 -0.540980 0.081600 -0.582600 0.808653 0.083037 -0.697650 0.711610 -0.086494 -0.743690 -0.662906 -0.881955 0.471334 -0.000001 -1.000000 0.000000 0.000000 -1.000000 0.000000 0.000000 -0.900255 0.435363 -0.000001 -0.985681 -0.168619 -0.000000 -1.000000 -0.000000 -0.000000 -1.000000 -0.000000 -0.000000 -0.991302 -0.131604 -0.000000 -0.994948 -0.100389 -0.000000 -0.996493 -0.083674 -0.000000 -0.927950 0.372704 -0.000001 -0.921642 0.388041 -0.000002 -0.977269 0.212001 0.000001 -0.963943 0.266110 -0.000000 -0.998631 -0.052306 -0.000000 -0.998419 -0.056211 -0.000000 -0.999255 -0.038585 -0.000000 -0.999335 -0.036460 -0.000000 -0.997130 0.075705 0.000005 -0.994642 0.103380 0.000005 -0.996105 -0.088170 0.000000 -0.999030 -0.044030 0.000001 -0.999839 -0.017965 -0.000000 -0.999960 -0.008937 -0.000000 -1.000000 -0.000000 -0.000000 -0.998270 -0.058796 0.000000 -0.987043 -0.160459 0.000000 -0.990887 -0.134697 0.000000 -0.990967 -0.134103 0.000001 -0.997855 -0.065468 0.000000 -0.985454 -0.169942 -0.000000 -0.979870 -0.199639 -0.000000 -0.887998 -0.459847 -0.000000 -0.955901 -0.293690 -0.000000 -0.804494 0.593961 -0.000007 -0.976899 0.213703 -0.000002 0.207189 -0.978301 -0.000000 -0.592841 -0.805319 0.000000 -0.207189 0.978301 -0.000001 0.592841 0.805319 0.000000 0.207192 0.978300 -0.000008 -0.592833 0.805325 0.000021 0.804484 0.593974 -0.000026 0.976901 0.213691 -0.000020 0.887999 -0.459845 -0.000002 0.955901 -0.293690 0.000000 0.592836 -0.805323 -0.000013 -0.207192 -0.978300 0.000007 0.990968 -0.134102 -0.000001 0.997855 -0.065468 0.000000 0.985454 -0.169942 0.000000 0.979870 -0.199639 0.000000 
						1.000000 0.000000 0.000000 0.998270 -0.058796 -0.000000 0.987043 -0.160459 0.000000 0.990887 -0.134697 0.000000 0.996105 -0.088170 0.000000 0.999030 -0.044032 0.000000 0.999839 -0.017965 0.000000 0.999960 -0.008937 0.000000 0.999255 -0.038585 0.000000 0.999335 -0.036461 -0.000000 0.997130 0.075710 -0.000000 0.994642 0.103375 -0.000000 0.977269 0.212002 -0.000000 0.963943 0.266109 -0.000001 0.998631 -0.052304 -0.000002 0.998419 -0.056213 -0.000002 0.994948 -0.100389 -0.000000 0.996493 -0.083674 -0.000000 0.927950 0.372706 -0.000004 0.921643 0.388039 -0.000004 0.900255 0.435363 -0.000002 0.881955 0.471334 -0.000001 1.000000 0.000000 0.000000 0.985681 -0.168619 0.000000 1.000000 0.000000 0.000000 1.000000 0.000000 0.000000 1.000000 0.000000 0.000000 1.000000 0.000000 0.000000 0.197518 -0.939412 0.280163 -0.034690 -0.995086 -0.092741 -0.100729 -0.987438 -0.121736 0.563644 -0.604948 0.562444 0.395603 -0.869985 -0.294321 -0.223749 -0.946074 0.234265 -0.030774 -0.994457 0.100538 0.148777 -0.949842 -0.275073 0.043571 -0.994945 0.090478 -0.098894 -0.938756 -0.330085 0.101474 -0.987605 0.119751 -0.563895 -0.606907 -0.560077 -0.367779 -0.860229 0.353193 0.223746 -0.946078 -0.234253 0.031858 -0.994483 -0.099944 -0.111701 -0.952292 0.284011 0.015979 -0.999096 -0.039396 -0.017588 -0.998905 -0.043354 0.070688 -0.994749 -0.074008 0.017588 -0.998905 0.043354 0.070594 -0.994763 0.073911 -0.015979 -0.999096 0.039396 -0.070688 -0.994749 0.074010 -0.070594 -0.994763 -0.073912 0.004159 -0.999938 0.010301 0.019774 -0.999590 0.020703 0.019770 -0.999590 -0.020699 0.005154 -0.999905 -0.012763 -0.004159 -0.999938 -0.010301 -0.019774 -0.999590 -0.020703 -0.019770 -0.999590 0.020699 -0.005154 -0.999905 0.012763 -0.022222 -0.998185 0.055965 0.024433 -0.997837 0.061029 -0.082109 -0.992909 0.085966 -0.024434 -0.997837 -0.061029 
						-0.080519 -0.993095 -0.085315 0.022221 -0.998185 -0.055965 0.082109 -0.992909 -0.085968 0.080519 -0.993095 0.085316 0.035878 -0.994832 0.094988 0.161863 -0.977735 0.133548 0.163305 -0.967981 -0.190642 0.063788 -0.993125 -0.098156 -0.035878 -0.994832 -0.094988 -0.162022 -0.978398 -0.128401 -0.163305 -0.967981 0.190640 -0.065994 -0.993060 0.097344 -0.063848 -0.981606 -0.179925 0.052981 -0.988437 -0.142074 0.194848 -0.875262 -0.442664 -0.063625 -0.987266 0.145803 0.200478 -0.825680 0.527315 0.055654 -0.982605 0.177175 -0.196355 -0.880860 0.430731 -0.202117 -0.833793 -0.513749 0.057883 -0.969585 -0.237813 -0.262420 -0.790363 -0.553590 -0.275320 -0.763021 0.584806 0.031417 -0.978374 0.204445 -0.003241 -0.975553 0.219738 0.248152 -0.752320 0.610274 0.269997 -0.746286 -0.608407 -0.039535 -0.977492 -0.207236 0.140006 -0.687036 -0.713008 -0.107741 -0.667338 -0.736920 0.429402 -0.472940 -0.769378 0.119297 -0.669301 0.733352 0.548022 -0.143666 0.824034 -0.105416 -0.685984 0.719940 -0.414965 -0.466593 0.781086 -0.474331 -0.082763 -0.876447 -0.237972 -0.607069 -0.758179 -0.473713 -0.386131 -0.791517 -0.557283 -0.114247 0.822425 -0.212893 -0.588118 0.780252 0.227692 -0.607438 0.761036 0.538196 -0.407390 0.737820 0.590195 -0.135575 -0.795794 0.263961 -0.592533 -0.761071 -0.052866 -0.997694 -0.042577 0.080125 -0.993462 -0.081325 0.061405 -0.971843 -0.227487 -0.035141 -0.997249 0.065261 0.059147 -0.964413 0.257699 0.102752 -0.992860 0.060593 -0.059234 -0.928783 0.365861 -0.055711 -0.917375 -0.394107 0.137823 -0.990442 -0.005403 0.055864 -0.948272 -0.312506 0.054310 -0.945829 0.320091 0.118248 -0.992825 0.017778 -0.087641 -0.996066 -0.013099 -0.057382 -0.978676 0.197232 -0.056840 -0.983673 -0.170751 -0.092983 -0.995631 -0.008490 -0.011872 -0.958424 -0.285101 0.028663 -0.961839 -0.272110 0.310727 -0.696406 -0.646891 -0.012399 -0.963703 0.266689 
						0.325939 -0.668795 0.668189 0.023585 -0.957084 0.288850 -0.293939 -0.662318 0.689155 -0.310188 -0.633119 -0.709185 -0.023846 -0.890166 -0.455011 -0.421791 -0.473827 -0.773033 -0.411351 -0.478976 0.775482 -0.032579 -0.889732 0.455320 0.047460 -0.892758 0.448029 0.458794 -0.516673 0.722881 0.438892 -0.510053 -0.739743 0.066995 -0.892972 -0.445098 -0.067431 -0.997602 0.015599 0.115104 -0.991207 -0.065271 -0.010692 -0.987064 -0.159972 -0.076125 -0.995750 0.051832 -0.010339 -0.994928 0.100059 0.113130 -0.993580 0.000409 0.010647 -0.969034 0.246699 0.010027 -0.980597 -0.195776 0.332038 -0.778281 0.532944 0.670811 -0.452816 0.587341 0.679607 -0.506567 -0.530589 0.307320 -0.775782 -0.551105 -0.271774 -0.783636 -0.558617 -0.627869 -0.419327 -0.655702 -0.633784 -0.477250 0.608729 -0.268727 -0.779178 0.566275 -0.385972 -0.552328 0.738891 0.392946 -0.548839 0.737814 -0.703636 -0.287015 0.650014 -0.363352 -0.550955 -0.751282 -0.729323 -0.248942 -0.637273 0.372080 -0.553715 -0.744954 0.739129 -0.298566 -0.603777 0.709082 -0.240430 0.662870 0.200048 -0.827967 0.523880 0.577319 -0.637994 0.509575 0.651279 -0.526389 -0.546581 0.193381 -0.844109 -0.500083 -0.213533 -0.827351 -0.519513 -0.627577 -0.667207 -0.401225 -0.667193 -0.548991 0.503451 -0.202249 -0.844109 0.496564 -0.178603 -0.939079 0.293652 0.162887 -0.950982 0.262872 -0.438891 -0.797393 0.414172 -0.155537 -0.951421 -0.265717 -0.465461 -0.760880 -0.452115 0.216344 -0.935447 -0.279525 0.445165 -0.805952 -0.390217 0.482079 -0.798232 0.361144 0.230786 -0.893156 0.386019 0.627981 -0.755740 0.185735 0.593182 -0.679784 -0.431311 0.222974 -0.901846 -0.370077 -0.181854 -0.896402 -0.404219 -0.567394 -0.697944 -0.436965 -0.563648 -0.639600 0.522697 -0.181479 -0.904313 0.386373 -0.117461 -0.942197 0.313795 0.132269 -0.945231 0.298401 -0.448078 -0.738474 0.503868 -0.125139 -0.945370 -0.301024 
						-0.450285 -0.716073 -0.533369 0.120451 -0.942174 -0.312731 0.452463 -0.745225 -0.489814 0.450286 -0.716075 0.533365 0.188897 -0.843898 0.502150 0.596536 -0.380607 0.706600 0.509036 -0.614272 -0.602953 0.189326 -0.859432 -0.474903 -0.188906 -0.843884 -0.502169 -0.596542 -0.380586 -0.706606 -0.509039 -0.614256 0.602966 -0.189326 -0.859432 0.474903 0.000010 0.000000 1.000000 0.000011 0.000000 -1.000000 0.317888 -0.882681 0.346152 -0.209487 -0.883792 0.418362 -0.532168 -0.653808 0.537896 -0.553938 -0.581174 -0.596146 -0.203575 -0.895815 -0.395060 0.270903 -0.877846 -0.394965 0.570630 -0.689764 -0.445654 0.584566 -0.622643 0.520191 -0.118663 -0.876964 -0.465675 0.093485 -0.986291 -0.135982 0.097289 -0.989867 0.103430 -0.127945 -0.874887 0.467121 -0.031141 -0.992952 0.114352 0.130448 -0.947921 0.290566 -0.027162 -0.996548 -0.078448 0.135517 -0.939888 -0.313440 -0.024281 -0.942234 -0.334075 0.086762 -0.901424 -0.424154 0.315700 -0.769791 -0.554758 0.327093 -0.768551 0.549855 0.049694 -0.944115 0.325848 -0.038285 -0.897151 0.440061 -0.285967 -0.701178 0.653125 -0.290565 -0.677900 -0.675295 0.419319 -0.887075 0.193054 0.038170 -0.999262 -0.004219 0.069241 -0.997310 -0.024058 0.372874 -0.811730 -0.449511 -0.022063 -0.999757 -0.000417 -0.418977 -0.886168 -0.197898 -0.051237 -0.998236 0.029990 -0.373238 -0.812446 0.447912 0.073783 -0.960563 0.268093 -0.102850 -0.969842 0.220972 -0.398263 -0.430296 0.810081 -0.506578 -0.374551 -0.776589 -0.066817 -0.960598 -0.269791 0.100479 -0.969940 -0.221632 0.398261 -0.430295 -0.810083 0.504300 -0.372287 0.779156 -0.294659 -0.793774 -0.532071 -0.177554 -0.787738 -0.589867 -0.168447 -0.868306 0.466552 -0.394955 0.246563 0.884996 0.177555 -0.787738 0.589867 0.294667 -0.793763 0.532082 0.168448 -0.868306 -0.466552 0.394962 0.246515 -0.885006 0.000000 0.000000 1.000000 0.000000 -0.857073 0.515195 
						0.000000 0.857073 0.515195 0.009328 -0.899723 -0.436362 0.000394 -0.833468 0.552568 -0.014543 -0.929298 -0.369045 -0.005825 -0.899750 0.436368 -0.066093 -0.947983 0.311384 0.000074 -0.949762 -0.312973 0.008588 -0.969312 0.245683 0.031652 -0.857974 0.512717 0.000893 -0.997964 0.063776 -0.753173 -0.600983 0.267487 0.057220 -0.969147 -0.239749 -0.000895 -0.997964 -0.063776 0.753179 -0.600970 -0.267500 -0.031651 -0.857973 -0.512718 0.226057 -0.974114 -0.000000 0.358785 -0.933420 -0.000000 0.591723 -0.806141 0.000000 -0.229591 -0.973287 0.000005 -0.362094 -0.932142 0.000006 -0.591728 -0.806138 0.000007 0.000165 -0.992790 -0.119864 -0.096602 0.816956 -0.568552 0.000002 0.000000 -1.000000 0.078406 -0.883694 -0.461451 -0.078405 -0.883694 0.461452 -0.000165 -0.992790 0.119864 0.000002 0.000000 1.000000 0.096604 0.816955 0.568553 -0.118111 -0.709109 -0.695136 0.000000 -0.999601 -0.028230 0.117895 -0.710393 -0.693861 0.000000 -0.999601 0.028230 -0.117894 -0.710390 0.693863 0.118111 -0.709108 0.695137 0.073055 -0.899886 0.429962 0.000000 -0.999905 0.013764 -0.072906 -0.900317 0.429085 0.000000 -0.999905 -0.013764 0.072906 -0.900318 -0.429083 -0.073055 -0.899886 -0.429962 -0.022096 -0.991262 -0.130044 -0.000032 -0.999992 -0.003967 0.022323 -0.991094 -0.131283 0.000032 -0.999992 0.003967 -0.022323 -0.991094 0.131283 0.022096 -0.991262 0.130044 0.000000 -0.449273 -0.893394 0.000000 -0.711260 0.702929 0.000000 -0.449273 -0.893394 0.000000 -0.949747 -0.313018 -0.442981 -0.896531 -0.000000 -0.893381 -0.449300 -0.000000 0.442975 -0.896534 0.000000 0.893370 -0.449322 0.000000 
					</float_array>
					<technique_common>
						<accessor count="439" offset="0" source="#meshId3-bitangents-array" stride="3">
							<param name="X" type="float" />
							<param name="Y" type="float" />
							<param name="Z" type="float" />
						</accessor>
					</technique_common>
				</source>
				<source id="meshId3-tex0" name="meshId3-tex0">
					<float_array id="meshId3-tex0-array" count="878"> 
						0.619948 0.953806 0.616295 0.912107 0.568911 0.900116 0.568911 0.953806 0.669869 0.953806 0.666216 0.922599 0.722225 0.953806 0.718572 0.930693 0.781277 0.953806 0.777624 0.933990 0.828763 0.953806 0.825110 0.933990 0.877693 0.953806 0.874040 0.930115 0.906447 0.953806 0.902794 0.926538 0.944887 0.952204 0.930035 0.922067 0.972733 0.947876 0.930035 0.922067 0.972733 0.947876 0.944887 0.952204 0.902794 0.926538 0.906447 0.953806 0.874040 0.930115 0.877693 0.953806 0.825110 0.933990 0.828763 0.953806 0.777624 0.933990 0.781277 0.953806 0.718572 0.930693 0.722225 0.953806 0.666216 0.922599 0.669869 0.953806 0.616295 0.912107 0.619948 0.953806 0.568911 0.953806 0.568911 0.900116 0.619948 0.953806 0.568911 0.953806 0.568911 0.900116 0.616295 0.912106 0.666216 0.922599 0.669869 0.953806 0.718572 0.930693 0.722225 0.953806 0.777624 0.933990 0.781277 0.953806 0.825110 0.933990 0.828763 0.953806 0.874040 0.930115 0.877693 0.953806 0.902794 0.926538 0.906447 0.953806 0.930035 0.922067 0.944887 0.952204 0.972733 0.947876 0.944887 0.952204 0.972733 0.947876 0.930035 0.922067 0.906447 0.953806 0.902794 0.926538 0.877693 0.953806 0.874040 0.930115 
						0.828763 0.953806 0.825110 0.933990 0.781277 0.953806 0.777624 0.933990 0.722225 0.953806 0.718572 0.930693 0.669869 0.953806 0.666216 0.922599 0.619948 0.953806 0.616295 0.912106 0.568911 0.900116 0.568911 0.953806 0.347232 0.743048 0.347232 0.791710 0.230477 0.791710 0.230477 0.743048 0.230477 0.737905 0.230477 0.791710 0.347232 0.791710 0.347232 0.737905 0.347232 0.667623 0.230477 0.667623 0.230477 0.672765 0.347232 0.672765 0.230477 0.599055 0.347232 0.599055 0.347232 0.593912 0.230477 0.593912 0.344866 0.510774 0.232843 0.510774 0.232843 0.515916 0.344866 0.515916 0.236443 0.449063 0.341266 0.449063 0.341266 0.443920 0.236443 0.443920 0.341266 0.375032 0.236443 0.375032 0.236443 0.380175 0.341266 0.380175 0.250741 0.339693 0.326968 0.339693 0.341266 0.334550 0.236443 0.334550 0.320912 0.280432 0.256797 0.280432 0.276980 0.301341 0.300728 0.301341 0.300728 0.241228 0.276980 0.241228 0.300728 0.241228 0.276980 0.241228 0.300728 0.243287 0.276980 0.243287 0.276980 0.303400 0.300728 0.303400 0.320912 0.282491 0.256797 0.282491 0.276980 0.243287 0.300728 0.243287 0.250741 0.341752 0.326968 0.341752 0.341266 0.336609 0.236443 0.336609 
						0.341266 0.377092 0.236443 0.377092 0.236443 0.382234 0.341266 0.382234 0.236443 0.451122 0.341266 0.451122 0.341266 0.445979 0.236443 0.445979 0.344866 0.512833 0.232843 0.512833 0.232843 0.517976 0.344866 0.517976 0.230477 0.601114 0.347232 0.601114 0.347232 0.595971 0.230477 0.595971 0.347232 0.669682 0.230477 0.669682 0.230477 0.674825 0.347232 0.674825 0.230477 0.745107 0.347232 0.745107 0.347232 0.739964 0.230477 0.739964 0.347232 0.791710 0.230477 0.791710 0.230477 0.791710 0.347232 0.791710 0.830848 0.396017 0.845197 0.452276 0.893876 0.452276 0.863083 0.393658 0.863083 0.393658 0.893876 0.452276 0.845197 0.452276 0.830848 0.396017 0.747838 0.452276 0.761138 0.397852 0.699159 0.452276 0.727855 0.396017 0.727855 0.396017 0.699159 0.452276 0.747837 0.452276 0.761138 0.397852 0.740403 0.504051 0.855703 0.504051 0.682755 0.504051 0.740404 0.504051 0.682755 0.504051 0.855703 0.504051 0.913352 0.504051 0.913352 0.504051 0.860157 0.566519 0.919702 0.566519 0.919702 0.566519 0.860157 0.566519 0.741069 0.566519 0.681525 0.566519 0.681525 0.566519 0.741068 0.566519 0.747640 0.679447 0.854610 0.679447 0.694155 0.679447 0.747640 0.679447 
						0.694155 0.679447 0.854610 0.679447 0.908096 0.679447 0.908096 0.679447 0.845098 0.733622 0.889172 0.733622 0.889172 0.733622 0.845098 0.733622 0.756948 0.733622 0.712873 0.733622 0.712873 0.733622 0.756947 0.733622 0.764952 0.763688 0.829029 0.763688 0.729450 0.757679 0.764953 0.763688 0.729450 0.757679 0.829029 0.763688 0.874350 0.758274 0.874350 0.758274 0.829514 0.780589 0.868954 0.774952 0.868954 0.774952 0.829514 0.780589 0.763520 0.780589 0.735355 0.775221 0.735355 0.775221 0.763520 0.780589 0.759628 0.786542 0.836359 0.784931 0.727671 0.779596 0.759628 0.786542 0.727671 0.779596 0.836359 0.784931 0.874457 0.780368 0.874457 0.780368 0.845048 0.791256 0.886901 0.785183 0.886901 0.785183 0.845048 0.791256 0.748792 0.791843 0.717038 0.789260 0.717038 0.789260 0.748791 0.791843 0.751571 0.799839 0.841725 0.800101 0.696927 0.795907 0.751571 0.799839 0.696927 0.795907 0.841725 0.800101 0.905021 0.791975 0.905021 0.791975 0.843826 0.809849 0.903980 0.801853 0.903980 0.801853 0.843826 0.809849 0.751043 0.809325 0.700590 0.804868 0.700590 0.804868 0.751043 0.809325 0.751824 0.830547 0.849074 0.830547 0.695441 0.824465 0.751824 0.830547 
						0.695441 0.824465 0.849074 0.830547 0.909442 0.824360 0.909442 0.824360 0.858212 0.842146 0.931282 0.832709 0.931282 0.832709 0.858212 0.842146 0.742687 0.842146 0.675699 0.835121 0.675699 0.835121 0.742687 0.842146 0.736692 0.848356 0.864206 0.848356 0.662660 0.843533 0.736692 0.848356 0.662660 0.843533 0.864206 0.848356 0.937401 0.840597 0.937401 0.840597 0.853173 0.859443 0.917850 0.854620 0.917850 0.854620 0.853173 0.859443 0.747726 0.859443 0.680952 0.857661 0.680952 0.857661 0.747725 0.859443 0.765967 0.868757 0.833757 0.868589 0.722425 0.867163 0.765967 0.868757 0.722425 0.867163 0.833757 0.868589 0.870253 0.866827 0.870253 0.866827 0.820938 0.872369 0.850654 0.871530 0.850654 0.871530 0.820938 0.872369 0.779961 0.872369 0.750581 0.871027 0.750581 0.871027 0.779961 0.872369 0.779961 0.875178 0.820938 0.875178 0.751420 0.874507 0.779961 0.875178 0.751420 0.874507 0.820938 0.875178 0.847969 0.874172 0.847969 0.874172 0.822247 0.878885 0.842366 0.876956 0.842366 0.876956 0.822247 0.878885 0.782511 0.879053 0.761385 0.877962 0.761385 0.877962 0.782510 0.879053 0.787384 0.892844 0.817876 0.892844 0.772138 0.892844 0.787384 0.892844 
						0.772138 0.892844 0.817876 0.892844 0.833122 0.892844 0.833122 0.892844 0.808950 0.901349 0.816275 0.901349 0.816275 0.901349 0.808950 0.901349 0.794298 0.901349 0.786972 0.901349 0.786972 0.901349 0.794298 0.901349 0.801792 0.905421 0.801792 0.905421 0.834521 0.393893 0.758513 0.393893 0.718674 0.392451 0.718674 0.392451 0.758513 0.393893 0.834521 0.393893 0.873836 0.388781 0.873836 0.388781 0.874143 0.384739 0.835330 0.391162 0.835330 0.391162 0.874143 0.384739 0.757704 0.391162 0.711289 0.387885 0.757704 0.391162 0.711289 0.387885 0.832777 0.386913 0.760258 0.386913 0.719543 0.384161 0.719543 0.384161 0.760258 0.386913 0.832777 0.386913 0.865890 0.381670 0.865890 0.381670 0.865365 0.375414 0.832252 0.377642 0.832252 0.377642 0.865365 0.375414 0.756588 0.378559 0.720591 0.375938 0.756588 0.378559 0.720591 0.375938 0.847597 0.368600 0.745438 0.368600 0.694359 0.368600 0.694359 0.368600 0.745438 0.368600 0.847597 0.368600 0.898675 0.368600 0.898675 0.368600 0.926847 0.359282 0.861683 0.359282 0.861683 0.359282 0.926847 0.359282 0.731352 0.359282 0.666187 0.359282 0.731352 0.359282 0.666187 0.359282 0.796517 0.359282 0.861683 0.359282 
						0.731352 0.359282 0.119960 0.699435 0.198581 0.911137 0.197686 0.699435 0.119960 0.699435 0.197686 0.699435 0.198581 0.911137 0.042000 0.699435 0.042000 0.694831 0.121587 0.589060 0.197686 0.694831 0.042000 0.699435 0.121587 0.589060 0.042000 0.694831 0.197686 0.694831 0.162854 0.687290 0.188707 0.687290 0.175780 0.682637 0.078707 0.687290 0.052855 0.687290 0.065781 0.682637 0.114689 0.019724 0.120613 0.019724 0.114689 0.015703 0.108764 0.019724 0.120613 0.019724 0.114689 0.019724 0.114689 0.015703 0.108764 0.019724 0.145426 0.081234 0.116503 0.081234 0.087579 0.081234 0.116503 0.081234 0.145426 0.081234 0.087579 0.081234 0.059961 0.216066 0.121587 0.216066 0.175688 0.216066 0.121587 0.216066 0.059961 0.216066 0.175688 0.216066 0.187506 0.363174 0.121587 0.363174 0.048956 0.363174 0.121587 0.363174 0.187506 0.363174 0.048956 0.363174 0.042606 0.911137 0.042606 0.911137 0.042606 0.911137 0.198581 0.911137 0.192610 0.910216 0.158951 0.910216 0.048951 0.910216 0.082611 0.910216 
					</float_array>
					<technique_common>
						<accessor count="439" offset="0" source="#meshId3-tex0-array" stride="2">
							<param name="S" type="float" />
							<param name="T" type="float" />
						</accessor>
					</technique_common>
				</source>
				<vertices id="meshId3-vertices">
					<input semantic="POSITION" source="#meshId3-positions" />
				</vertices>
				<polylist count="534" material="defaultMaterial">
					<input offset="0" semantic="VERTEX" source="#meshId3-vertices" />
					<input offset="0" semantic="NORMAL" source="#meshId3-normals" />
					<input offset="0" semantic="TANGENT" source="#meshId3-tangents" />
					<input offset="0" semantic="BINORMAL" source="#meshId3-bitangents" />
					<input offset="0" semantic="TEXCOORD" source="#meshId3-tex0" set="0" />
					<vcount>
						3 3 3 3 3 3 3 3 3 3 3 3 3 3 3 3 3 3 3 3 3 3 3 3 3 3 3 3 3 3 3 3 3 3 3 3 3 3 3 3 3 3 3 3 3 3 3 3 3 3 3 3 3 3 3 3 3 3 3 3 3 3 3 3 
						3 3 3 3 3 3 3 3 3 3 3 3 3 3 3 3 3 3 3 3 3 3 3 3 3 3 3 3 3 3 3 3 3 3 3 3 3 3 3 3 3 3 3 3 3 3 3 3 3 3 3 3 3 3 3 3 3 3 3 3 3 3 3 3 
						3 3 3 3 3 3 3 3 3 3 3 3 3 3 3 3 3 3 3 3 3 3 3 3 3 3 3 3 3 3 3 3 3 3 3 3 3 3 3 3 3 3 3 3 3 3 3 3 3 3 3 3 3 3 3 3 3 3 3 3 3 3 3 3 
						3 3 3 3 3 3 3 3 3 3 3 3 3 3 3 3 3 3 3 3 3 3 3 3 3 3 3 3 3 3 3 3 3 3 3 3 3 3 3 3 3 3 3 3 3 3 3 3 3 3 3 3 3 3 3 3 3 3 3 3 3 3 3 3 
						3 3 3 3 3 3 3 3 3 3 3 3 3 3 3 3 3 3 3 3 3 3 3 3 3 3 3 3 3 3 3 3 3 3 3 3 3 3 3 3 3 3 3 3 3 3 3 3 3 3 3 3 3 3 3 3 3 3 3 3 3 3 3 3 
						3 3 3 3 3 3 3 3 3 3 3 3 3 3 3 3 3 3 3 3 3 3 3 3 3 3 3 3 3 3 3 3 3 3 3 3 3 3 3 3 3 3 3 3 3 3 3 3 3 3 3 3 3 3 3 3 3 3 3 3 3 3 3 3 
						3 3 3 3 3 3 3 3 3 3 3 3 3 3 3 3 3 3 3 3 3 3 3 3 3 3 3 3 3 3 3 3 3 3 3 3 3 3 3 3 3 3 3 3 3 3 3 3 3 3 3 3 3 3 3 3 3 3 3 3 3 3 3 3 
						3 3 3 3 3 3 3 3 3 3 3 3 3 3 3 3 3 3 3 3 3 3 3 3 3 3 3 3 3 3 3 3 3 3 3 3 3 3 3 3 3 3 3 3 3 3 3 3 3 3 3 3 3 3 3 3 3 3 3 3 3 3 3 3 
						3 3 3 3 3 3 3 3 3 3 3 3 3 3 3 3 3 3 3 3 3 3 
					</vcount>
					<p>
						0 1 2 0 2 3 4 5 1 1 0 4 5 4 6 5 6 7 7 6 8 7 8 9 9 8 10 9 10 11 11 10 12 11 12 13 13 12 14 13 14 15 15 14 16 15 16 17 17 16 18 19 20 21 22 19 21 22 21 23 24 22 23 24 23 25 26 24 25 26 25 27 28 26 27 28 27 29 30 28 29 30 29 31 32 30 31 32 31 33 34 32 33 34 33 35 35 36 37 35 37 34 38 39 40 38 40 41 38 41 42 38 42 43 43 42 44 43 44 45 45 44 46 45 46 47 47 46 48 47 48 49 49 48 50 49 50 51 51 50 52 51 52 53 53 52 54 53 54 55 55 54 56 57 58 59 60 57 59 60 59 61 62 60 61 62 61 63 64 62 63 64 63 65 66 64 65 66 65 67 68 66 67 68 67 69 70 68 69 70 69 71 
						72 70 71 72 71 73 72 73 74 72 74 75 76 77 78 76 78 79 80 81 82 80 82 83 83 84 85 83 85 80 79 86 87 79 87 76 86 88 89 86 89 87 84 90 91 84 91 85 90 92 93 90 93 91 88 94 95 88 95 89 94 96 97 94 97 95 92 98 99 92 99 93 98 100 101 98 101 99 96 102 103 96 103 97 102 104 105 102 105 103 100 106 107 100 107 101 106 108 109 106 109 107 104 110 111 104 111 105 108 112 113 108 113 109 114 111 110 114 110 115 116 117 118 116 118 119 120 121 122 120 122 123 124 125 119 124 119 118 126 127 121 126 121 120 128 129 127 128 127 126 130 131 125 130 125 124 132 133 131 132 131 130 134 135 129 134 129 128 136 137 135 136 135 134 138 139 133 138 133 132 140 141 139 140 139 138 142 143 137 142 137 136 
						144 145 143 144 143 142 146 147 141 146 141 140 147 146 148 147 148 149 150 151 145 145 144 150 151 150 152 151 152 153 149 148 154 149 154 155 156 157 158 156 158 159 160 161 162 160 162 163 163 162 164 163 164 165 165 164 166 165 166 167 168 169 170 168 170 171 157 156 171 157 171 170 157 170 172 157 172 173 170 169 174 170 174 172 166 164 175 166 175 176 164 162 177 164 177 175 162 161 178 162 178 177 158 157 173 158 173 179 179 173 180 179 180 181 177 178 182 177 182 183 175 177 183 175 183 184 176 175 184 176 184 185 172 174 186 172 186 187 173 172 187 173 187 180 180 187 188 180 188 189 187 186 190 187 190 188 185 184 191 185 191 192 184 183 193 184 193 191 183 182 194 183 194 193 181 180 189 181 189 195 195 189 196 195 196 197 193 194 198 193 198 199 
						191 193 199 191 199 200 192 191 200 192 200 201 188 190 202 188 202 203 189 188 203 189 203 196 196 203 204 196 204 205 203 202 206 203 206 204 201 200 207 201 207 208 200 199 209 200 209 207 199 198 210 199 210 209 197 196 205 197 205 211 211 205 212 211 212 213 209 210 214 209 214 215 207 209 215 207 215 216 208 207 216 208 216 217 204 206 218 204 218 219 205 204 219 205 219 212 212 219 220 212 220 221 219 218 222 219 222 220 217 216 223 217 223 224 216 215 225 216 225 223 215 214 226 215 226 225 213 212 221 213 221 227 227 221 228 227 228 229 225 226 230 225 230 231 223 225 231 223 231 232 224 223 232 224 232 233 220 222 234 220 234 235 221 220 235 221 235 228 228 235 236 228 236 237 235 234 238 235 238 236 233 232 239 233 239 240 232 231 241 232 241 239 
						231 230 242 231 242 241 229 228 237 229 237 243 243 237 244 243 244 245 241 242 246 241 246 247 239 241 247 239 247 248 240 239 248 240 248 249 236 238 250 236 250 251 237 236 251 237 251 244 244 251 252 244 252 253 251 250 254 251 254 252 249 248 255 249 255 256 248 247 257 248 257 255 247 246 258 247 258 257 245 244 253 245 253 259 259 253 260 259 260 261 257 258 262 257 262 263 255 257 263 255 263 264 256 255 264 256 264 265 252 254 266 252 266 267 253 252 267 253 267 260 260 267 268 260 268 269 267 266 270 267 270 268 265 264 271 265 271 272 264 263 273 264 273 271 263 262 274 263 274 273 261 260 269 261 269 275 275 269 276 275 276 277 273 274 278 273 278 279 271 273 279 271 279 280 272 271 280 272 280 281 268 270 282 268 282 283 269 268 283 269 283 276 
						276 283 284 276 284 285 283 282 286 283 286 284 281 280 287 281 287 288 280 279 289 280 289 287 279 278 290 279 290 289 277 276 285 277 285 291 291 285 292 291 292 293 289 290 294 289 294 295 287 289 295 287 295 296 288 287 296 288 296 297 284 286 298 284 298 299 285 284 299 285 299 292 292 299 300 292 300 301 299 298 302 299 302 300 297 296 303 297 303 304 296 295 305 296 305 303 295 294 306 295 306 305 293 292 301 293 301 307 307 301 308 307 308 309 305 306 310 305 310 311 303 305 311 303 311 312 304 303 312 304 312 313 300 302 314 300 314 315 301 300 315 301 315 308 308 315 316 308 316 317 315 314 318 315 318 316 313 312 319 313 319 320 312 311 321 312 321 319 311 310 322 311 322 321 309 308 317 309 317 323 323 317 324 323 324 325 321 322 326 321 326 327 
						319 321 327 319 327 328 320 319 328 320 328 329 316 318 330 316 330 331 317 316 331 317 331 324 324 331 332 331 330 332 329 328 333 328 327 333 327 326 333 325 324 332 171 156 334 171 334 335 168 171 335 168 335 336 165 167 337 165 337 338 163 165 338 163 338 339 160 163 339 160 339 340 156 159 341 156 341 334 334 341 342 334 342 343 340 339 344 340 344 345 339 338 346 339 346 344 338 337 347 338 347 346 336 335 348 336 348 349 335 334 343 335 343 348 348 343 350 348 350 351 349 348 351 349 351 352 346 347 353 346 353 354 344 346 354 344 354 355 345 344 355 345 355 356 343 342 357 343 357 350 350 357 358 350 358 359 356 355 360 356 360 361 355 354 362 355 362 360 354 353 363 354 363 362 352 351 364 352 364 365 351 350 359 351 359 364 364 359 366 364 366 367 
						365 364 367 365 367 368 362 363 369 362 369 370 360 362 370 360 370 371 361 360 371 361 371 372 359 358 373 359 373 366 366 373 374 366 374 375 372 371 376 372 376 377 371 370 378 371 378 376 370 369 379 370 379 378 368 367 380 368 380 381 367 366 375 367 375 380 382 375 374 382 374 383 382 376 378 382 378 379 382 379 384 380 375 382 385 386 387 388 389 390 388 391 392 389 393 394 395 396 397 385 387 398 399 400 401 402 403 404 405 406 407 408 405 407 409 410 411 410 412 411 413 406 405 413 405 414 414 405 408 414 408 415 416 410 409 416 409 417 418 412 410 418 410 416 419 418 416 419 416 420 420 416 417 420 417 421 422 414 415 422 415 423 424 413 414 424 414 422 425 424 422 425 422 426 426 422 423 426 423 427 428 420 421 428 421 429 430 419 420 430 420 428 
						392 430 428 392 428 393 393 428 429 393 429 394 396 426 427 396 427 397 398 425 426 398 426 396 395 385 398 395 398 396 392 393 389 392 389 388 390 431 391 390 391 388 395 432 386 395 386 385 386 432 433 386 433 434 435 400 399 435 399 436 437 403 402 437 402 438 
					</p>
				</polylist>
			</mesh>
		</geometry>
	</library_geometries>
	<library_visual_scenes>
		<visual_scene id="Silver.obj" name="Silver.obj">
			<node id="Cube.004.00" name="Cube.004.00">
				<matrix>1.000000 0.000000 0.000000 0.000000 0.000000 1.000000 0.000000 0.000000 0.000000 0.000000 1.000000 0.000000 0.000000 0.000000 0.000000 1.000000</matrix>
				<instance_geometry url="#meshId0">
					<bind_material>
						<technique_common>
							<instance_material symbol="defaultMaterial" target="#Material_000001" />
						</technique_common>
					</bind_material>
				</instance_geometry>
			</node>
			<node id="Cube.004" name="Cube.004">
				<matrix>1.000000 0.000000 0.000000 0.000000 0.000000 1.000000 0.000000 0.000000 0.000000 0.000000 1.000000 0.000000 0.000000 0.000000 0.000000 1.000000</matrix>
				<instance_geometry url="#meshId1">
					<bind_material>
						<technique_common>
							<instance_material symbol="defaultMaterial" target="#Material_00030a" />
						</technique_common>
					</bind_material>
				</instance_geometry>
			</node>
			<node id="Cube.004.00.00" name="Cube.004.00.00">
				<matrix>1.000000 0.000000 0.000000 0.000000 0.000000 1.000000 0.000000 0.000000 0.000000 0.000000 1.000000 0.000000 0.000000 0.000000 0.000000 1.000000</matrix>
				<instance_geometry url="#meshId2">
					<bind_material>
						<technique_common>
							<instance_material symbol="defaultMaterial" target="#Material_000479" />
						</technique_common>
					</bind_material>
				</instance_geometry>
			</node>
			<node id="Cube.004.01" name="Cube.004.01">
				<matrix>1.000000 0.000000 0.000000 0.000000 0.000000 1.000000 0.000000 0.000000 0.000000 0.000000 1.000000 0.000000 0.000000 0.000000 0.000000 1.000000</matrix>
				<instance_geometry url="#meshId3">
					<bind_material>
						<technique_common>
							<instance_material symbol="defaultMaterial" target="#Material_0006c0" />
						</technique_common>
					</bind_material>
				</instance_geometry>
			</node>
		</visual_scene>
	</library_visual_scenes>
	<scene>
		<instance_visual_scene url="#Silver.obj" />
	</scene>
</COLLADA>
