<?xml version="1.0"?>
<COLLADA xmlns="http://www.collada.org/2005/11/COLLADASchema" version="1.4.1">
  <asset>
    <contributor>
      <author>Assimp</author>
      <authoring_tool>Assimp Exporter</authoring_tool>
    </contributor>
    <created>2019-07-14T15:38:25</created>
    <modified>2019-07-14T15:38:25</modified>
    <unit name="meter" meter="1" />
    <up_axis>Y_UP</up_axis>
  </asset>
  <library_effects>
    <effect id="Wood-fx" name="Wood">
      <profile_COMMON>
        <technique sid="standard">
          <phong>
            <diffuse>
              <color sid="diffuse">0.8   0.8   0.8   1</color>
            </diffuse>
          </phong>
        </technique>
      </profile_COMMON>
    </effect>
    <effect id="Steel-fx" name="Steel">
      <profile_COMMON>
        <technique sid="standard">
          <phong>
            <diffuse>
              <color sid="diffuse">0.8   0.8   0.8   1</color>
            </diffuse>
          </phong>
        </technique>
      </profile_COMMON>
    </effect>
    <effect id="Leather-fx" name="Leather">
      <profile_COMMON>
        <technique sid="standard">
          <phong>
            <diffuse>
              <color sid="diffuse">0.8   0.8   0.8   1</color>
            </diffuse>
          </phong>
        </technique>
      </profile_COMMON>
    </effect>
  </library_effects>
  <library_materials>
    <material id="Wood" name="Wood">
      <instance_effect url="#Wood-fx"/>
    </material>
    <material id="Steel" name="Steel">
      <instance_effect url="#Steel-fx"/>
    </material>
    <material id="Leather" name="Leather">
      <instance_effect url="#Leather-fx"/>
    </material>
  </library_materials>
  <library_geometries>
    <geometry id="meshId0" name="meshId0_name" >
      <mesh>
        <source id="meshId0-positions" name="meshId0-positions">
          <float_array id="meshId0-positions-array" count="1332"> -0.151299 0.911288 0.155919 -0.151299 0.979491 0.155919 -0.151299 0.979491 0.10238 -0.151299 0.911288 0.10238 0.137644 0.911171 0.103039 0.137644 0.979491 0.103039 0.148283 0.979491 0.10238 0.148283 0.911288 0.10238 0.148283 0.911288 0.10238 0.148283 0.979491 0.10238 0.148283 0.979491 0.155919 0.148283 0.911288 0.155919 -0.136177 0.911123 0.156855 -0.136177 0.979491 0.156855 0.137644 -0.905705 0.103039 0.148283 -0.902497 0.10238 0.148283 -0.902497 0.15592 0.137644 -0.905705 0.156578 -0.136177 0.979491 0.103316 -0.151299 0.979491 0.10238 -0.151299 0.979491 0.155919 -0.136177 0.979491 0.156855 0.137644 0.979491 0.103039 -0.00150819 0.979491 0.111651 -0.00150819 0.979491 0.16519 0.137644 0.979491 0.156578 -0.136177 -0.907057 0.103316 -0.00150819 -0.947663 0.111651 -0.00150819 -0.947663 0.16519 -0.136177 -0.907057 0.156856 0.137644 0.911171 0.156578 0.137644 0.979491 0.156578 -0.00150819 0.979491 0.16519 -0.00150819 0.909651 0.16519 -0.136177 0.911123 0.103316 -0.136177 0.979491 0.103316 -0.00150819 0.979491 0.111651 -0.00150819 0.909651 0.111651 -0.136177 -0.81599 0.103316 -0.00150819 -0.854636 0.111651 0.137644 -0.814704 0.156578 -0.00150819 -0.854636 0.16519 -0.136177 -0.81599 0.156856 -0.151299 -0.811651 0.15592 0.148283 -0.811651 0.10238 0.148283 -0.811651 0.15592 0.137644 -0.814704 0.103039 0.148283 -0.811651 0.10238 -0.151299 -0.811651 0.10238 -0.151299 -0.902497 0.15592 -0.151299 -0.902497 0.10238 0.137644 -0.905705 0.103039 0.148283 -0.902497 0.10238 0.148283 -0.902497 0.10238 0.148283 -0.902497 0.15592 -0.136177 -0.907057 0.156856 0.137644 -0.905705 0.156578 -0.00150819 -0.947663 0.16519 -0.136177 -0.907057 0.103316 -0.00150819 -0.947663 0.111651 0.149903 0.891722 0.103015 0.149903 0.891722 0.155284 0.149903 0.941509 0.155284 0.149903 0.941509 0.103015 0.433424 0.898843 0.102224 0.444241 0.899115 0.1002 0.444241 0.941509 0.1002 0.433424 0.941509 0.102224 0.444241 0.899115 0.0479307 0.444241 0.941509 0.0479307 0.159457 0.891962 0.101227 0.159457 0.941509 0.101227 0.433424 -0.608523 0.102224 0.433424 -0.608523 0.0499554 0.444241 -0.598652 0.0479309 0.444241 -0.598652 0.1002 0.159457 0.941509 0.153496 0.159457 0.941509 0.101227 0.149903 0.941509 0.103015 0.149903 0.941509 0.155284 0.159457 -0.778143 0.101228 0.149903 -0.786471 0.103016 0.444241 -0.529891 0.1002 0.444241 -0.529891 0.0479309 0.433424 -0.539321 0.102224 0.149903 -0.786471 0.155284 0.149903 -0.867223 0.103016 0.149903 -0.867223 0.155284 0.433424 -0.608523 0.102224 0.444241 -0.598652 0.1002 0.444241 -0.598652 0.0479309 0.159457 -0.858505 0.101228 0.445944 0.894138 0.0463967 0.445944 0.894138 0.0986656 0.445944 0.941509 0.0986656 0.445944 0.941509 0.0463967 0.722316 0.916449 0.0116723 0.740282 0.918669 0.00601688 0.740282 0.941509 0.00601687 0.722316 0.941509 0.0116723 0.740282 0.918669 -0.046252 0.740282 0.941509 -0.046252 0.456978 0.894614 0.0429234 0.445944 0.894138 0.0463967 0.445944 0.941509 0.0463967 0.456978 0.941509 0.0429234 0.722316 0.133156 0.0116724 0.722316 0.133156 -0.0405965 0.740282 0.20475 -0.0462519 0.740282 0.20475 0.00601699 0.456978 0.941509 0.0951923 0.456978 0.941509 0.0429234 0.445944 0.941509 0.0463967 0.445944 0.941509 0.0986656 0.722316 0.941509 0.0116723 0.722316 0.941509 -0.0405966 0.593113 0.941509 7.23451e-05 0.593113 0.941509 0.0523412 0.456978 -0.571144 0.0951926 0.456978 -0.571144 0.0429237 0.593113 -0.381686 7.25687e-05 0.593113 -0.381686 0.0523414 0.722316 0.916449 -0.0405966 0.593113 0.900488 7.236e-05 0.593113 0.941509 7.23451e-05 0.722316 0.941509 -0.0405966 0.456978 0.894614 0.0951923 0.593113 0.900488 0.0523412 0.593113 0.941509 0.0523412 0.456978 0.941509 0.0951923 0.456978 -0.49417 0.0951926 0.593113 -0.314353 0.0523414 0.722316 0.17429 -0.0405965 0.593113 -0.314353 7.25538e-05 0.456978 -0.49417 0.0429237 0.445944 -0.508745 0.0463969 0.740282 0.242241 0.00601699 0.740282 0.242241 -0.0462519 0.722316 0.17429 0.0116724 0.445944 -0.508745 0.0463969 0.445944 -0.508745 0.0986658 0.445944 -0.5865 0.0463969 0.445944 -0.5865 0.0986658 0.722316 0.133156 0.0116724 0.740282 0.20475 0.00601699 0.740282 0.20475 -0.0462519 0.456978 -0.571144 0.0429237 0.445944 -0.5865 0.0463969 0.722316 0.133156 -0.0405965 0.593113 -0.381686 7.25687e-05 0.456978 -0.571144 0.0951926 0.593113 -0.381686 0.0523414 -0.153057 0.898555 0.103015 -0.153057 0.941509 0.103015 -0.153057 0.941509 0.155284 -0.153057 0.898555 0.155284 -0.438713 0.904745 0.101825 -0.438713 0.941509 0.101825 -0.447396 0.941509 0.1002 -0.447396 0.904933 0.1002 -0.447396 0.941509 0.0479307 -0.447396 0.904933 0.0479307 -0.162056 0.89875 0.101331 -0.162056 0.941509 0.101331 -0.153057 0.941509 0.103015 -0.153057 0.898555 0.103015 -0.438713 -0.606575 0.101825 -0.447396 -0.598652 0.1002 -0.447396 -0.598652 0.0479309 -0.438713 -0.606575 0.049556 -0.162056 0.941509 0.1536 -0.153057 0.941509 0.155284 -0.153057 0.941509 0.103015 -0.162056 0.941509 0.101331 -0.162056 -0.804832 0.101332 -0.153057 -0.812796 0.103016 -0.447396 -0.552307 0.1002 -0.447396 -0.552307 0.0479309 -0.438713 -0.559992 0.101825 -0.153057 -0.812796 0.103016 -0.153057 -0.812796 0.155284 -0.153057 -0.867223 0.103016 -0.153057 -0.867223 0.155284 -0.438713 -0.606575 0.101825 -0.447396 -0.598652 0.1002 -0.447396 -0.598652 0.0479309 -0.162056 -0.859012 0.101332 -0.153057 -0.867223 0.103016 -0.449098 0.897126 0.0463967 -0.449098 0.941509 0.0463967 -0.449098 0.941509 0.0986656 -0.449098 0.897126 0.0986656 -0.726262 0.918121 0.011423 -0.726262 0.941509 0.011423 -0.743437 0.941509 0.00601687 -0.743437 0.920109 0.00601688 -0.743437 0.941509 -0.046252 -0.743437 0.920109 -0.046252 -0.460833 0.897601 0.0427029 -0.460833 0.941509 0.0427029 -0.449098 0.941509 0.0463967 -0.449098 0.897126 0.0463967 -0.726262 0.136312 0.0114231 -0.743437 0.20475 0.00601699 -0.743437 0.20475 -0.0462519 -0.726262 0.136312 -0.0408457 -0.460833 0.941509 0.0949718 -0.449098 0.941509 0.0986656 -0.449098 0.941509 0.0463967 -0.460833 0.941509 0.0427029 -0.726262 0.941509 0.011423 -0.596268 0.941509 0.0523412 -0.596268 0.941509 7.23451e-05 -0.726262 0.941509 -0.0408459 -0.460833 -0.570168 0.094972 -0.596268 -0.381686 0.0523414 -0.596268 -0.381686 7.25687e-05 -0.460833 -0.570168 0.0427031 -0.726262 0.918121 -0.0408459 -0.726262 0.941509 -0.0408459 -0.596268 0.941509 7.23451e-05 -0.596268 0.903075 7.236e-05 -0.460833 0.897601 0.0949718 -0.460833 0.941509 0.0949718 -0.596268 0.941509 0.0523412 -0.596268 0.903075 0.0523412 -0.460833 -0.419743 0.094972 -0.596268 -0.250016 0.0523414 -0.726262 0.216436 -0.0408457 -0.596268 -0.250016 7.25389e-05 -0.460833 -0.419743 0.0427031 -0.449098 -0.434449 0.0463969 -0.743437 0.278064 0.00601698 -0.743437 0.278064 -0.0462519 -0.726262 0.216436 0.0114231 -0.449098 -0.434449 0.0463969 -0.449098 -0.434449 0.0986658 -0.449098 -0.5865 0.0463969 -0.449098 -0.5865 0.0986658 -0.726262 0.136312 0.0114231 -0.743437 0.20475 0.00601699 -0.743437 0.20475 -0.0462519 -0.460833 -0.570168 0.0427031 -0.449098 -0.5865 0.0463969 -0.726262 0.136312 -0.0408457 -0.596268 -0.381686 7.25687e-05 -0.460833 -0.570168 0.094972 -0.596268 -0.381686 0.0523414 -0.308248 0.328906 -0.0621406 -0.29791 0.366224 -0.0571201 -0.286066 0.362552 -0.0531452 -0.295647 0.324999 -0.0579113 -0.275658 0.359144 -0.0461232 -0.284572 0.321373 -0.05044 -0.267393 0.356233 -0.0365328 -0.275779 0.318276 -0.0402359 -0.261836 0.354018 -0.0250275 -0.269866 0.315919 -0.0279944 -0.259364 0.352649 -0.0123915 -0.267236 0.314462 -0.0145497 -0.260148 0.352219 0.000514284 -0.26807 0.314005 -0.000818133 -0.264132 0.352758 0.0128102 -0.272309 0.314579 0.0122646 -0.271046 0.35423 0.0236583 -0.279666 0.316144 0.023807 -0.280419 0.356533 0.0323194 -0.289638 0.318595 0.0330223 -0.291611 0.359511 0.0382032 -0.301546 0.321764 0.0392826 -0.30386 0.362961 0.0409087 -0.314579 0.325435 0.0421612 -0.316331 0.366648 0.0402516 -0.327849 0.329357 0.0414621 -0.327849 0.329357 0.0414621 -0.316331 0.366648 0.0402516 -0.328175 0.37032 0.0362766 -0.34045 0.333265 0.0372327 -0.338584 0.373728 0.0292547 -0.351525 0.336891 0.0297614 -0.346849 0.376639 0.0196643 -0.360319 0.339988 0.0195573 -0.352406 0.378855 0.008159 -0.366232 0.342345 0.00731581 -0.354877 0.380224 -0.00447707 -0.368861 0.343802 -0.00612885 -0.354094 0.380653 -0.0173828 -0.368027 0.344259 -0.0198604 -0.350109 0.380114 -0.0296787 -0.363788 0.343685 -0.0329432 -0.343195 0.378643 -0.0405269 -0.356431 0.342119 -0.0444855 -0.333823 0.376339 -0.0491879 -0.346459 0.339669 -0.0537008 -0.32263 0.373361 -0.0550717 -0.334551 0.3365 -0.0599611 -0.286066 0.362552 -0.0531452 -0.29791 0.366224 -0.0571201 -0.310381 0.369911 -0.0577773 -0.32263 0.373361 -0.0550717 -0.333823 0.376339 -0.0491879 -0.343195 0.378643 -0.0405269 -0.350109 0.380114 -0.0296787 -0.354094 0.380653 -0.0173828 -0.354877 0.380224 -0.00447707 -0.352406 0.378855 0.008159 -0.346849 0.376639 0.0196643 -0.338584 0.373728 0.0292547 -0.328175 0.37032 0.0362766 -0.316331 0.366648 0.0402516 -0.30386 0.362961 0.0409087 -0.291611 0.359511 0.0382032 -0.280419 0.356533 0.0323194 -0.271046 0.35423 0.0236583 -0.264132 0.352758 0.0128102 -0.260148 0.352219 0.000514284 -0.259364 0.352649 -0.0123915 -0.261836 0.354018 -0.0250275 -0.267393 0.356233 -0.0365328 -0.275658 0.359144 -0.0461232 -0.310381 0.369911 -0.0577773 -0.321518 0.332829 -0.0628398 -0.395112 0.034409 -0.074065 -0.383268 0.0307365 -0.07009 -0.372859 0.0273288 -0.063068 -0.364594 0.024418 -0.0534776 -0.359037 0.0222025 -0.0419724 -0.356566 0.0208333 -0.0293363 -0.357349 0.0204037 -0.0164306 -0.361334 0.020943 -0.00413468 -0.368248 0.0224144 0.00671346 -0.37762 0.0247177 0.0153745 -0.388812 0.0276958 0.0212583 -0.401062 0.0311459 0.0239638 -0.413533 0.0348328 0.0233067 -0.425377 0.0385053 0.0193318 -0.435785 0.041913 0.0123098 -0.44405 0.0448238 0.00271942 -0.449607 0.0470393 -0.00878584 -0.452078 0.0484085 -0.0214219 -0.451295 0.048838 -0.0343276 -0.447311 0.0482988 -0.0466236 -0.440397 0.0468273 -0.0574717 -0.431024 0.0445241 -0.0661328 -0.419832 0.0415459 -0.0720166 -0.407583 0.0380959 -0.0747221 -0.407583 0.0380959 -0.0747221 -0.396864 0.0756224 -0.0759746 -0.383594 0.0716996 -0.0752755 -0.395112 0.034409 -0.074065 -0.419832 0.0415459 -0.0720166 -0.409897 0.0792933 -0.0730959 -0.431024 0.0445241 -0.0661328 -0.421805 0.082462 -0.0668357 -0.440397 0.0468273 -0.0574717 -0.431777 0.0849127 -0.0576203 -0.447311 0.0482988 -0.0466236 -0.439134 0.0864782 -0.046078 -0.451295 0.048838 -0.0343276 -0.443373 0.087052 -0.0329953 -0.452078 0.0484085 -0.0214219 -0.444207 0.086595 -0.0192637 -0.449607 0.0470393 -0.00878584 -0.441577 0.0851382 -0.00581901 -0.44405 0.0448238 0.00271942 -0.435664 0.0827809 0.0064225 -0.435785 0.041913 0.0123098 -0.426871 0.0796838 0.0166266 -0.425377 0.0385053 0.0193318 -0.415796 0.076058 0.0240979 -0.413533 0.0348328 0.0233067 -0.403195 0.0721506 0.0283272 -0.401062 0.0311459 0.0239638 -0.389925 0.0682278 0.0290264 -0.403195 0.0721506 0.0283272 -0.413533 0.0348328 0.0233067 -0.388812 0.0276958 0.0212583 -0.376892 0.0645569 0.0261478 -0.37762 0.0247177 0.0153745 -0.364984 0.0613882 0.0198875 -0.368248 0.0224144 0.00671346 -0.355012 0.0589375 0.0106721 -0.361334 0.020943 -0.00413468 -0.347655 0.057372 -0.000870183 -0.357349 0.0204037 -0.0164306 -0.343416 0.0567982 -0.0139529 -0.356566 0.0208333 -0.0293363 -0.342582 0.0572552 -0.0276845 -0.359037 0.0222025 -0.0419724 -0.345211 0.058712 -0.0411292 -0.364594 0.024418 -0.0534776 -0.351124 0.0610693 -0.0533707 -0.372859 0.0273288 -0.063068 -0.359918 0.0641664 -0.0635748 -0.383268 0.0307365 -0.07009 -0.370993 0.0677921 -0.0710461 -0.438713 -0.559992 0.049556 -0.438713 -0.606575 0.049556 -0.162056 -0.859012 0.1536 -0.162056 -0.804832 0.1536 -0.162056 0.89875 0.1536 -0.438713 0.904745 0.0495557 -0.447396 0.941509 0.1002 -0.438713 0.941509 0.101825 -0.438713 0.941509 0.0495557 -0.447396 0.941509 0.0479307 -0.162056 -0.859012 0.1536 -0.162056 -0.859012 0.101332 -0.438713 0.941509 0.0495557 -0.162056 0.941509 0.1536 -0.153057 -0.867223 0.155284 -0.153057 -0.867223 0.103016 -0.449098 -0.5865 0.0986658 -0.449098 -0.5865 0.0463969 -0.743437 0.941509 0.00601687 -0.743437 0.941509 -0.046252 -0.151299 -0.902497 0.10238 -0.151299 -0.902497 0.15592 0.148283 0.979491 0.10238 0.148283 0.979491 0.155919 0.433424 -0.608523 0.0499554 0.433424 -0.539321 0.0499554 0.159457 -0.858505 0.153496 0.159457 -0.778143 0.153496 0.159457 0.891962 0.153496 0.433424 0.898843 0.0499552 0.433424 0.941509 0.102224 0.433424 0.941509 0.0499552 0.149903 -0.867223 0.155284 0.149903 -0.867223 0.103016 0.159457 -0.858505 0.101228 0.159457 -0.858505 0.153496 0.433424 0.941509 0.0499552 0.159457 0.941509 0.153496 0.444241 0.899115 0.0479307 0.444241 0.941509 0.0479307 0.444241 0.941509 0.1002 0.444241 0.941509 0.0479307 0.444241 -0.529891 0.0479309 0.444241 -0.598652 0.0479309 0.445944 -0.5865 0.0986658 0.445944 -0.5865 0.0463969 0.740282 0.941509 0.00601687 0.740282 0.941509 -0.046252 </float_array>
          <technique_common>
            <accessor count="444" offset="0" source="#meshId0-positions-array" stride="3">
              <param name="X" type="float" />
              <param name="Y" type="float" />
              <param name="Z" type="float" />
            </accessor>
          </technique_common>
        </source>
        <source id="meshId0-normals" name="meshId0-normals">
          <float_array id="meshId0-normals-array" count="1332"> -0.728621 1.11587e-07 0.684917 -0.593205 0.580662 0.55762 -0.560762 0.57416 -0.596562 -0.684917 -1.18707e-07 -0.728621 -0.0617703 -1.6261e-07 -0.99809 -0.0436732 0.707103 -0.705761 0.560762 0.57416 -0.596562 0.684917 -1.18707e-07 -0.728621 0.684917 -1.18707e-07 -0.728621 0.560762 0.57416 -0.596562 0.593205 0.580662 0.55762 0.728621 1.11587e-07 0.684917 -0.0617703 1.6261e-07 0.99809 -0.0436732 0.707103 0.70576 0.161875 -0.683118 -0.712142 0.626106 -0.478911 -0.615333 0.664099 -0.480617 0.572694 0.245615 -0.671046 0.699551 0.0436732 0.707103 -0.705761 -0.560762 0.57416 -0.596562 -0.593205 0.580662 0.55762 -0.0436732 0.707103 0.70576 -0.0436732 0.707103 -0.705761 0 0.72129 -0.692633 0 0.693458 0.720497 0.0436732 0.707103 0.70576 -0.161905 -0.683115 -0.712138 0 -0.774152 -0.633 0 -0.750087 0.661339 -0.245615 -0.671046 0.699551 0.0617703 1.6261e-07 0.99809 0.0436732 0.707103 0.70576 0 0.693458 0.720497 0 1.62921e-07 1 0.0617703 -1.6261e-07 -0.99809 0.0436732 0.707103 -0.705761 0 0.72129 -0.692633 0 -1.62921e-07 -1 0.0617703 -1.6261e-07 -0.99809 0 -1.62921e-07 -1 0.0617703 1.6261e-07 0.99809 0 1.62921e-07 1 -0.0617703 1.6261e-07 0.99809 -0.728621 1.11587e-07 0.684917 0.684917 -1.18707e-07 -0.728621 0.728621 1.11587e-07 0.684917 -0.0617703 -1.6261e-07 -0.99809 0.684917 -1.18707e-07 -0.728621 -0.684917 -1.18707e-07 -0.728621 -0.664099 -0.480617 0.572694 -0.626106 -0.478911 -0.615333 0.161875 -0.683118 -0.712142 0.626106 -0.478911 -0.615333 0.626106 -0.478911 -0.615333 0.664099 -0.480617 0.572694 -0.245615 -0.671046 0.699551 0.245615 -0.671046 0.699551 0 -0.750087 0.661339 -0.161905 -0.683115 -0.712138 0 -0.774152 -0.633 -0.769396 -1.04069e-07 -0.638772 -0.638772 1.2535e-07 0.769396 -0.525604 0.568239 0.633123 -0.622499 0.587707 -0.516812 0.18394 1.60141e-07 0.982937 0.769396 1.04069e-07 0.638772 0.622499 0.587708 0.516811 0.130073 0.707101 0.695046 0.638772 -1.2535e-07 -0.769396 0.525604 0.568239 -0.633123 -0.18394 -1.60141e-07 -0.982937 -0.130073 0.707101 -0.695046 0.572244 -0.492679 0.655594 0.370262 -0.558079 -0.742599 0.645907 -0.323594 -0.691441 0.77191 -0.309643 0.555227 0.130073 0.707101 0.695046 -0.130073 0.707101 -0.695046 -0.622499 0.587707 -0.516812 -0.525604 0.568239 0.633123 -0.18394 -1.60141e-07 -0.982937 -0.769396 -1.04069e-07 -0.638772 0.769396 1.04069e-07 0.638772 0.638772 -1.2535e-07 -0.769396 0.18394 1.60141e-07 0.982937 -0.638772 1.2535e-07 0.769396 -0.355727 -0.782136 -0.511587 -0.31789 -0.747787 0.58289 0.572244 -0.492679 0.655594 0.77191 -0.309643 0.555227 0.645907 -0.323594 -0.691441 0.370262 -0.558079 -0.742599 -0.806313 -9.63659e-08 -0.591489 -0.591489 1.31365e-07 0.806313 -0.488855 0.562986 0.666384 -0.647986 0.595096 -0.475369 0.300243 1.55404e-07 0.953863 0.806313 9.63659e-08 0.591489 0.647986 0.595096 0.475369 0.212294 0.707109 0.674483 0.591489 -1.31365e-07 -0.806313 0.488855 0.562986 -0.666384 -0.300243 -1.55404e-07 -0.953863 -0.806313 -9.63659e-08 -0.591489 -0.647986 0.595096 -0.475369 -0.212294 0.707109 -0.674484 0.790407 -0.151465 0.593561 0.562465 -0.204416 -0.801154 0.613172 -0.103523 -0.783137 0.823421 -0.0818231 0.561501 0.212294 0.707109 0.674483 -0.212294 0.707109 -0.674484 -0.647986 0.595096 -0.475369 -0.488855 0.562986 0.666384 0.212294 0.707109 0.674483 -0.212294 0.707109 -0.674484 -0.212294 0.707109 -0.674484 0.212294 0.707109 0.674483 0.705248 -0.369959 0.604777 0.416221 -0.474482 -0.775646 0.548893 -0.35015 -0.75902 0.779801 -0.292254 0.553622 -0.300243 -1.55404e-07 -0.953863 -0.300243 -1.55404e-07 -0.953863 -0.212294 0.707109 -0.674484 -0.212294 0.707109 -0.674484 0.300243 1.55404e-07 0.953863 0.300243 1.55404e-07 0.953863 0.212294 0.707109 0.674483 0.212294 0.707109 0.674483 0.300243 1.55404e-07 0.953863 0.300243 1.55404e-07 0.953863 -0.300243 -1.55404e-07 -0.953863 -0.300243 -1.55404e-07 -0.953863 -0.300243 -1.55404e-07 -0.953863 -0.806313 -9.63659e-08 -0.591489 0.806313 9.63659e-08 0.591489 0.591489 -1.31365e-07 -0.806313 0.300243 1.55404e-07 0.953863 -0.806313 -9.63659e-08 -0.591489 -0.591489 1.31365e-07 0.806313 -0.275037 -0.823616 -0.495995 -0.237437 -0.7735 0.587641 0.790407 -0.151465 0.593561 0.823421 -0.0818231 0.561501 0.613172 -0.103523 -0.783137 0.416221 -0.474482 -0.775646 -0.275037 -0.823616 -0.495995 0.562465 -0.204416 -0.801154 0.548893 -0.35015 -0.75902 0.705248 -0.369959 0.604777 0.779801 -0.292254 0.553622 0.769396 -1.04069e-07 -0.638772 0.622499 0.587707 -0.516812 0.525604 0.568239 0.633123 0.638772 1.2535e-07 0.769396 -0.18394 1.60141e-07 0.982937 -0.130073 0.707101 0.695046 -0.622499 0.587708 0.516811 -0.769396 1.04069e-07 0.638772 -0.525604 0.568239 -0.633123 -0.638772 -1.2535e-07 -0.769396 0.18394 -1.60141e-07 -0.982937 0.130073 0.707101 -0.695046 0.622499 0.587707 -0.516812 0.769396 -1.04069e-07 -0.638772 -0.572244 -0.492679 0.655594 -0.77191 -0.309643 0.555227 -0.645907 -0.323594 -0.691441 -0.370236 -0.558085 -0.742608 -0.130073 0.707101 0.695046 0.525604 0.568239 0.633123 0.622499 0.587707 -0.516812 0.130073 0.707101 -0.695046 0.18394 -1.60141e-07 -0.982937 0.769396 -1.04069e-07 -0.638772 -0.769396 1.04069e-07 0.638772 -0.638772 -1.2535e-07 -0.769396 -0.18394 1.60141e-07 0.982937 0.769396 -1.04069e-07 -0.638772 0.638772 1.2535e-07 0.769396 0.355701 -0.782145 -0.511592 0.31789 -0.747787 0.58289 -0.572244 -0.492679 0.655594 -0.77191 -0.309643 0.555227 -0.645907 -0.323594 -0.691441 -0.370262 -0.558079 -0.742599 0.355701 -0.782145 -0.511592 0.806313 -9.63659e-08 -0.591489 0.647986 0.595096 -0.475369 0.488855 0.562986 0.666384 0.591489 1.31365e-07 0.806313 -0.300243 1.55404e-07 0.953863 -0.212294 0.707109 0.674483 -0.647986 0.595096 0.475369 -0.806313 9.63659e-08 0.591489 -0.488855 0.562986 -0.666384 -0.591489 -1.31365e-07 -0.806313 0.300243 -1.55404e-07 -0.953863 0.212294 0.707109 -0.674484 0.647986 0.595096 -0.475369 0.806313 -9.63659e-08 -0.591489 -0.790407 -0.151465 0.593561 -0.823421 -0.0818231 0.561501 -0.613172 -0.103523 -0.783137 -0.562465 -0.204416 -0.801154 -0.212294 0.707109 0.674483 0.488855 0.562986 0.666384 0.647986 0.595096 -0.475369 0.212294 0.707109 -0.674484 -0.212294 0.707109 0.674483 -0.212294 0.707109 0.674483 0.212294 0.707109 -0.674484 0.212294 0.707109 -0.674484 -0.705248 -0.369959 0.604777 -0.779801 -0.292254 0.553622 -0.548893 -0.35015 -0.75902 -0.416196 -0.474488 -0.775656 0.300243 -1.55404e-07 -0.953863 0.212294 0.707109 -0.674484 0.212294 0.707109 -0.674484 0.300243 -1.55404e-07 -0.953863 -0.300243 1.55404e-07 0.953863 -0.212294 0.707109 0.674483 -0.212294 0.707109 0.674483 -0.300243 1.55404e-07 0.953863 -0.300243 1.55404e-07 0.953863 -0.300243 1.55404e-07 0.953863 0.300243 -1.55404e-07 -0.953863 0.300243 -1.55404e-07 -0.953863 0.300243 -1.55404e-07 -0.953863 0.806313 -9.63659e-08 -0.591489 -0.806313 9.63659e-08 0.591489 -0.591489 -1.31365e-07 -0.806313 -0.300243 1.55404e-07 0.953863 0.806313 -9.63659e-08 -0.591489 0.591489 1.31365e-07 0.806313 0.275037 -0.823616 -0.495995 0.237437 -0.7735 0.587641 -0.790407 -0.151465 0.593561 -0.823421 -0.0818231 0.561501 -0.613172 -0.103523 -0.783137 -0.416196 -0.474488 -0.775656 0.275037 -0.823616 -0.495995 -0.562465 -0.204416 -0.801154 -0.548893 -0.35015 -0.75902 -0.705248 -0.369959 0.604777 -0.779801 -0.292254 0.553622 0.197091 0.0345167 -0.979777 0.3301 0.675886 -0.658948 0.49666 0.624228 -0.603049 0.432886 -0.038546 -0.900624 0.643422 0.576156 -0.504037 0.640621 -0.10648 -0.760438 0.760476 0.534878 -0.368214 0.806261 -0.164774 -0.568149 0.839588 0.503295 -0.204419 0.918199 -0.209331 -0.33629 0.874916 0.483694 -0.0237133 0.968167 -0.236983 -0.0805712 0.863684 0.477529 0.161292 0.95226 -0.24568 0.181223 0.806565 0.485258 0.337605 0.871438 -0.234752 0.430683 0.707676 0.506342 0.492761 0.731556 -0.205031 0.650221 0.574246 0.53918 0.616057 0.542745 -0.158697 0.824768 0.415737 0.581397 0.699385 0.318404 -0.0990949 0.942761 0.243025 0.630071 0.737529 0.0739165 -0.0302745 0.996805 0.0676312 0.681927 0.728286 -0.174353 0.0430926 0.98374 -0.174353 0.0430926 0.98374 0.0676312 0.681927 0.728286 -0.0989121 0.733555 0.672394 -0.41012 0.116218 0.904596 -0.24568 0.781597 0.573365 -0.61783 0.184275 0.764414 -0.362753 0.822772 0.437556 -0.783457 0.242658 0.572112 -0.441882 0.854283 0.273754 -0.895335 0.287367 0.340287 -0.477235 0.873838 0.0930237 -0.945279 0.315113 0.0845693 -0.465998 0.879991 -0.0919851 -0.929366 0.323838 -0.177224 -0.408864 0.872266 -0.268294 -0.848553 0.312882 -0.426688 -0.309985 0.851246 -0.423426 -0.708688 0.283066 -0.646246 -0.176523 0.818495 -0.546722 -0.519927 0.236616 -0.820786 -0.0180064 0.776352 -0.630042 -0.295607 0.176858 -0.938796 0.49666 0.624228 -0.603049 0.3301 0.675886 -0.658948 0.154702 0.727731 -0.668188 -0.0180064 0.776352 -0.630042 -0.176523 0.818495 -0.546722 -0.309985 0.851246 -0.423426 -0.408864 0.872266 -0.268294 -0.465998 0.879991 -0.0919851 -0.477235 0.873838 0.0930237 -0.441882 0.854283 0.273754 -0.362753 0.822772 0.437556 -0.24568 0.781597 0.573365 -0.0989121 0.733555 0.672394 0.0676312 0.681927 0.728286 0.243025 0.630071 0.737529 0.415737 0.581397 0.699385 0.574246 0.53918 0.616057 0.707676 0.506342 0.492761 0.806565 0.485258 0.337605 0.863684 0.477529 0.161292 0.874916 0.483694 -0.0237133 0.839588 0.503295 -0.204419 0.760476 0.534878 -0.368214 0.643422 0.576156 -0.504037 0.154702 0.727731 -0.668188 -0.0511496 0.107945 -0.99284 -0.0676312 -0.681927 -0.728286 0.0989121 -0.733555 -0.672394 0.24568 -0.781597 -0.573365 0.362753 -0.822772 -0.437556 0.441882 -0.854283 -0.273754 0.477234 -0.873836 -0.0930539 0.465998 -0.879991 0.0919851 0.408864 -0.872266 0.268294 0.309985 -0.851246 0.423426 0.176523 -0.818495 0.546722 0.0180064 -0.776352 0.630042 -0.154702 -0.727731 0.668188 -0.3301 -0.675886 0.658948 -0.49666 -0.624228 0.603049 -0.643422 -0.576156 0.504037 -0.760476 -0.534878 0.368214 -0.839588 -0.503295 0.204419 -0.874916 -0.483694 0.0237133 -0.863684 -0.477529 -0.161292 -0.806565 -0.485258 -0.337605 -0.707676 -0.506342 -0.492761 -0.574246 -0.53918 -0.616057 -0.415737 -0.581397 -0.699385 -0.243025 -0.630071 -0.737529 -0.243025 -0.630071 -0.737529 -0.0739165 0.0302745 -0.996805 0.174353 -0.0430926 -0.98374 -0.0676312 -0.681927 -0.728286 -0.415737 -0.581397 -0.699385 -0.318404 0.0990949 -0.942761 -0.574246 -0.53918 -0.616057 -0.542745 0.158697 -0.824768 -0.707676 -0.506342 -0.492761 -0.731556 0.205031 -0.650221 -0.806565 -0.485258 -0.337605 -0.871438 0.234752 -0.430683 -0.863684 -0.477529 -0.161292 -0.952268 0.245651 -0.181224 -0.874916 -0.483694 0.0237133 -0.968167 0.236983 0.0805712 -0.839588 -0.503295 0.204419 -0.918199 0.209331 0.33629 -0.760476 -0.534878 0.368214 -0.806261 0.164774 0.568149 -0.643422 -0.576156 0.504037 -0.640621 0.10648 0.760438 -0.49666 -0.624228 0.603049 -0.432886 0.038546 0.900624 -0.3301 -0.675886 0.658948 -0.197091 -0.0345167 0.979777 -0.154702 -0.727731 0.668188 0.0511496 -0.107945 0.99284 -0.197091 -0.0345167 0.979777 -0.3301 -0.675886 0.658948 0.0180064 -0.776352 0.630042 0.295607 -0.176858 0.938796 0.176523 -0.818495 0.546722 0.519927 -0.236616 0.820786 0.309985 -0.851246 0.423426 0.708688 -0.283066 0.646246 0.408864 -0.872266 0.268294 0.848553 -0.312882 0.426688 0.465998 -0.879991 0.0919851 0.929366 -0.323838 0.177224 0.477234 -0.873836 -0.0930539 0.945279 -0.315113 -0.0845693 0.441882 -0.854283 -0.273754 0.895335 -0.287367 -0.340287 0.362753 -0.822772 -0.437556 0.783457 -0.242658 -0.572112 0.24568 -0.781597 -0.573365 0.61783 -0.184275 -0.764414 0.0989121 -0.733555 -0.672394 0.410146 -0.116217 -0.904585 0.18394 -1.60141e-07 -0.982937 -0.370236 -0.558085 -0.742608 -0.572244 -0.492679 0.655594 -0.18394 1.60141e-07 0.982937 -0.18394 1.60141e-07 0.982937 0.18394 -1.60141e-07 -0.982937 -0.622499 0.587708 0.516811 -0.130073 0.707101 0.695046 0.130073 0.707101 -0.695046 -0.525604 0.568239 -0.633123 -0.572244 -0.492679 0.655594 -0.370262 -0.558079 -0.742599 0.130073 0.707101 -0.695046 -0.130073 0.707101 0.695046 0.31789 -0.747787 0.58289 0.355701 -0.782145 -0.511592 0.237437 -0.7735 0.587641 0.275037 -0.823616 -0.495995 -0.647986 0.595096 0.475369 -0.488855 0.562986 -0.666384 -0.626106 -0.478911 -0.615333 -0.664099 -0.480617 0.572694 0.560762 0.57416 -0.596562 0.593205 0.580662 0.55762 0.370262 -0.558079 -0.742599 -0.18394 -1.60141e-07 -0.982937 0.572244 -0.492679 0.655594 0.18394 1.60141e-07 0.982937 0.18394 1.60141e-07 0.982937 -0.18394 -1.60141e-07 -0.982937 0.130073 0.707101 0.695046 -0.130073 0.707101 -0.695046 -0.31789 -0.747787 0.58289 -0.355727 -0.782136 -0.511587 0.370262 -0.558079 -0.742599 0.572244 -0.492679 0.655594 -0.130073 0.707101 -0.695046 0.130073 0.707101 0.695046 0.638772 -1.2535e-07 -0.769396 0.525604 0.568239 -0.633123 0.622499 0.587708 0.516811 0.525604 0.568239 -0.633123 0.638772 -1.2535e-07 -0.769396 0.645907 -0.323594 -0.691441 -0.237437 -0.7735 0.587641 -0.275037 -0.823616 -0.495995 0.647986 0.595096 0.475369 0.488855 0.562986 -0.666384 </float_array>
          <technique_common>
            <accessor count="444" offset="0" source="#meshId0-normals-array" stride="3">
              <param name="X" type="float" />
              <param name="Y" type="float" />
              <param name="Z" type="float" />
            </accessor>
          </technique_common>
        </source>
        <source id="meshId0-tangents" name="meshId0-tangents">
          <float_array id="meshId0-tangents-array" count="1332"> -6.0369e-07 -1 -4.79291e-07 -0.423084 -0.814145 0.397704 -0.393245 -0.818743 -0.418352 -5.66266e-08 -1 2.16151e-07 4.7045e-08 -1 1.60009e-07 -0.0436728 -0.707111 -0.705753 0.393246 -0.818743 -0.418351 -1.30983e-08 -1 1.50608e-07 2.58976e-06 -1 2.59734e-06 0.393248 -0.818743 -0.418349 0.423084 -0.814145 0.397704 -1.04084e-06 -1 1.27018e-06 -2.29426e-06 -1 2.09325e-08 -0.0436768 -0.70711 0.705753 -0.96512 -0.260072 0.0300937 -0.753599 -0.574276 -0.319836 -0.722958 -0.608028 0.328075 -0.948061 -0.316764 0.029011 0.999046 -0.0309108 0.0308524 0.827977 0.38886 -0.404033 0.805051 0.427863 0.410884 0.999046 0.0309105 0.0308527 0.999046 0.0309118 -0.0308514 1 -2.07808e-07 -2.16406e-07 1 1.40056e-07 -1.348e-07 0.999046 -0.0309143 -0.0308489 -0.965115 0.260094 -0.0300742 -1 -7.43724e-07 9.24403e-07 -1 4.93958e-07 5.60113e-07 -0.948061 0.316764 -0.0290109 -3.23136e-07 -1 1.82919e-07 0.0436728 -0.70711 0.705753 -7.26873e-07 -0.720497 0.693458 -2.20727e-07 -1 1.62921e-07 1.11314e-06 -1 2.31811e-07 0.0436782 -0.707111 -0.705753 0 -0.692633 -0.72129 3.22014e-07 -1 1.62921e-07 -6.69407e-07 -1 1.21492e-07 -4.09002e-06 -1 1.62921e-07 -3.4273e-06 -1 3.75031e-07 8.07364e-07 -1 1.62921e-07 4.00097e-06 -1 4.10534e-07 7.26719e-07 -1 9.36011e-07 4.43065e-07 -1 5.7941e-07 -1.00897e-06 -1 1.23627e-06 -1.56527e-06 -1 2.59793e-07 5.70404e-08 -1 2.1654e-07 3.47338e-08 -1 1.3027e-07 0.363976 -0.87693 -0.31387 0.341566 -0.877863 0.335691 -0.151424 -0.730308 0.666124 -0.341571 -0.877863 0.335687 -0.341567 -0.877863 0.33569 -0.363972 -0.87693 -0.313875 0.222313 -0.741416 -0.63315 -0.222308 -0.741416 -0.633152 -1.39315e-06 -0.661339 -0.750087 0.151442 -0.730311 0.666116 -9.24018e-06 -0.633 0.774152 -3.74429e-07 -1 6.13917e-07 -1.39566e-06 -1 -9.95796e-07 -0.362969 -0.822863 0.437206 -0.452179 -0.809074 -0.375412 -9.19942e-06 -1 1.88444e-06 -4.027e-06 -1 5.01341e-06 0.452174 -0.809073 0.375418 0.130047 -0.707112 0.69504 2.00718e-06 -1 1.82933e-06 0.362963 -0.822863 -0.437211 -6.59e-07 -1 2.86241e-07 -0.130071 -0.707113 -0.695035 -0.370264 0.558086 0.742593 0.572251 -0.492682 0.655587 0.684703 -0.154997 0.71215 -0.451792 0.347253 0.821766 -0.130056 0.707112 -0.695038 -0.130061 -0.707112 -0.695037 0.260098 -0.467466 -0.844881 -0.540984 0.351109 -0.764238 -2.93999e-06 -1 7.13091e-07 1.04913e-07 -1 3.6554e-08 1.36355e-06 -1 -1.47947e-06 -2.22192e-06 -1 -1.68178e-06 2.19516e-06 -1 -2.47866e-07 -2.18397e-06 -1 -1.65027e-06 0.446513 -0.623108 0.642155 0.358034 -0.663939 -0.656503 -0.323983 -0.870211 -0.371171 -0.251369 -0.950853 -0.180809 -0.2209 -0.946196 0.236467 -0.249028 -0.829788 0.499437 -9.49384e-08 1 -3.35015e-08 6.51395e-08 1 -1.15136e-07 0.333006 0.826467 -0.453938 0.479825 0.803655 0.352004 2.30859e-06 1 -8.89584e-07 5.71903e-07 1 -9.42533e-07 -0.479825 0.803655 -0.352004 -0.212289 0.707104 -0.67449 -6.3892e-10 1 -1.63389e-07 -0.333006 0.826467 0.453938 -1.35868e-06 1 2.64745e-07 -5.87275e-07 1 6.37647e-07 0.479825 0.803655 0.352004 0.212293 0.707105 0.674489 -0.552601 0.24186 0.797581 0.802044 -0.100539 0.588742 0.789237 0.0381818 0.612901 -0.541228 0.183983 0.820502 -0.212314 0.707105 -0.674482 -0.212315 -0.707105 -0.674482 0.157088 -0.50629 -0.847935 -0.618123 0.315494 -0.719991 -0.212329 0.707104 -0.674477 -0.212332 -0.707105 -0.674476 -0.212323 -0.707105 -0.674479 -0.212325 0.707105 -0.674478 -0.468069 0.397727 0.789129 0.631565 -0.462825 0.622028 0.718658 -0.266068 0.642447 -0.469717 0.311476 0.826044 -4.66621e-07 1 -1.60444e-08 -4.44879e-07 1 -2.28882e-08 0.212295 0.707105 0.674488 0.212296 0.707105 0.674488 1.74625e-08 1 -1.68417e-07 -3.45446e-06 1 9.24423e-07 -0.212306 0.707105 -0.674485 -0.212296 0.707105 -0.674488 -1.69691e-08 1 -1.57579e-07 -2.54114e-06 1 6.36944e-07 -1.17387e-07 1 -1.25971e-07 -8.93531e-07 1 1.18332e-07 -3.30186e-06 1 8.76392e-07 -3.25519e-06 1 4.27453e-06 -1.48563e-07 1 3.95987e-08 4.6094e-08 1 -1.29107e-07 -8.4771e-08 1 -1.36238e-07 2.26585e-09 1 -1.6601e-07 3.17414e-07 1 6.99252e-08 -0.399405 0.567147 -0.720291 -0.289775 0.633796 0.71717 0.121116 0.988463 0.0909529 0.0676016 0.996647 0.0460983 0.0638204 0.994627 -0.0815107 0.224348 0.880265 -0.418093 -0.399422 0.567147 -0.720282 0.117457 0.978884 -0.167302 0.205185 0.936694 -0.283733 0.280839 0.929048 0.24083 0.238302 0.956341 0.169188 5.14394e-07 1 4.56663e-07 -0.452181 0.809074 0.37541 -0.362963 0.822863 -0.437212 -4.66057e-07 1 2.24012e-07 -3.43587e-06 1 -8.05887e-07 0.130065 0.707112 -0.695036 0.452181 0.809073 -0.37541 -8.14243e-07 1 -1.14367e-06 0.362961 0.822863 0.437213 6.47925e-08 1 -2.16713e-07 -1.79871e-07 1 -1.96581e-07 -0.130071 0.707113 0.695035 -0.452181 0.809074 0.37541 -3.96994e-08 1 -2.10738e-07 0.37026 0.55809 0.742592 0.45179 0.347257 0.821766 -0.684703 -0.154995 0.71215 -0.572242 -0.492705 0.655576 -0.130089 -0.707112 0.695032 -0.540997 -0.351094 0.764235 0.260087 0.467476 0.844879 -0.13009 0.707113 0.695031 -1.79046e-06 1 -4.97976e-07 9.80531e-09 1 -1.5111e-07 1.74992e-06 1 1.94485e-06 5.03662e-08 1 -2.04736e-07 7.27593e-06 1 1.19865e-06 2.17481e-06 1 2.45662e-06 -2.59559e-06 1 1.99201e-06 0.446494 0.623097 -0.642178 0.35803 0.663939 0.656505 -0.323971 0.870211 0.371181 -0.251363 0.950853 0.180819 -0.220899 0.946196 -0.236468 -0.249026 0.829788 -0.499438 0.44649 0.623097 -0.642182 1.22682e-06 -1 1.83532e-06 0.479828 -0.803655 -0.351999 0.333003 -0.826467 0.453941 -1.2275e-06 -1 1.06339e-06 -4.0764e-06 -1 -1.12019e-06 -0.212305 -0.707104 0.674485 -0.479825 -0.803655 0.352005 -1.02637e-06 -1 -1.23622e-06 -0.333003 -0.826467 -0.45394 3.99793e-07 -1 -1.30357e-07 3.91589e-06 -1 1.39551e-06 0.212304 -0.707105 -0.674485 0.479828 -0.803655 -0.351999 1.93375e-06 -1 2.799e-06 0.5526 0.241863 0.797581 0.541227 0.183986 0.820501 -0.789237 0.038185 0.612901 -0.802045 -0.100534 0.588742 -0.212322 -0.707105 0.674479 -0.618126 -0.31549 0.71999 0.157082 0.506295 0.847933 -0.212322 0.707105 0.674479 -0.212325 -0.707105 0.674479 -0.212323 -0.707105 0.674479 -0.212323 0.707105 0.674479 -0.212325 0.707105 0.674478 0.468075 0.397718 0.78913 0.469722 0.311465 0.826045 -0.718651 -0.266082 0.642449 -0.631547 -0.462864 0.622017 5.45843e-06 -1 1.88105e-06 0.212313 -0.707105 -0.674482 0.212305 -0.707105 -0.674485 4.22607e-06 -1 1.49314e-06 -2.90771e-06 -1 -7.52325e-07 -0.212303 -0.707104 0.674486 -0.212296 -0.707104 0.674488 -7.11423e-07 -1 -6.10107e-08 8.97306e-07 -1 4.45362e-07 6.42386e-08 -1 1.83141e-07 6.8975e-07 -1 3.8003e-07 7.24057e-07 -1 3.90829e-07 1.87198e-06 -1 7.52156e-07 8.72937e-07 -1 1.3529e-06 -2.59094e-07 -1 -1.90274e-07 5.43793e-07 -1 -2.35991e-07 -6.40585e-07 -1 -3.87135e-08 -6.41801e-07 -1 -7.11976e-07 8.58326e-07 -1 -4.66724e-07 -0.399406 -0.567147 0.720291 -0.289775 -0.633796 -0.71717 0.121116 -0.988463 -0.0909532 0.0676015 -0.996647 -0.0460984 0.0638203 -0.994627 0.0815107 0.224344 -0.880262 0.418102 -0.399409 -0.567147 0.720289 0.117457 -0.978884 0.167302 0.205185 -0.936694 0.283733 0.28084 -0.929048 -0.240829 0.238304 -0.956341 -0.169184 0.274207 0.957554 0.0888928 0.057103 0.682501 0.72865 -0.107869 0.733807 0.67074 0.265124 0.960342 0.0863302 -0.253029 0.78149 0.570306 0.256831 0.963012 0.0815184 -0.368417 0.822328 0.433643 0.249873 0.9654 0.0746102 -0.44594 0.853458 0.269718 0.244728 0.967339 0.0660582 -0.48002 0.872665 0.0896473 0.241803 0.968685 0.0563964 -0.468264 0.878599 -0.0937705 0.241278 0.969351 0.0462991 -0.412222 0.871035 -0.267154 0.24303 0.969328 0.0366062 -0.317406 0.850928 -0.418539 0.246523 0.968729 0.0281043 -0.192054 0.82022 -0.538846 0.250973 0.967765 0.0210571 -0.0461982 0.781498 -0.622195 0.255679 0.966641 0.015253 0.109298 0.737695 -0.666228 0.260064 0.965539 0.0100402 0.263621 0.691802 -0.672246 0.2629 0.964813 0.0043317 0.314841 0.949038 0.0142284 0.398666 0.65068 -0.646282 0.541465 0.606594 -0.582117 0.314522 0.949025 0.0206701 0.671874 0.563665 -0.480485 0.315541 0.948546 0.0263697 0.77693 0.526297 -0.345529 0.317282 0.947774 0.0324977 0.847747 0.497463 -0.183999 0.318988 0.94693 0.0396271 0.877385 0.479755 -0.00546918 0.319744 0.946288 0.0479971 0.861819 0.474976 0.177951 0.318735 0.946107 0.0573466 0.800939 0.483892 0.352625 0.315387 0.946601 0.0669137 0.699035 0.50593 0.505356 0.309704 0.947828 0.0755352 0.563466 0.539459 0.625692 0.302146 0.949695 0.0823835 0.403877 0.582094 0.705727 0.293273 0.952061 0.0870111 0.0574968 0.669612 0.740483 -0.105536 0.720127 0.685769 -0.271151 0.681634 0.679597 -0.382577 0.576839 0.721728 -0.424349 0.437891 0.792578 -0.406318 0.284029 0.868466 -0.346346 0.12368 0.929918 -0.264858 -0.0395435 0.963476 -0.18409 -0.202919 0.961735 -0.128527 -0.362305 0.923155 -0.124258 -0.508052 0.852316 -0.192777 -0.619074 0.761305 -0.332093 -0.661303 0.672602 -0.495331 -0.610694 0.617819 -0.613995 -0.488706 0.61982 -0.652588 -0.344924 0.674653 -0.614938 -0.21269 0.759351 -0.519019 -0.100655 0.848816 -0.383849 -0.00441005 0.923385 -0.228268 0.0852757 0.969856 -0.0722757 0.178838 0.98122 0.0614261 0.285933 0.956279 0.145297 0.4125 0.899295 0.149935 0.550829 0.82104 0.231304 0.630854 0.740622 0.283736 0.954746 0.0891857 0.495291 0.610713 -0.617832 0.332149 0.661293 -0.672583 0.192865 0.619081 -0.761276 0.124251 0.508051 -0.852318 0.128546 0.362313 -0.92315 0.184094 0.202954 -0.961727 0.26486 0.0395443 -0.963476 0.346366 -0.123669 -0.929912 0.406317 -0.28403 -0.868466 0.424346 -0.437893 -0.792579 0.382577 -0.576839 -0.721728 0.2712 -0.68163 -0.679582 0.105519 -0.720124 -0.685775 -0.0577329 -0.669502 -0.740563 -0.149932 -0.550831 -0.821039 -0.145379 -0.412405 -0.899326 -0.0613801 -0.286003 -0.956261 0.0722646 -0.178819 -0.981225 0.228276 -0.085291 -0.969853 0.383859 0.00439012 -0.923381 0.519014 0.100665 -0.848818 0.614924 0.212711 -0.759357 0.652737 0.34475 -0.674597 0.614014 0.488691 -0.619813 0.145798 0.72796 -0.669938 0.279872 0.960001 0.00840324 0.289266 0.957203 0.00933799 0.320452 0.676434 -0.663134 -0.0259495 0.776261 -0.629878 0.270406 0.962696 0.00986442 -0.183235 0.818055 -0.545171 0.261388 0.965137 0.0136975 -0.315229 0.850441 -0.421166 0.253482 0.967138 0.0197733 -0.412703 0.871121 -0.266128 0.247232 0.968561 0.0276859 -0.468767 0.878611 -0.091107 0.24303 0.969317 0.0368845 -0.479946 0.872588 0.090787 0.241152 0.96937 0.046553 -0.446998 0.853916 0.266497 0.241296 0.968849 0.0557473 -0.374303 0.824422 0.424529 0.242874 0.967948 0.0639392 -0.26906 0.786629 0.555716 0.245102 0.966887 0.0710947 -0.140454 0.743446 0.653881 0.247296 0.965834 0.077526 0.000938372 0.697843 0.716251 0.247853 0.965161 0.0838596 0.292404 0.612303 0.734564 0.301853 0.949316 0.0876619 0.299793 0.949387 0.093752 0.13607 0.656716 0.741761 0.450817 0.568758 0.687952 0.304885 0.948788 0.082738 0.597847 0.530406 0.601039 0.308748 0.947965 0.077703 0.722739 0.500342 0.476767 0.312922 0.947071 0.0716748 0.815508 0.481174 0.321588 0.316681 0.946359 0.064164 0.868024 0.474833 0.145151 0.319161 0.946098 0.0550988 0.875162 0.482193 -0.0397626 0.319544 0.946505 0.0449553 0.836132 0.502774 -0.219319 0.317401 0.947651 0.0348436 0.75394 0.53509 -0.381123 0.312849 0.949455 0.0257131 0.634704 0.576773 -0.51428 0.306306 0.95176 0.018131 0.486874 0.624981 -0.610207 0.298231 0.954411 0.0126022 -2.2164e-07 1 -2.04397e-07 -0.249009 0.829784 -0.499453 -0.323989 0.870211 0.371166 -3.01241e-06 1 -7.26643e-07 -6.04367e-07 1 -2.76018e-07 -1.9236e-06 1 -5.22891e-07 0.260099 -0.467465 0.844882 -0.130065 -0.707112 0.695036 -0.130067 0.707113 0.695036 -0.540988 0.351104 0.764237 0.370261 0.558089 0.742592 -0.572253 -0.49268 0.655586 -0.13008 0.707113 0.695033 0.130071 0.707112 -0.695035 -0.287203 0.509949 0.810843 0.149103 -0.49289 0.857221 -0.21027 0.549673 0.808484 0.119827 -0.482503 0.867659 0.157079 -0.506297 0.847932 -0.618128 0.315487 0.71999 -0.753598 0.574279 0.319833 -0.722957 0.60803 -0.328073 0.827977 -0.38886 0.404033 0.805051 -0.427871 -0.410876 -0.249018 -0.829788 0.499442 1.68636e-06 -1 -1.52654e-07 -0.323987 -0.870211 -0.371168 -3.945e-06 -1 9.01161e-07 -4.8785e-06 -1 1.07585e-06 -3.54165e-06 -1 8.25682e-07 -0.130082 0.707112 -0.695033 -0.130082 -0.707113 -0.695033 0.287204 0.509949 0.810843 -0.149121 -0.492879 0.857224 0.572257 -0.492676 0.655585 -0.370259 0.558091 0.742592 -0.13008 -0.707113 -0.695033 0.130055 -0.707112 0.695038 -1.74099e-06 -1 -1.28249e-06 0.362959 -0.822863 -0.437215 0.260091 0.467473 -0.84488 -0.540994 -0.351097 -0.764236 3.31473e-07 -1 4.38118e-07 -0.220895 -0.946196 0.236471 0.210273 0.549672 0.808484 -0.119823 -0.482504 0.867659 0.157084 0.506293 -0.847934 -0.618129 -0.315486 -0.719989 </float_array>
          <technique_common>
            <accessor count="444" offset="0" source="#meshId0-tangents-array" stride="3">
              <param name="X" type="float" />
              <param name="Y" type="float" />
              <param name="Z" type="float" />
            </accessor>
          </technique_common>
        </source>
        <source id="meshId0-bitangents" name="meshId0-bitangents">
          <float_array id="meshId0-bitangents-array" count="1332"> 0.684917 -7.62699e-07 0.728621 0.684914 1.3411e-07 0.728624 -0.728632 -1.2666e-06 0.684906 -0.728621 1.89305e-07 0.684917 -0.99809 -3.70714e-08 0.0617703 -0.998091 5.58794e-09 0.0617629 -0.728631 -7.45058e-08 -0.684906 -0.728621 -9.36104e-08 -0.684917 -0.728621 -3.66592e-06 -0.684917 -0.72863 -2.5779e-06 -0.684908 0.684914 -1.49012e-07 -0.728624 0.684917 -1.63837e-06 -0.728621 0.99809 -2.28859e-06 0.0617703 0.998091 -2.84426e-06 0.0617658 -0.205766 0.682431 -0.70139 -0.200198 0.663966 -0.720465 0.190536 -0.631909 -0.751258 0.202125 -0.670342 -0.713994 2.32831e-07 -0.706435 -0.707778 -6.85453e-07 -0.720505 -0.693449 -5.06639e-07 0.692651 -0.721273 5.92321e-07 0.706434 -0.707779 1.19954e-06 -0.706434 -0.707778 -3.00027e-07 -0.692633 -0.72129 -1.94389e-07 0.720497 -0.693458 4.69759e-06 0.706434 -0.707779 0.205767 0.682426 -0.701395 -1.18641e-06 0.633 -0.774152 -7.46807e-07 -0.661339 -0.750087 -0.202125 -0.670342 -0.713994 0.99809 -3.33818e-07 -0.0617703 0.998091 -1.11759e-08 -0.0617629 1 -5.2371e-07 5.04056e-07 1 -2.20727e-07 3.5961e-14 -0.99809 -1.12533e-06 -0.0617703 -0.998091 -3.87616e-06 -0.0617668 -1 0 -0 -1 -3.22014e-07 5.24627e-14 -0.99809 6.60624e-07 -0.0617703 -1 4.09002e-06 -6.66349e-13 0.99809 -3.44392e-06 -0.0617703 1 8.07364e-07 -1.31536e-13 0.99809 4.01868e-06 0.0617703 0.684917 1.17974e-06 0.728621 -0.728621 -7.19674e-07 -0.684917 0.684917 -1.59184e-06 -0.728621 -0.99809 1.57833e-06 0.0617703 -0.728621 -1.89873e-07 -0.684917 -0.728621 6.39165e-08 0.684917 0.653064 6.30319e-06 0.757302 -0.700945 1.77324e-06 0.713216 -0.975124 6.55651e-06 -0.22166 -0.700942 4.21703e-06 -0.713218 -0.700944 -8.9407e-08 -0.713216 0.653067 -1.19209e-07 -0.7573 0.943531 8.32975e-06 0.331285 0.943532 -4.50015e-06 -0.331282 1 -9.21343e-07 -1.04498e-06 -0.975116 4.47035e-08 0.221693 -1 5.84903e-06 -7.1533e-06 0.638772 -7.1152e-07 -0.769396 -0.769396 1.70991e-06 -0.638772 -0.769411 7.24196e-06 -0.638754 0.638771 1.87755e-06 -0.769397 -0.982937 9.38908e-06 0.18394 -0.638772 6.42963e-06 0.769396 -0.638774 8.46386e-06 0.769394 -0.982939 1.75536e-05 0.183933 0.769396 2.71284e-06 0.638772 0.769415 1.63913e-07 0.63875 0.982937 -7.00407e-07 -0.18394 0.982936 -2.98023e-08 -0.18395 0.731738 0.667688 -0.13694 0.731734 0.667692 -0.13694 0.337619 0.933414 -0.121452 0.447258 0.885176 -0.128154 0.982938 -1.07884e-05 -0.183939 0.982937 7.24196e-06 -0.183943 0.738135 0.66036 -0.138136 0.656565 0.744195 -0.122864 0.982937 -3.021e-06 -0.18394 0.638772 3.8891e-08 -0.769396 -0.638772 -2.0093e-06 0.769396 0.769396 -2.78381e-06 0.638772 -0.982937 -2.2033e-06 0.18394 -0.769396 2.73448e-06 -0.638772 0.821026 -2.01166e-06 -0.57089 -0.877928 1.2815e-06 -0.478793 -0.753373 4.61936e-07 0.657593 -0.583925 -1.35601e-06 0.811807 0.730758 -3.59118e-06 0.682636 0.894925 -5.24521e-06 0.446216 -0.591489 -2.91424e-08 0.806313 0.806313 1.5579e-08 0.591489 0.806305 1.04308e-07 0.5915 -0.591509 1.3411e-07 0.806299 0.953863 -2.46916e-06 -0.300243 0.591489 -1.09825e-06 -0.806313 0.591509 -2.38419e-07 -0.806299 0.953868 -5.1409e-06 -0.300226 -0.806313 -9.71582e-08 -0.591489 -0.806305 2.98023e-08 -0.5915 -0.953863 -1.37548e-06 0.300243 -0.591489 -8.6151e-07 0.806313 -0.591509 1.19209e-07 0.806299 -0.953867 -2.07126e-06 0.300229 0.264364 0.958417 -0.107468 0.200896 0.973707 -0.107401 0.0335478 0.993894 -0.105116 0.170443 0.979518 -0.10721 0.953863 1.3262e-05 -0.300243 0.953862 -1.40667e-05 -0.300244 0.745277 0.624125 -0.234586 0.615585 0.763879 -0.193764 0.953859 2.42442e-05 -0.300254 0.953859 -2.67029e-05 -0.300256 0.953861 -2.05338e-05 -0.30025 0.95386 2.1711e-05 -0.300251 0.532482 0.839609 -0.10733 0.654129 0.748772 -0.107029 0.426904 0.898111 -0.105595 0.413855 0.904196 -0.105613 -0.953863 -4.40275e-07 0.300243 -0.953863 -4.17481e-07 0.300243 -0.953867 -1.63913e-07 0.30023 -0.953867 2.98023e-08 0.300231 0.953863 -6.7223e-08 -0.300243 0.953863 3.57263e-06 -0.300243 0.953865 7.28667e-06 -0.300238 0.953867 4.61936e-07 -0.300231 0.953863 -3.11259e-08 -0.300243 0.953863 2.61514e-06 -0.300243 -0.953863 -7.41489e-08 0.300243 -0.953863 -8.87834e-07 0.300243 -0.953863 -3.41265e-06 0.300243 -0.591489 -5.37202e-06 0.806313 0.591489 1.19802e-07 -0.806313 -0.806313 -3.91995e-08 -0.591489 0.953863 3.99554e-08 -0.300243 -0.591489 1.35196e-07 0.806313 0.806313 -2.97295e-07 0.591489 -0.874546 4.17233e-06 0.484943 0.927175 1.43051e-06 0.374628 0.600489 -1.11759e-07 -0.799633 0.56339 -7.45058e-09 -0.826191 -0.787367 -0 -0.616484 -0.881151 -4.35114e-06 -0.472834 -0.874538 -6.58631e-06 0.484957 -0.818436 -0 -0.574598 -0.810318 -1.19209e-07 -0.58599 0.650965 -1.49012e-07 -0.759108 0.578897 3.48687e-06 -0.815401 0.638772 -6.79935e-07 0.769396 0.63877 1.63913e-07 0.769398 -0.769415 1.19209e-07 0.63875 -0.769396 -5.01675e-07 0.638772 -0.982937 -3.52548e-06 -0.18394 -0.982937 -4.28408e-06 -0.183946 -0.63877 -1.19209e-07 -0.769398 -0.638772 -1.40005e-06 -0.769396 0.769416 1.90735e-06 -0.638749 0.769396 -1.88281e-07 -0.638772 0.982937 2.12961e-07 0.18394 0.982936 3.72529e-08 0.18395 0.63877 1.49012e-07 0.769398 0.638772 1.875e-07 0.769396 -0.73174 0.667685 -0.136944 -0.44726 0.885175 -0.128157 -0.337618 0.933415 -0.121454 -0.731754 0.667669 -0.136943 0.982933 -1.28448e-05 0.183962 0.656554 -0.744202 0.122879 0.738139 -0.660353 0.138149 0.982933 1.33961e-05 0.183963 0.982937 1.85151e-06 0.18394 0.638772 1.1e-07 0.769396 -0.638772 2.61416e-06 -0.769396 0.769396 -1.69531e-07 -0.638772 -0.982937 7.37226e-06 -0.18394 0.638772 -3.27932e-06 0.769396 -0.769396 -3.26947e-06 0.638772 0.821048 5.96046e-08 0.570859 -0.87793 -4.24683e-06 0.47879 -0.753378 1.28746e-05 -0.657587 -0.583928 1.2219e-05 -0.811805 0.730759 2.5183e-06 -0.682636 0.894926 3.62098e-06 -0.446215 0.821051 3.71039e-06 0.570855 -0.591489 -2.20549e-06 -0.806313 -0.591506 -4.75347e-06 -0.806301 0.806307 -3.45707e-06 -0.591498 0.806313 -1.61873e-06 -0.591489 0.953863 -4.22466e-06 0.300243 0.953865 -6.60121e-06 0.300237 0.591509 2.83122e-07 0.806299 0.591489 -1.60387e-06 0.806313 -0.806306 -2.78652e-06 0.591498 -0.806313 -3.99463e-07 0.591489 -0.953863 -4.15421e-06 -0.300243 -0.953865 -5.81145e-06 -0.300236 -0.591506 -4.78327e-06 -0.806301 -0.591489 -3.40066e-06 -0.806313 -0.264366 0.958416 -0.107471 -0.170444 0.979517 -0.107213 -0.0335453 0.993894 -0.105118 -0.200891 0.973708 -0.107404 0.953861 -1.92672e-05 0.300249 0.615582 -0.76388 0.193768 0.745278 -0.624121 0.234593 0.953861 1.97142e-05 0.300249 0.95386 -2.13236e-05 0.300251 0.953861 -2.02507e-05 0.30025 0.953861 2.04146e-05 0.30025 0.95386 2.20537e-05 0.300252 -0.532477 0.839614 -0.107321 -0.413849 0.9042 -0.105603 -0.426916 0.898106 -0.105585 -0.654163 0.748744 -0.10702 -0.953863 -5.77137e-06 -0.300243 -0.953863 -1.30385e-05 -0.300243 -0.953865 -6.72042e-06 -0.300237 -0.953863 -4.4794e-06 -0.300243 0.953863 -2.99943e-06 0.300243 0.953865 -5.42402e-06 0.300236 0.953866 -2.38419e-07 0.300231 0.953863 -6.96918e-07 0.300243 0.953863 9.89624e-07 0.300243 0.953863 1.16262e-07 0.300243 -0.953863 -7.72028e-07 -0.300243 -0.953863 -8.07995e-07 -0.300243 -0.953863 -2.01144e-06 -0.300243 -0.591489 -1.60719e-06 -0.806313 0.591489 -3.06672e-07 0.806313 -0.806313 -5.78054e-07 0.591489 0.953863 -6.22654e-07 0.300243 -0.591489 9.53694e-07 -0.806313 0.806313 9.68142e-07 -0.591489 -0.874545 -3.36766e-06 -0.484944 0.927175 -1.19209e-06 -0.374628 0.600489 -2.75671e-07 0.799633 0.56339 -8.56817e-08 0.826191 -0.787367 1.00583e-07 0.616484 -0.881165 -1.05798e-06 0.47281 -0.874544 -1.75834e-06 -0.484946 -0.818436 1.11759e-07 0.574598 -0.810318 1.04308e-07 0.58599 0.650964 1.59442e-06 0.759109 0.578896 4.02331e-07 0.815401 0.941258 -0.286181 0.17926 0.942217 -0.278155 0.186698 0.861216 -0.268079 0.431788 0.86158 -0.276148 0.425938 0.722485 -0.239411 0.648612 0.723631 -0.247527 0.644274 0.534739 -0.194119 0.822419 0.536197 -0.20212 0.819537 0.31021 -0.135293 0.940992 0.311479 -0.142954 0.939439 0.0640556 -0.067051 0.995691 0.0646831 -0.0740835 0.995152 -0.186489 0.00546087 0.982442 -0.187044 -0.000363667 0.982352 -0.423704 0.0763088 0.902581 -0.426067 0.072769 0.90176 -0.631228 0.139785 0.762897 -0.635651 0.139735 0.759225 -0.795837 0.191114 0.57456 -0.801524 0.195566 0.565078 -0.908311 0.226359 0.351757 -0.912824 0.236188 0.333119 -0.963843 0.242521 0.110413 -0.962758 0.258491 0.0792426 -0.962252 0.237457 -0.132983 -0.948939 0.259381 -0.179547 -0.932993 0.312202 -0.179035 -0.914599 0.334052 -0.227855 -0.834885 0.3065 -0.457194 -0.856082 0.292993 -0.425768 -0.698732 0.267184 -0.663616 -0.720222 0.257496 -0.644186 -0.514577 0.214609 -0.830153 -0.534347 0.206982 -0.819532 -0.293369 0.150768 -0.944036 -0.31084 0.144027 -0.939486 -0.0494078 0.0790075 -0.995649 -0.0649024 0.0724111 -0.995261 0.200286 0.00365029 -0.979731 0.186244 -0.00319166 -0.982498 0.437408 -0.0707109 -0.896479 0.424839 -0.077792 -0.90192 0.644406 -0.139337 -0.751882 0.633912 -0.146614 -0.759382 0.80706 -0.19761 -0.556421 0.798989 -0.205164 -0.565264 0.914636 -0.241752 -0.324032 0.90918 -0.249602 -0.333304 0.866038 -0.402442 0.296679 0.938028 -0.15683 0.309044 0.950023 0.0760449 0.302775 0.923748 0.254035 0.286627 0.888126 0.371909 0.27003 0.859543 0.441257 0.257832 0.844319 0.473133 0.251538 0.844213 0.473341 0.2515 0.859277 0.441849 0.257705 0.887818 0.372741 0.269894 0.923564 0.254811 0.286534 0.949989 0.0765057 0.302768 0.938046 -0.156769 0.309019 0.866067 -0.402527 0.296478 0.750966 -0.603471 0.268092 0.633476 -0.736889 0.236015 0.540456 -0.814891 0.209426 0.47939 -0.856438 0.191569 0.449569 -0.87436 0.182709 0.44938 -0.874468 0.182656 0.478851 -0.856771 0.191428 0.53974 -0.815436 0.209151 0.632902 -0.737393 0.23598 0.750685 -0.603848 0.268029 0.960503 -0.26913 -0.0707325 0.957537 -0.277143 -0.0794629 0.866091 -0.402498 0.296449 0.938026 -0.156808 0.309059 0.949971 0.0764481 0.302839 0.923564 0.254814 0.286528 0.887815 0.372733 0.269914 0.859277 0.441838 0.257724 0.844213 0.473341 0.251502 0.844311 0.473136 0.251559 0.859544 0.441257 0.25783 0.888128 0.371908 0.270027 0.923748 0.254036 0.286628 0.950009 0.0760797 0.30281 0.93803 -0.156843 0.309031 0.866023 -0.402624 0.296477 0.750686 -0.603846 0.268033 0.632883 -0.737446 0.235864 0.539745 -0.815412 0.209232 0.478853 -0.856775 0.191405 0.449376 -0.874466 0.182673 0.44956 -0.87436 0.18273 0.479395 -0.856437 0.19156 0.540472 -0.814886 0.209406 0.633322 -0.73697 0.236175 0.75095 -0.603483 0.268108 0.959 -0.270342 -0.0850495 0.957188 -0.278356 -0.0794329 0.941236 -0.286191 0.179357 0.944847 -0.27823 0.172777 0.909115 -0.243715 -0.337807 0.90857 -0.251788 -0.333322 0.797914 -0.200179 -0.568561 0.798188 -0.208151 -0.565305 0.632318 -0.142716 -0.76145 0.632908 -0.150354 -0.759488 0.423235 -0.075319 -0.902884 0.423642 -0.0823522 -0.902078 0.185219 -0.00307913 -0.982692 0.184725 -0.00891899 -0.98275 -0.064605 0.0680499 -0.995588 -0.067071 0.064501 -0.995661 -0.308683 0.132372 -0.941909 -0.314145 0.132333 -0.940107 -0.530635 0.185021 -0.82716 -0.539403 0.18954 -0.820438 -0.716669 0.221943 -0.661155 -0.727688 0.23193 -0.645507 -0.856505 0.240056 -0.456916 -0.866865 0.256281 -0.427628 -0.943946 0.237052 -0.229723 -0.948538 0.259369 -0.181669 -0.943699 0.309019 0.118067 -0.951981 0.295208 0.0811407 -0.933424 0.312208 -0.176767 -0.934087 0.334518 -0.124813 -0.892435 0.271646 0.360234 -0.905352 0.261767 0.33439 -0.781933 0.220759 0.582964 -0.796462 0.213016 0.565927 -0.617704 0.158235 0.770327 -0.632329 0.15143 0.759756 -0.409606 0.0873097 0.908075 -0.423876 0.0806773 0.90212 -0.171409 0.0122052 0.985124 -0.185514 0.00535604 0.982627 0.079616 -0.0624612 0.994867 0.0658792 -0.0695189 0.995403 0.324997 -0.131981 0.93646 0.31246 -0.139204 0.939676 0.547709 -0.191638 0.814426 0.536955 -0.19913 0.819772 0.732661 -0.237569 0.637784 0.724198 -0.245347 0.644471 0.867854 -0.267014 0.418967 0.861881 -0.274944 0.426107 0.982937 2.55455e-07 0.18394 0.894941 3.8743e-07 -0.446184 -0.753371 -7.13766e-06 -0.657596 -0.982937 -3.09467e-06 -0.18394 -0.982937 -6.44826e-07 -0.18394 0.982937 1.98696e-06 0.18394 0.738135 0.660361 0.138134 0.982936 4.05312e-06 0.183946 0.982936 -3.09944e-06 0.183947 0.656562 0.744198 0.122869 -0.73174 0.667686 -0.136943 -0.731733 0.667693 -0.136942 0.982934 6.80238e-06 0.183956 -0.982936 -2.08616e-07 -0.18395 -0.903582 -0.425167 -0.052659 -0.92263 -0.381194 -0.0587009 -0.948373 -0.315527 -0.0321311 -0.953937 -0.298072 -0.034015 0.745279 0.624119 0.234596 0.61558 0.763882 0.19377 0.200201 0.663964 -0.720466 -0.190538 -0.631907 -0.751258 6.4075e-07 -0.720505 -0.693449 9.44734e-06 0.692646 -0.721278 0.894928 3.35276e-06 0.446211 0.982937 1.68567e-06 -0.18394 -0.753372 4.78327e-06 0.657595 -0.982937 4.04344e-06 0.18394 -0.982937 4.99315e-06 0.18394 0.982937 -3.6331e-06 -0.18394 0.982934 8.03918e-06 -0.183958 0.982934 -7.61449e-06 -0.183957 0.903582 -0.425167 -0.0526591 0.922616 -0.381226 -0.0586976 0.731729 0.667696 -0.136945 0.731741 0.667683 -0.136946 0.982934 -6.4671e-06 -0.183956 -0.982938 1.18315e-05 0.183938 0.769396 -2.15873e-06 0.638772 0.769417 -4.18723e-06 0.638747 0.738138 -0.660355 -0.138144 0.656556 -0.744201 -0.122876 0.769396 5.34892e-07 0.638772 0.73076 2.6077e-06 0.682635 0.948372 -0.315529 -0.032134 0.953938 -0.29807 -0.0340184 0.745278 -0.624122 -0.234591 0.615579 -0.763882 -0.193771 </float_array>
          <technique_common>
            <accessor count="444" offset="0" source="#meshId0-bitangents-array" stride="3">
              <param name="X" type="float" />
              <param name="Y" type="float" />
              <param name="Z" type="float" />
            </accessor>
          </technique_common>
        </source>
        <source id="meshId0-tex0" name="meshId0-tex0">
          <float_array id="meshId0-tex0-array" count="888"> 0.0307831 0.898281 0.01776 0.898281 0.01776 0.888058 0.0307831 0.888058 0.0308053 0.83278 0.0177599 0.83278 0.0177599 0.830744 0.0307831 0.830744 0.0307831 0.965817 0.01776 0.965817 0.01776 0.955594 0.0307831 0.955594 0.0308147 0.901174 0.01776 0.901174 0.383038 0.470721 0.380721 0.470858 0.380721 0.459692 0.383038 0.459555 0.383875 0.484726 0.380721 0.484922 0.380721 0.473755 0.383875 0.47356 0.440983 0.484784 0.411961 0.482988 0.411961 0.471822 0.440982 0.473618 0.442686 0.470663 0.41335 0.468925 0.41335 0.457758 0.442686 0.459497 0.0308053 0.953559 0.01776 0.953559 0.01776 0.926937 0.0310957 0.926937 0.0308147 0.885164 0.01776 0.885164 0.01776 0.859401 0.0310957 0.859401 0.3606 0.885164 0.367979 0.859401 0.360355 0.953559 0.36798 0.926938 0.3606 0.901174 0.359772 0.898281 0.359772 0.965818 0.359772 0.955594 0.360355 0.83278 0.359772 0.830744 0.359772 0.888058 0.377119 0.898281 0.377119 0.888058 0.377731 0.83278 0.377118 0.830744 0.377119 0.965818 0.377119 0.955594 0.377989 0.901174 0.377731 0.953559 0.385743 0.926938 0.377989 0.885164 0.385742 0.859401 0.0108656 0.736282 0.0108657 0.72538 0.000482111 0.725381 0.000482111 0.736282 0.0093807 0.665223 0.00932404 0.662928 0.000482226 0.662928 0.000482222 0.665223 0.00932392 0.652027 0.000482226 0.652027 0.0108156 0.738309 0.000482106 0.738309 0.942261 0.567946 0.931462 0.569439 0.931462 0.572522 0.942261 0.57103 0.399589 0.867092 0.410304 0.869097 0.410304 0.86707 0.399589 0.865064 0.359131 0.738309 0.360868 0.736282 0.307355 0.662928 0.307355 0.652027 0.309322 0.665223 0.360868 0.725381 0.377709 0.736282 0.377709 0.725381 0.323755 0.665223 0.321696 0.662928 0.321696 0.652027 0.375891 0.738309 0.704552 0.252989 0.704552 0.262516 0.713186 0.262516 0.713186 0.252989 0.708618 0.315329 0.709023 0.318763 0.713186 0.318763 0.713186 0.315329 0.709023 0.32829 0.713186 0.32829 0.704638 0.382428 0.704551 0.384536 0.713186 0.384536 0.713186 0.382428 0.935232 0.346666 0.924394 0.347838 0.924876 0.36327 0.935714 0.362098 0.754037 0.861091 0.764435 0.864364 0.764435 0.861951 0.754037 0.858678 0.754037 0.919106 0.764435 0.922379 0.764435 0.894129 0.754037 0.890856 0.935418 0.186357 0.92458 0.187529 0.920925 0.236864 0.931763 0.235692 0.708618 0.331723 0.705709 0.356413 0.713186 0.356413 0.713186 0.331723 0.704638 0.264625 0.705709 0.290639 0.713186 0.29064 0.713186 0.264625 0.451495 0.264625 0.484271 0.290639 0.57334 0.331723 0.48427 0.356414 0.451495 0.382428 0.448838 0.384536 0.585726 0.318763 0.585726 0.32829 0.57334 0.315329 0.448838 0.25299 0.448838 0.262517 0.434666 0.25299 0.434666 0.262517 0.565842 0.315329 0.578892 0.318763 0.578892 0.32829 0.437464 0.382428 0.434665 0.384536 0.565842 0.331723 0.471997 0.356414 0.437465 0.264625 0.471998 0.290639 0.411968 0.487138 0.421978 0.487138 0.421978 0.499319 0.411968 0.499319 0.413411 0.567042 0.421978 0.567042 0.421978 0.5691 0.413455 0.5691 0.421978 0.581281 0.413455 0.581281 0.412014 0.648929 0.421978 0.648929 0.421978 0.651063 0.411968 0.651063 0.935342 0.888199 0.935342 0.890674 0.924544 0.892167 0.924544 0.889692 0.776114 0.921227 0.776114 0.923136 0.765399 0.921131 0.765399 0.919222 0.015021 0.648929 0.0131652 0.651063 0.073868 0.5691 0.073868 0.581281 0.0720772 0.567042 0.0131656 0.487139 0.0131657 0.499319 0.000482855 0.487139 0.000482855 0.499319 0.0612216 0.567042 0.0630679 0.5691 0.063068 0.581281 0.00239529 0.648929 0.00048194 0.651063 0.433285 0.655317 0.422942 0.655317 0.422942 0.643136 0.433285 0.643136 0.428392 0.575423 0.422942 0.575423 0.422942 0.571227 0.427929 0.571227 0.422942 0.559047 0.427929 0.559047 0.433175 0.490005 0.422942 0.490005 0.422942 0.487138 0.433285 0.487138 0.935253 0.16547 0.935714 0.180222 0.924876 0.181394 0.924415 0.166642 0.750541 0.923542 0.750541 0.926108 0.740143 0.922835 0.740143 0.920269 0.750541 0.865507 0.750541 0.893929 0.740143 0.890656 0.740143 0.862233 0.935399 0.00473459 0.931763 0.0538152 0.920925 0.0549871 0.924561 0.00590645 0.428392 0.554851 0.422942 0.554851 0.422942 0.523092 0.431899 0.523092 0.433174 0.640269 0.422942 0.640269 0.422942 0.607182 0.431899 0.607182 0.74016 0.640269 0.700609 0.607182 0.591909 0.554851 0.700608 0.523093 0.74016 0.490006 0.743587 0.487139 0.577548 0.571227 0.577548 0.559047 0.591909 0.575423 0.743587 0.655316 0.743587 0.643136 0.779019 0.655316 0.779019 0.643136 0.61058 0.575423 0.594632 0.571227 0.594632 0.559047 0.775214 0.490006 0.779019 0.487139 0.610581 0.554851 0.731291 0.523093 0.775214 0.640269 0.731292 0.607182 0.914979 0.841442 0.923268 0.841446 0.923265 0.8443 0.914972 0.844309 0.923264 0.847153 0.914968 0.847173 0.923263 0.850004 0.914967 0.850032 0.923265 0.852851 0.914967 0.852886 0.923267 0.855694 0.914971 0.855736 0.923272 0.858533 0.914977 0.858584 0.923284 0.861365 0.915 0.861433 0.923302 0.864189 0.915029 0.864287 0.923333 0.867005 0.915066 0.867152 0.923383 0.869812 0.915113 0.870028 0.923461 0.87261 0.915173 0.872922 0.92358 0.875391 0.915242 0.875835 0.915235 0.807019 0.92358 0.807459 0.923463 0.810243 0.915163 0.809939 0.923387 0.813042 0.915107 0.812836 0.923341 0.815851 0.915064 0.815715 0.923315 0.818669 0.91503 0.818582 0.923301 0.821496 0.915004 0.821439 0.923295 0.824334 0.914983 0.82429 0.923289 0.827181 0.914978 0.82714 0.923283 0.83003 0.914974 0.829993 0.923278 0.832882 0.914972 0.832849 0.923273 0.835736 0.914972 0.83571 0.546993 0.476498 0.546993 0.473782 0.547692 0.471158 0.549041 0.468803 0.550949 0.46688 0.553285 0.465518 0.555891 0.46481 0.558589 0.464806 0.561195 0.465504 0.563532 0.466858 0.56544 0.468775 0.566789 0.471124 0.567487 0.473746 0.567487 0.476462 0.566789 0.479086 0.56544 0.481441 0.563532 0.483365 0.561195 0.484726 0.558589 0.485434 0.555891 0.485439 0.553285 0.48474 0.550949 0.483387 0.549041 0.481469 0.547692 0.47912 0.92327 0.838592 0.914974 0.838575 0.588945 0.473782 0.588945 0.476498 0.588247 0.47912 0.586897 0.481469 0.58499 0.483386 0.582653 0.48474 0.580047 0.485439 0.577349 0.485434 0.574743 0.484727 0.572406 0.483364 0.570498 0.481441 0.569149 0.479087 0.568451 0.476462 0.568451 0.473746 0.569149 0.471124 0.570498 0.468775 0.572406 0.466858 0.574743 0.465504 0.577349 0.464806 0.580047 0.46481 0.582653 0.465518 0.584989 0.46688 0.586897 0.468803 0.588246 0.471158 0.851193 0.838318 0.859486 0.838308 0.85948 0.841175 0.85119 0.841171 0.851195 0.835464 0.85949 0.835444 0.851195 0.832613 0.859492 0.832585 0.851194 0.829766 0.859491 0.829731 0.851191 0.826924 0.859488 0.826881 0.851186 0.824085 0.859482 0.824034 0.851175 0.821252 0.859458 0.821185 0.851156 0.818428 0.859429 0.81833 0.851125 0.815612 0.859392 0.815466 0.851075 0.812805 0.859345 0.812589 0.850997 0.810008 0.859285 0.809695 0.850878 0.807226 0.859216 0.806782 0.850996 0.872374 0.859296 0.872678 0.859223 0.875598 0.850878 0.875158 0.851071 0.869575 0.859352 0.869781 0.851117 0.866766 0.859395 0.866902 0.851144 0.863948 0.859428 0.864036 0.851157 0.861121 0.859454 0.861179 0.851164 0.858283 0.859475 0.858327 0.85117 0.855436 0.859481 0.855477 0.851175 0.852587 0.859484 0.852625 0.851181 0.849735 0.859486 0.849768 0.851185 0.846881 0.859486 0.846908 0.851188 0.844026 0.859484 0.844043 0.0720772 0.58334 0.0612217 0.58334 0.00239618 0.501453 0.0150215 0.501453 0.412014 0.501452 0.413411 0.583339 0.776114 0.860684 0.776114 0.862526 0.765399 0.860521 0.765399 0.858678 0.935342 0.809347 0.924544 0.81084 0.421978 0.58334 0.421978 0.501452 0.935342 0.806782 0.924544 0.808275 0.935714 0.00048194 0.924876 0.0016538 0.750541 0.861751 0.740143 0.858478 0.44598 0.470858 0.44598 0.459692 0.443201 0.484922 0.443201 0.473755 0.323755 0.796439 0.309322 0.796439 0.375891 0.723354 0.359131 0.723354 0.0108157 0.723353 0.00938042 0.796439 0.399589 0.925222 0.410304 0.927227 0.942261 0.487138 0.931462 0.488631 0.931462 0.491354 0.942261 0.489861 0.000481946 0.796439 0.000482115 0.723354 0.00932375 0.798734 0.00048194 0.798734 0.399589 0.927517 0.410304 0.929522 0.307356 0.798735 0.321696 0.798734 0.935714 0.182358 0.924876 0.18353 0.754037 0.923034 0.764435 0.926307 </float_array>
          <technique_common>
            <accessor count="444" offset="0" source="#meshId0-tex0-array" stride="2">
              <param name="S" type="float" />
              <param name="T" type="float" />
            </accessor>
          </technique_common>
        </source>
        <vertices id="meshId0-vertices">
          <input semantic="POSITION" source="#meshId0-positions" />
          <input semantic="NORMAL" source="#meshId0-normals" />
          <input semantic="TANGENT" source="#meshId0-tangents" />
          <input semantic="BINORMAL" source="#meshId0-bitangents" />
          <input semantic="TEXCOORD" source="#meshId0-tex0"  />
        </vertices>
        <polylist count="536" material="defaultMaterial">
          <input offset="0" semantic="VERTEX" source="#meshId0-vertices" />
          <vcount>3 3 3 3 3 3 3 3 3 3 3 3 3 3 3 3 3 3 3 3 3 3 3 3 3 3 3 3 3 3 3 3 3 3 3 3 3 3 3 3 3 3 3 3 3 3 3 3 3 3 3 3 3 3 3 3 3 3 3 3 3 3 3 3 3 3 3 3 3 3 3 3 3 3 3 3 3 3 3 3 3 3 3 3 3 3 3 3 3 3 3 3 3 3 3 3 3 3 3 3 3 3 3 3 3 3 3 3 3 3 3 3 3 3 3 3 3 3 3 3 3 3 3 3 3 3 3 3 3 3 3 3 3 3 3 3 3 3 3 3 3 3 3 3 3 3 3 3 3 3 3 3 3 3 3 3 3 3 3 3 3 3 3 3 3 3 3 3 3 3 3 3 3 3 3 3 3 3 3 3 3 3 3 3 3 3 3 3 3 3 3 3 3 3 3 3 3 3 3 3 3 3 3 3 3 3 3 3 3 3 3 3 3 3 3 3 3 3 3 3 3 3 3 3 3 3 3 3 3 3 3 3 3 3 3 3 3 3 3 3 3 3 3 3 3 3 3 3 3 3 3 3 3 3 3 3 3 3 3 3 3 3 3 3 3 3 3 3 3 3 3 3 3 3 3 3 3 3 3 3 3 3 3 3 3 3 3 3 3 3 3 3 3 3 3 3 3 3 3 3 3 3 3 3 3 3 3 3 3 3 3 3 3 3 3 3 3 3 3 3 3 3 3 3 3 3 3 3 3 3 3 3 3 3 3 3 3 3 3 3 3 3 3 3 3 3 3 3 3 3 3 3 3 3 3 3 3 3 3 3 3 3 3 3 3 3 3 3 3 3 3 3 3 3 3 3 3 3 3 3 3 3 3 3 3 3 3 3 3 3 3 3 3 3 3 3 3 3 3 3 3 3 3 3 3 3 3 3 3 3 3 3 3 3 3 3 3 3 3 3 3 3 3 3 3 3 3 3 3 3 3 3 3 3 3 3 3 3 3 3 3 3 3 3 3 3 3 3 3 3 3 3 3 3 3 3 3 3 3 3 3 3 3 3 3 3 3 3 3 3 3 3 3 3 3 3 3 3 3 3 3 3 3 3 3 3 3 3 3 3 3 3 3 3 3 3 3 3 3 3 3 3 3 3 3 3 3 3 3 3 3 3 3 3 3 3 3 3 3 3 3 3 3 3 3 3 3 3 3 3 3 3 3 3 3 3 </vcount>
          <p>3 0 1 1 2 3 7 4 5 5 6 7 11 8 9 9 10 11 0 12 13 13 1 0 17 14 15 15 16 17 21 18 19 19 20 21 25 22 23 23 24 25 29 26 27 27 28 29 33 30 31 31 32 33 37 34 35 35 36 37 39 38 34 34 37 39 41 40 30 30 33 41 43 42 12 12 0 43 45 44 8 8 11 45 47 46 4 4 7 47 48 43 0 0 3 48 50 49 43 43 48 50 52 51 46 46 47 52 54 53 44 44 45 54 49 55 42 42 43 49 57 56 40 40 41 57 59 58 38 38 39 59 63 60 61 61 62 63 67 64 65 65 66 67 66 65 68 68 69 66 71 70 60 60 63 71 75 72 73 73 74 75 79 76 77 77 78 79 70 80 81 81 60 70 65 82 83 83 68 65 64 84 82 82 65 64 60 81 85 85 61 60 81 86 87 87 85 81 84 88 89 89 82 84 82 89 90 90 83 82 80 91 86 86 81 80 95 92 93 93 94 95 99 96 97 97 98 99 98 97 100 100 101 98 105 102 103 103 104 105 109 106 107 107 108 109 113 110 111 111 112 113 117 114 115 115 116 117 121 118 119 119 120 121 125 122 123 123 124 125 129 126 127 127 128 129 126 130 131 131 127 126 122 132 133 133 123 122 102 134 135 135 103 102 97 136 137 137 100 97 96 138 136 136 97 96 92 139 140 140 93 92 139 141 142 142 140 139 138 143 144 144 136 138 136 144 145 145 137 136 134 146 147 147 135 134 132 148 149 149 133 132 130 150 151 151 131 130 155 152 153 153 154 155 159 156 157 157 158 159 161 159 158 158 160 161 165 162 163 163 164 165 169 166 167 167 168 169 173 170 171 171 172 173 175 174 162 162 165 175 177 176 159 159 161 177 176 178 156 156 159 176 180 179 152 152 155 180 182 181 179 179 180 182 184 183 178 178 176 184 185 184 176 176 177 185 187 186 174 174 175 187 191 188 189 189 190 191 195 192 193 193 194 195 197 195 194 194 196 197 201 198 199 199 200 201 205 202 203 203 204 205 209 206 207 207 208 209 213 210 211 211 212 213 217 214 215 215 216 217 221 218 219 219 220 221 225 222 223 223 224 225 227 226 222 222 225 227 229 228 218 218 221 229 231 230 198 198 201 231 233 232 195 195 197 233 232 234 192 192 195 232 236 235 188 188 191 236 238 237 235 235 236 238 240 239 234 234 232 240 241 240 232 232 233 241 243 242 230 230 231 243 245 244 228 228 229 245 247 246 226 226 227 247 251 248 249 249 250 251 253 251 250 250 252 253 255 253 252 252 254 255 257 255 254 254 256 257 259 257 256 256 258 259 261 259 258 258 260 261 263 261 260 260 262 263 265 263 262 262 264 265 267 265 264 264 266 267 269 267 266 266 268 269 271 269 268 268 270 271 273 271 270 270 272 273 277 274 275 275 276 277 279 277 276 276 278 279 281 279 278 278 280 281 283 281 280 280 282 283 285 283 282 282 284 285 287 285 284 284 286 287 289 287 286 286 288 289 291 289 288 288 290 291 293 291 290 290 292 293 295 293 292 292 294 295 319 296 297 319 297 298 319 298 299 319 299 300 319 300 301 319 301 302 319 302 303 319 303 304 319 304 305 319 305 306 319 306 307 319 307 308 319 308 309 319 309 310 319 310 311 319 311 312 319 312 313 319 313 314 319 314 315 319 315 316 319 316 317 317 318 319 321 295 294 294 320 321 248 321 320 320 249 248 345 322 323 345 323 324 345 324 325 345 325 326 345 326 327 345 327 328 345 328 329 345 329 330 345 330 331 345 331 332 345 332 333 345 333 334 345 334 335 345 335 336 345 336 337 345 337 338 345 338 339 345 339 340 345 340 341 345 341 342 345 342 343 343 344 345 349 346 347 347 348 349 348 347 321 321 248 348 346 350 351 351 347 346 347 351 295 295 321 347 350 352 353 353 351 350 351 353 293 293 295 351 352 354 355 355 353 352 353 355 291 291 293 353 354 356 357 357 355 354 355 357 289 289 291 355 356 358 359 359 357 356 357 359 287 287 289 357 358 360 361 361 359 358 359 361 285 285 287 359 360 362 363 363 361 360 361 363 283 283 285 361 362 364 365 365 363 362 363 365 281 281 283 363 364 366 367 367 365 364 365 367 279 279 281 365 366 368 369 369 367 366 367 369 277 277 279 367 368 370 371 371 369 368 369 371 274 274 277 369 375 372 373 373 374 375 374 373 271 271 273 374 372 376 377 377 373 372 373 377 269 269 271 373 376 378 379 379 377 376 377 379 267 267 269 377 378 380 381 381 379 378 379 381 265 265 267 379 380 382 383 383 381 380 381 383 263 263 265 381 382 384 385 385 383 382 383 385 261 261 263 383 384 386 387 387 385 384 385 387 259 259 261 385 386 388 389 389 387 386 387 389 257 257 259 387 388 390 391 391 389 388 389 391 255 255 257 389 390 392 393 393 391 390 391 393 253 253 255 391 392 394 395 395 393 392 393 395 251 251 253 393 394 349 348 348 395 394 395 348 248 248 251 395 397 185 177 177 396 397 183 398 399 399 178 183 178 399 400 400 156 178 396 177 161 161 401 396 405 402 403 403 404 405 407 406 166 166 169 407 401 161 160 160 408 401 156 400 409 409 157 156 400 155 154 154 409 400 411 410 406 406 407 411 399 180 155 155 400 399 398 182 180 180 399 398 186 397 396 396 174 186 174 396 401 401 162 174 404 403 170 170 173 404 162 401 408 408 163 162 246 238 236 236 226 246 242 245 229 229 230 242 230 229 221 221 198 230 226 236 191 191 222 226 222 191 190 190 223 222 413 412 214 214 217 413 212 211 206 206 209 212 198 221 220 220 199 198 244 241 233 233 228 244 239 247 227 227 234 239 234 227 225 225 192 234 228 233 197 197 218 228 218 197 196 196 219 218 415 414 210 210 213 415 216 215 202 202 205 216 192 225 224 224 193 192 58 50 48 48 38 58 55 57 41 41 42 55 42 41 33 33 12 42 38 48 3 3 34 38 34 3 2 2 35 34 417 416 26 26 29 417 24 23 18 18 21 24 12 33 32 32 13 12 56 54 45 45 40 56 51 59 39 39 46 51 46 39 37 37 4 46 40 45 11 11 30 40 30 11 10 10 31 30 419 418 22 22 25 419 28 27 14 14 17 28 4 37 36 36 5 4 421 420 91 91 80 421 85 87 422 422 423 85 61 85 423 423 424 61 425 421 80 80 70 425 76 426 427 427 77 76 431 428 429 429 430 431 432 425 70 70 71 432 62 61 424 424 433 62 435 434 425 425 432 435 426 436 437 437 427 426 434 438 421 421 425 434 438 439 420 420 421 438 423 422 88 88 84 423 424 423 84 84 64 424 72 431 430 430 73 72 433 424 64 64 67 433 140 142 150 150 130 140 133 149 146 146 134 133 123 133 134 134 102 123 93 140 130 130 126 93 94 93 126 126 129 94 118 440 441 441 119 118 110 117 116 116 111 110 124 123 102 102 105 124 137 145 148 148 132 137 131 151 143 143 138 131 127 131 138 138 96 127 100 137 132 132 122 100 101 100 122 122 125 101 114 442 443 443 115 114 106 121 120 120 107 106 128 127 96 96 99 128 </p>
        </polylist>
      </mesh>
    </geometry>
    <geometry id="meshId1" name="meshId1_name" >
      <mesh>
        <source id="meshId1-positions" name="meshId1-positions">
          <float_array id="meshId1-positions-array" count="7095"> -0.799758 0.990528 -0.0832867 -0.661786 0.993186 -0.0321688 -0.626544 0.983941 -0.0269192 -0.795059 0.984263 -0.0839164 0.586539 -0.332529 0.036685 0.591057 -0.337153 -0.0203834 0.466772 -0.540588 0.00736777 0.463136 -0.534391 0.0641458 0.644952 0.984248 0.0868332 0.792963 0.984607 0.0296325 0.795099 0.993233 0.0282363 0.631189 0.993178 0.0886612 0.190281 0.999989 0.119234 0.188591 0.993238 0.0640552 -0.00150819 0.993238 0.0811568 -0.001524 0.999989 0.136508 -0.638314 0.999843 0.0303132 -0.805652 0.998772 -0.0283299 -0.797209 0.993537 0.0279829 -0.603482 0.993002 0.0931079 0.295853 -0.727779 0.0448369 0.293462 -0.720161 0.101164 -0.523883 -0.614185 0.0605423 -0.519221 -0.606599 0.00507149 -0.337017 -0.797894 0.0423933 -0.340044 -0.807219 0.09805 -0.158885 -0.830626 0.18041 -0.302447 -0.734919 0.159148 -0.333116 -0.790787 0.154752 -0.186411 -0.887052 0.175848 -0.191594 -0.904367 0.119318 -0.189887 -0.894178 0.0634817 -0.00481356 -0.988954 0.0803004 -0.00484625 -1 0.13629 0.183418 -0.887052 0.175848 0.00172224 -0.981881 0.192688 0.00177188 -0.988967 0.190707 0.186871 -0.894178 0.173885 0.156556 -0.831607 0.0644053 0.00146729 -0.922458 0.0817127 0.00146112 -0.914051 0.0835013 0.152629 -0.823503 0.0661422 0.299631 -0.734913 0.159146 0.156081 -0.830627 0.18041 0.330122 -0.790787 0.154752 0.300226 -0.735814 0.0431424 0.47262 -0.548145 0.00574327 0.512083 -0.599118 0.00400503 0.329619 -0.78984 0.0412905 -0.524031 1 0.0598543 -0.519581 0.993248 0.114869 -0.335919 0.993238 0.151987 -0.338936 0.999989 0.0979665 0.52267 -0.614226 0.0605478 0.518097 -0.606544 0.115788 0.334001 -0.797894 0.152816 0.336996 -0.807219 0.0980501 0.597867 -0.343871 -0.022003 0.643526 -0.388872 -0.0240507 -0.191594 -0.904367 0.119318 -0.189887 -0.894178 0.173884 -0.337017 -0.797894 0.152814 -0.340044 -0.807219 0.09805 -0.191607 0.993238 0.173142 -0.193329 0.999989 0.119234 0.601825 0.925541 -0.0266344 0.738314 0.925298 -0.0810325 0.724234 0.914856 -0.0786899 0.616353 0.916285 -0.0292697 0.188546 -0.904367 0.119318 0.740398 0.915079 0.033921 0.740465 0.431436 0.0339281 0.795599 0.406879 0.0285968 0.795647 0.975012 0.0285948 0.805155 0.998462 -0.0282339 0.649893 0.999958 0.0309891 0.81136 0.404695 -0.0294536 0.813286 0.991298 -0.029453 0.803582 0.984681 0.0265222 0.803582 0.403115 0.0265634 0.707162 0.119117 0.0479884 0.597529 -0.343077 0.0942331 0.644184 -0.389365 0.0896659 0.761269 0.093788 0.0424389 0.481087 0.925708 0.00224844 0.505997 0.983835 0.00353052 0.63315 0.984007 -0.024758 0.313986 0.925936 0.0403317 0.330193 0.983597 0.0408437 0.17779 0.925627 0.177818 0.313882 0.92564 0.156232 0.330276 0.983903 0.154401 0.187103 0.983927 0.175549 0.519262 0.999995 0.0598607 0.510206 0.993239 0.00591511 0.332903 0.993238 0.0430485 0.335888 0.999989 0.0979656 -0.00140545 0.926056 0.0794442 -0.180665 0.926027 0.0619144 -0.190022 0.983504 0.0619948 -0.00149326 0.983477 0.0791744 0.186871 -0.894178 0.0634812 0.00179738 -0.988954 0.0803004 0.00175868 -0.980536 0.0792674 0.182937 -0.886058 0.0623936 -0.191607 0.993238 0.0640572 -0.193329 0.999989 0.119234 -0.00138183 0.910906 0.136949 -0.0013905 0.916284 0.0815949 0.176298 0.916284 0.0640321 0.1749 0.910906 0.119499 0.190281 0.999989 0.119234 0.188591 0.993238 0.173143 0.332903 0.993238 0.151992 0.335888 0.999989 0.0979656 0.649893 0.999958 0.0309891 0.65704 0.993238 -0.0263823 0.656183 -0.401253 0.0322136 0.650339 -0.395473 0.0877734 -0.637474 -0.401229 0.0322112 -0.6318 -0.395507 -0.0230764 -0.316641 0.925627 0.156231 -0.180599 0.925622 0.177818 -0.190092 0.983933 0.175549 -0.333261 0.983916 0.1544 -0.316781 0.925921 0.0403312 -0.489562 0.925681 0.000874981 -0.515046 0.983889 0.00218765 -0.333183 0.983613 0.0408437 -0.595388 0.925452 -0.0288432 -0.738798 0.925228 -0.0810347 -0.603638 0.916214 -0.0289444 -0.734216 0.916383 -0.0788969 -0.727834 0.433177 -0.0228787 -0.7341 0.434621 -0.0803314 -0.737933 0.908149 -0.0802884 -0.729781 0.901982 -0.0228758 -0.741577 0.916829 -0.0820462 -0.74159 0.431213 -0.0820602 -0.797771 0.407531 -0.0849078 -0.798019 0.975547 -0.0849185 0.740636 0.431355 -0.0820363 0.740788 0.916383 -0.0820199 0.795239 0.975388 -0.084912 0.794968 0.407828 -0.084901 0.724279 0.902082 -0.0228422 0.732463 0.907406 -0.0802599 0.732052 0.434838 -0.0803024 0.725833 0.433399 -0.0228473 0.151419 -0.815111 0.122279 0.00146707 -0.90493 0.139496 -0.00140445 0.925405 0.19536 -0.00149431 0.984163 0.192715 0.177855 0.926035 0.0619144 0.187035 0.983496 0.0619948 -0.177663 0.910906 0.119499 -0.179079 0.916284 0.0640164 -0.00426091 -0.921181 0.197754 -0.00471637 -0.981881 0.192688 -0.303079 -0.735826 0.043145 -0.159364 -0.831609 0.0644052 -0.185925 -0.886056 0.0623937 -0.33261 -0.789833 0.0412911 -0.154183 -0.815111 0.122279 -0.15541 -0.823503 0.0661427 -0.29868 -0.727784 0.0448413 -0.296254 -0.720167 0.101166 0.311273 0.916284 0.0424646 0.308796 0.910906 0.098015 -0.311526 0.910906 0.0980151 -0.31404 0.916284 0.042414 -0.475006 -0.5482 0.00578073 -0.513459 -0.598989 0.00400002 0.472145 -0.547269 0.121945 0.512839 -0.599757 0.117675 0.489616 0.925462 0.116974 0.612592 0.925164 0.0872763 0.515264 0.984104 0.115928 -0.813286 0.404594 -0.0294537 -0.811404 0.991124 -0.0294533 -0.806598 0.984468 -0.0840477 -0.806598 0.403266 -0.0840932 -0.586046 0.910742 0.0298741 -0.518175 0.916233 -0.0046825 -0.484144 0.910884 0.0588274 0.477517 0.910913 0.0595264 0.477219 0.916285 0.00433286 0.597683 0.910877 0.0303542 -0.474381 -0.547396 0.121999 -0.580661 -0.343365 0.0942566 -0.625799 -0.389401 0.0896775 -0.514073 -0.599765 0.117686 -0.595783 0.924951 0.0884804 -0.489708 0.925443 0.118323 -0.515565 0.984116 0.11725 -0.627433 0.984019 0.0880148 -0.46554 -0.53446 0.0641992 -0.469259 -0.540609 0.00741626 -0.574351 -0.337272 -0.0203664 -0.569964 -0.33272 0.0367078 -0.70456 0.120199 -0.0682095 -0.581031 -0.344046 -0.0219939 -0.6251 -0.388716 -0.0240539 -0.758803 0.0949468 -0.0711921 0.715524 0.910193 -0.0216642 -0.695793 0.123165 -0.0663633 -0.690423 0.123856 -0.00896324 0.00145751 -0.921181 0.197754 0.727657 0.907373 0.0333923 0.731201 0.435098 0.0334247 0.792611 0.984212 -0.0839356 0.588555 0.916225 0.0896437 0.718235 0.916275 0.0341971 0.738278 0.924891 0.03495 -0.741414 0.431438 0.0339271 -0.741573 0.914637 0.0339843 -0.798421 0.975775 0.0285872 -0.798388 0.406729 0.0285893 -0.738674 0.924816 0.0349455 -0.795377 0.984642 0.0296453 0.800891 0.990217 -0.0833499 -0.00478822 -0.988967 0.190707 -0.00474836 -0.980536 0.0792675 -0.00150819 0.993238 0.190282 0.00179837 -1 0.13629 0.188546 -0.904367 0.119318 0.334001 -0.797894 0.0423921 -0.335919 0.993238 0.0430548 -0.519154 0.993252 0.00462715 0.519086 0.993252 0.113593 0.650358 -0.395605 -0.0230674 0.517949 -0.606692 0.00508283 -0.631802 -0.395524 0.0877776 -0.51922 -0.606556 0.115788 0.808526 0.984569 -0.0840525 0.804708 0.403365 -0.0840948 -0.76706 0.0899661 -0.0703019 -0.773971 0.0886976 -0.0155143 -0.637474 -0.401229 0.0322112 -0.76711 0.0901403 0.0404011 0.775658 0.0879404 -0.0154406 0.768786 0.0894303 0.0404712 0.768736 0.0891754 -0.0702257 0.760613 0.0942471 -0.0711203 -0.801771 0.984437 0.0265169 -0.8055 0.403013 0.0265616 -0.724778 0.916224 0.0341952 -0.577801 0.916024 0.0883506 0.699285 0.121904 0.047576 0.591385 -0.336988 0.09352 -0.759454 0.0944706 0.0423677 -0.00428194 -0.914027 0.196897 -0.15541 -0.823503 0.179548 -0.00427455 -0.922458 0.0817127 -0.00424204 -0.914051 0.0835013 -0.179079 0.916284 0.17607 -0.0013905 0.916284 0.193669 0.176298 0.916284 0.176053 -0.00423059 -0.90493 0.139496 0.295758 -0.727813 0.158286 0.152629 -0.823503 0.179548 0.311251 0.916284 0.154311 -0.313978 0.916284 0.154361 -0.298551 -0.727818 0.158287 -0.457833 0.916292 0.122457 0.485438 0.916298 0.114851 0.466895 -0.540499 0.121129 -0.469244 -0.540618 0.121188 -0.574667 -0.337256 0.093549 -0.704113 0.119949 0.047894 0.707497 0.119442 -0.0681235 0.698899 0.122399 -0.0662735 0.693556 0.123059 -0.00886866 -0.723725 0.910925 -0.0217679 -0.696066 0.122745 0.0474752 -0.733269 0.906429 0.0333532 -0.723725 0.910925 -0.0217679 -0.729781 0.901982 -0.0228758 -0.805652 0.998772 -0.0283299 0.00150113 -0.914027 0.196897 -0.00423059 -0.90493 0.139496 0.00146707 -0.90493 0.139496 -0.78698 0.244298 0.0326251 -0.794711 0.240488 0.0306206 -0.795017 0.240511 -0.0800593 -0.786327 0.244779 -0.0808892 0.784871 0.244667 -0.0808634 0.793705 0.240308 -0.0800378 0.79339 0.24031 0.0306419 0.785538 0.244145 0.0326513 -0.722293 0.272356 0.0375213 -0.730465 0.269081 0.0380095 -0.733176 0.434868 0.0333903 -0.730746 0.268945 -0.0780055 -0.722305 0.27237 -0.0762467 0.72228 0.272166 -0.0761999 0.730907 0.268715 -0.0779638 0.730721 0.268791 0.0380473 0.722388 0.272135 0.0375744 -0.716584 0.272081 -0.0188034 0.693556 0.123059 -0.00886866 0.716614 0.27187 -0.0187538 0.725833 0.433399 -0.0228473 -0.802 0.240494 -0.025371 -0.773971 0.0886976 -0.0155143 0.775658 0.0879404 -0.0154406 0.800668 0.240302 -0.0253494 0.81136 0.404695 -0.0294536 0.800668 0.240302 -0.0253494 -0.802 0.240494 -0.025371 -0.813286 0.404594 -0.0294537 -0.00484625 -1 0.13629 0.00179837 -1 0.13629 0.805155 0.998462 -0.0282339 0.813286 0.991298 -0.029453 -0.811404 0.991124 -0.0294533 0.656183 -0.401253 0.0322136 -0.638314 0.999843 0.0303132 -0.524031 1 0.0598543 -0.523883 -0.614185 0.0605423 0.52267 -0.614226 0.0605478 0.519262 0.999995 0.0598607 -0.001524 0.999989 0.136508 0.336996 -0.807219 0.0980501 -0.338936 0.999989 0.0979665 0.716614 0.27187 -0.0187538 -0.716584 0.272081 -0.0188034 -0.727834 0.433177 -0.0228787 -0.690423 0.123856 -0.00896324 0.715524 0.910193 -0.0216642 0.724279 0.902082 -0.0228422 -0.586046 0.910742 0.0298741 0.586539 -0.332529 0.036685 -0.154183 -0.815111 0.122279 0.308796 0.910906 0.098015 0.477517 0.910913 0.0595264 -0.484144 0.910884 0.0588274 -0.311526 0.910906 0.0980151 -0.569964 -0.33272 0.0367078 0.597683 0.910877 0.0303542 -0.296254 -0.720167 0.101166 -0.46554 -0.53446 0.0641992 -0.177663 0.910906 0.119499 0.1749 0.910906 0.119499 -0.00138183 0.910906 0.136949 0.293462 -0.720161 0.101164 0.151419 -0.815111 0.122279 0.463136 -0.534391 0.0641458 0.743774 0.962147 0.0242167 0.750076 0.962147 0.0397037 0.753999 0.961257 0.0381077 0.747697 0.961257 0.0226206 0.756983 0.958368 0.0368933 0.750681 0.958368 0.0214063 0.75823 0.954255 0.036386 0.751928 0.954255 0.020899 0.757405 0.95002 0.0367217 0.751103 0.95002 0.0212347 0.754729 0.946798 0.0378104 0.748428 0.946798 0.0223234 0.75092 0.945452 0.0393605 0.744618 0.945452 0.0238735 0.746997 0.946343 0.0409565 0.740695 0.946343 0.0254695 0.744012 0.949232 0.0421709 0.737711 0.949232 0.0266839 0.742766 0.953344 0.0426782 0.736464 0.953344 0.0271912 0.743591 0.957579 0.0423425 0.737289 0.957579 0.0268555 0.746266 0.960801 0.0412538 0.741522 0.958715 0.0455847 0.745034 0.962944 0.0441559 0.739965 0.960801 0.0257667 0.750076 0.962147 0.0397037 0.743774 0.962147 0.0242167 0.743774 0.962147 0.0242167 0.747697 0.961257 0.0226206 0.750681 0.958368 0.0214063 0.751928 0.954255 0.020899 0.751103 0.95002 0.0212347 0.748428 0.946798 0.0223234 0.744618 0.945452 0.0238735 0.740695 0.946343 0.0254695 0.737711 0.949232 0.0266839 0.736464 0.953344 0.0271912 0.737289 0.957579 0.0268555 0.739965 0.960801 0.0257667 0.75614 0.944567 0.039637 0.759651 0.948795 0.0382082 0.760604 0.948795 0.0405502 0.757093 0.944567 0.041979 0.755181 0.963542 0.0400271 0.759098 0.959751 0.0384334 0.740439 0.953158 0.0460252 0.742076 0.94776 0.0453595 0.745992 0.943969 0.0437658 0.75114 0.9428 0.0416712 0.760734 0.954353 0.0377676 0.750033 0.96471 0.0421216 0.750033 0.96471 0.0421216 0.756134 0.963542 0.0423691 0.760051 0.959751 0.0407754 0.75584 0.95875 0.0480907 0.753213 0.959347 0.0491597 0.750661 0.958445 0.0501979 0.748869 0.956287 0.0509271 0.748316 0.953451 0.0511519 0.749152 0.950696 0.0508121 0.75115 0.948761 0.0499988 0.753778 0.948164 0.0489298 0.756329 0.949066 0.0478916 0.758121 0.951224 0.0471624 0.758674 0.95406 0.0469376 0.757839 0.956815 0.0472773 0.743029 0.94776 0.0477015 0.741392 0.953158 0.0483673 0.752093 0.9428 0.0440133 0.761687 0.954353 0.0401097 0.745987 0.962944 0.0464979 0.750986 0.96471 0.0444637 0.742475 0.958715 0.0479267 0.746945 0.943969 0.0461078 0.750986 0.96471 0.0444637 0.752448 0.963139 0.0478299 0.756858 0.962138 0.0460358 0.753213 0.959347 0.0491597 0.75584 0.95875 0.0480907 0.760213 0.958891 0.0446706 0.757839 0.956815 0.0472773 0.761614 0.954267 0.0441003 0.758674 0.95406 0.0469376 0.760687 0.949507 0.0444777 0.758121 0.951224 0.0471624 0.757679 0.945885 0.0457016 0.756329 0.949066 0.0478916 0.753397 0.944372 0.0474441 0.753778 0.948164 0.0489298 0.748987 0.945373 0.0492383 0.75115 0.948761 0.0499988 0.745632 0.94862 0.0506034 0.749152 0.950696 0.0508121 0.74423 0.953244 0.0511737 0.748316 0.953451 0.0511519 0.745158 0.958004 0.0507963 0.748869 0.956287 0.0509271 0.748166 0.961626 0.0495724 0.750661 0.958445 0.0501979 0.752448 0.963139 0.0478299 0.753213 0.959347 0.0491597 0.769336 0.930713 0.0143287 0.771746 0.930713 0.0308742 0.775936 0.929822 0.0302639 0.773526 0.929822 0.0137184 0.773526 0.929822 0.0137184 0.775936 0.929822 0.0302639 0.779124 0.926934 0.0297995 0.776715 0.926934 0.0132541 0.780457 0.922821 0.0296055 0.778047 0.922821 0.0130601 0.779575 0.918586 0.0297339 0.777165 0.918586 0.0131884 0.776716 0.915364 0.0301502 0.774307 0.915364 0.0136048 0.772647 0.914018 0.0307429 0.770237 0.914018 0.0141975 0.768456 0.914909 0.0313533 0.766046 0.914909 0.0148078 0.765268 0.917797 0.0318176 0.762858 0.917797 0.0152722 0.763936 0.92191 0.0320116 0.761526 0.92191 0.0154662 0.764817 0.926145 0.0318832 0.762407 0.926145 0.0153378 0.767676 0.929367 0.0314669 0.762032 0.927281 0.0345357 0.765784 0.93151 0.0339894 0.765266 0.929367 0.0149215 0.769336 0.930713 0.0143287 0.773526 0.929822 0.0137184 0.776715 0.926934 0.0132541 0.778047 0.922821 0.0130601 0.777165 0.918586 0.0131884 0.774307 0.915364 0.0136048 0.770237 0.914018 0.0141975 0.766046 0.914909 0.0148078 0.762858 0.917797 0.0152722 0.761526 0.92191 0.0154662 0.762407 0.926145 0.0153378 0.765266 0.929367 0.0149215 0.777649 0.913133 0.0322614 0.7814 0.917361 0.031715 0.781765 0.917361 0.0342171 0.778013 0.913133 0.0347635 0.776624 0.932108 0.0324105 0.780809 0.928316 0.0318011 0.760876 0.921724 0.0347042 0.762624 0.916326 0.0344496 0.766808 0.912535 0.0338402 0.772308 0.911366 0.0330392 0.782557 0.922919 0.0315465 0.771125 0.933276 0.0332115 0.776624 0.932108 0.0324105 0.776989 0.932108 0.0349126 0.781173 0.928316 0.0343032 0.775333 0.927316 0.0403974 0.772527 0.927912 0.0408062 0.769801 0.927011 0.0412032 0.767886 0.924853 0.041482 0.767296 0.922016 0.041568 0.768188 0.919262 0.0414381 0.770324 0.917327 0.041127 0.77313 0.91673 0.0407183 0.775856 0.917632 0.0403213 0.777771 0.91979 0.0400424 0.778361 0.922626 0.0399564 0.777469 0.925381 0.0400864 0.762988 0.916326 0.0369517 0.76124 0.921724 0.0372063 0.772672 0.911366 0.0355414 0.782921 0.922919 0.0340487 0.766148 0.93151 0.0364915 0.771489 0.933276 0.0357136 0.762397 0.927281 0.0370378 0.767172 0.912535 0.0363423 0.776989 0.932108 0.0349126 0.772103 0.931705 0.0393321 0.776814 0.930704 0.038646 0.772527 0.927912 0.0408062 0.775333 0.927316 0.0403974 0.776814 0.930704 0.038646 0.780398 0.927457 0.038124 0.775333 0.927316 0.0403974 0.777469 0.925381 0.0400864 0.781895 0.922833 0.0379059 0.778361 0.922626 0.0399564 0.780905 0.918073 0.0380502 0.777771 0.91979 0.0400424 0.777691 0.914451 0.0385182 0.775856 0.917632 0.0403213 0.773116 0.912937 0.0391845 0.77313 0.91673 0.0407183 0.768405 0.913939 0.0398706 0.770324 0.917327 0.041127 0.764821 0.917186 0.0403926 0.768188 0.919262 0.0414381 0.763323 0.921809 0.0406107 0.767296 0.922016 0.041568 0.764314 0.92657 0.0404664 0.767886 0.924853 0.041482 0.767528 0.930192 0.0399984 0.769801 0.927011 0.0412032 -0.751887 0.962147 0.0201277 -0.755918 0.960801 0.0193108 -0.759239 0.960801 0.0356976 -0.755208 0.962147 0.0365145 -0.755918 0.960801 0.0193108 -0.758749 0.957579 0.018737 -0.76207 0.957579 0.0351238 -0.759239 0.960801 0.0356976 -0.759622 0.953344 0.0185601 -0.762943 0.953344 0.0349469 -0.758303 0.949232 0.0188274 -0.761624 0.949232 0.0352143 -0.755145 0.946343 0.0194674 -0.758466 0.946343 0.0358543 -0.750995 0.945452 0.0203086 -0.754316 0.945452 0.0366954 -0.746964 0.946798 0.0211255 -0.750285 0.946798 0.0375123 -0.744133 0.95002 0.0216993 -0.747454 0.95002 0.0380861 -0.74326 0.954255 0.0218762 -0.746581 0.954255 0.038263 -0.744579 0.958368 0.0216088 -0.7479 0.958368 0.0379957 -0.751058 0.961257 0.0373557 -0.74955 0.96363 0.03993 -0.745406 0.959839 0.0407699 -0.747737 0.961257 0.0209688 -0.751887 0.962147 0.0201277 -0.747737 0.961257 0.0209688 -0.744579 0.958368 0.0216088 -0.74326 0.954255 0.0218762 -0.744133 0.95002 0.0216993 -0.746964 0.946798 0.0211255 -0.750995 0.945452 0.0203086 -0.755145 0.946343 0.0194674 -0.758303 0.949232 0.0188274 -0.759622 0.953344 0.0185601 -0.758749 0.957579 0.018737 -0.755918 0.960801 0.0193108 -0.759272 0.944058 0.0379596 -0.759774 0.944058 0.0404377 -0.763919 0.947849 0.0395978 -0.763416 0.947849 0.0371197 -0.764002 0.958804 0.037001 -0.760287 0.963032 0.037754 -0.743674 0.954441 0.0411207 -0.74482 0.948884 0.0408886 -0.748535 0.944655 0.0401355 -0.753825 0.942889 0.0390634 -0.765148 0.953246 0.0367688 -0.754997 0.964799 0.0388261 -0.760287 0.963032 0.037754 -0.764504 0.958804 0.0394791 -0.760789 0.963032 0.0402321 -0.758943 0.958533 0.0459007 -0.760839 0.956375 0.0455164 -0.761423 0.953539 0.0453979 -0.76054 0.950784 0.045577 -0.758425 0.948849 0.0460056 -0.755645 0.948253 0.046569 -0.752945 0.949154 0.0471161 -0.751049 0.951312 0.0475004 -0.750464 0.954149 0.0476189 -0.751348 0.956903 0.0474399 -0.753463 0.958838 0.0470112 -0.756243 0.959435 0.0464478 -0.744177 0.954441 0.0435989 -0.745322 0.948884 0.0433667 -0.754328 0.942889 0.0415416 -0.76565 0.953246 0.0392469 -0.755499 0.964799 0.0413042 -0.750052 0.96363 0.0424081 -0.745908 0.959839 0.043248 -0.749038 0.944655 0.0426137 -0.760789 0.963032 0.0402321 -0.760675 0.961715 0.0439989 -0.756144 0.963228 0.0449172 -0.758943 0.958533 0.0459007 -0.756243 0.959435 0.0464478 -0.763858 0.958092 0.0433539 -0.760675 0.961715 0.0439989 -0.760839 0.956375 0.0455164 -0.758943 0.958533 0.0459007 -0.764839 0.953332 0.043155 -0.761423 0.953539 0.0453979 -0.763356 0.948708 0.0434555 -0.76054 0.950784 0.045577 -0.759806 0.945461 0.044175 -0.758425 0.948849 0.0460056 -0.75514 0.94446 0.0451206 -0.755645 0.948253 0.046569 -0.750609 0.945973 0.0460389 -0.752945 0.949154 0.0471161 -0.747426 0.949595 0.0466839 -0.751049 0.951312 0.0475004 -0.746445 0.954355 0.0468828 -0.750464 0.954149 0.0476189 -0.747928 0.958979 0.0465823 -0.751348 0.956903 0.0474399 -0.751478 0.962226 0.0458628 -0.753463 0.958838 0.0470112 -0.778401 0.930713 0.0143287 -0.782471 0.929367 0.0149215 -0.780061 0.929367 0.0314669 -0.775991 0.930713 0.0308742 -0.78533 0.926145 0.0153378 -0.78292 0.926145 0.0318832 -0.78533 0.926145 0.0153378 -0.786211 0.92191 0.0154662 -0.783801 0.92191 0.0320116 -0.78292 0.926145 0.0318832 -0.784879 0.917797 0.0152722 -0.782469 0.917797 0.0318176 -0.781691 0.914909 0.0148078 -0.779281 0.914909 0.0313533 -0.7775 0.914018 0.0141975 -0.77509 0.914018 0.0307429 -0.77343 0.915364 0.0136048 -0.77102 0.915364 0.0301502 -0.770571 0.918586 0.0131884 -0.768162 0.918586 0.0297339 -0.76969 0.922821 0.0130601 -0.76728 0.922821 0.0296055 -0.771022 0.926934 0.0132541 -0.768612 0.926934 0.0297995 -0.771801 0.929822 0.0302639 -0.769512 0.932196 0.0321774 -0.765327 0.928405 0.031568 -0.774211 0.929822 0.0137184 -0.778401 0.930713 0.0143287 -0.774211 0.929822 0.0137184 -0.771022 0.926934 0.0132541 -0.76969 0.922821 0.0130601 -0.770571 0.918586 0.0131884 -0.77343 0.915364 0.0136048 -0.7775 0.914018 0.0141975 -0.781691 0.914909 0.0148078 -0.784879 0.917797 0.0152722 -0.786211 0.92191 0.0154662 -0.78533 0.926145 0.0153378 -0.782471 0.929367 0.0149215 -0.779328 0.912624 0.0336071 -0.778964 0.912624 0.0361092 -0.783148 0.916415 0.0367186 -0.783513 0.916415 0.0342165 -0.784104 0.92737 0.0343026 -0.780352 0.931598 0.0337562 -0.763579 0.923007 0.0313134 -0.764736 0.91745 0.0314819 -0.768488 0.913221 0.0320282 -0.773829 0.911455 0.0328061 -0.785261 0.921812 0.0344711 -0.775011 0.933365 0.0329784 -0.784104 0.92737 0.0343026 -0.78374 0.92737 0.0368047 -0.779988 0.931598 0.0362584 -0.776336 0.927099 0.04097 -0.77825 0.924941 0.0412489 -0.77884 0.922105 0.0413349 -0.777948 0.91935 0.0412049 -0.775813 0.917415 0.0408939 -0.773006 0.916819 0.0404852 -0.77028 0.91772 0.0400881 -0.768366 0.919878 0.0398093 -0.767775 0.922715 0.0397233 -0.768667 0.925469 0.0398533 -0.770803 0.927404 0.0401643 -0.77361 0.928001 0.0405731 -0.763215 0.923007 0.0338155 -0.764372 0.91745 0.033984 -0.773464 0.911455 0.0353082 -0.784896 0.921812 0.0369732 -0.78374 0.92737 0.0368047 -0.774647 0.933365 0.0354805 -0.769147 0.932196 0.0346795 -0.764963 0.928405 0.0340701 -0.768123 0.913221 0.0345304 -0.778609 0.93028 0.0397653 -0.774033 0.931794 0.0390989 -0.776336 0.927099 0.04097 -0.77361 0.928001 0.0405731 -0.781822 0.926658 0.0402333 -0.77825 0.924941 0.0412489 -0.782813 0.921898 0.0403776 -0.781822 0.926658 0.0402333 -0.77884 0.922105 0.0413349 -0.77825 0.924941 0.0412489 -0.781315 0.917274 0.0401595 -0.777948 0.91935 0.0412049 -0.777731 0.914027 0.0396375 -0.775813 0.917415 0.0408939 -0.77302 0.913026 0.0389514 -0.773006 0.916819 0.0404852 -0.768445 0.914539 0.0382851 -0.77028 0.91772 0.0400881 -0.765232 0.918161 0.0378171 -0.768366 0.919878 0.0398093 -0.764241 0.922921 0.0376728 -0.767775 0.922715 0.0397233 -0.765738 0.927545 0.0378908 -0.768667 0.925469 0.0398533 -0.769323 0.930792 0.0384128 -0.770803 0.927404 0.0401643 -0.0297166 -0.933226 0.175818 -0.0338537 -0.934346 0.175221 -0.0362424 -0.934346 0.19177 -0.0321053 -0.933226 0.192367 -0.0368823 -0.937406 0.174784 -0.039271 -0.937406 0.191332 -0.0379908 -0.941586 0.174624 -0.0403795 -0.941586 0.191172 -0.0379908 -0.941586 0.174624 -0.0368823 -0.945766 0.174784 -0.039271 -0.945766 0.191332 -0.0403795 -0.941586 0.191172 -0.0338537 -0.948826 0.175221 -0.0362424 -0.948826 0.19177 -0.0297166 -0.949946 0.175818 -0.0321053 -0.949946 0.192367 -0.0255795 -0.948826 0.176415 -0.0279682 -0.948826 0.192964 -0.0225509 -0.945766 0.176853 -0.0249396 -0.945766 0.193401 -0.0214424 -0.941586 0.177013 -0.0238311 -0.941586 0.193561 -0.0225509 -0.937406 0.176853 -0.0249396 -0.937406 0.193401 -0.0279682 -0.934346 0.192964 -0.0261919 -0.932085 0.195467 -0.0222173 -0.936101 0.19604 -0.0255795 -0.934346 0.176415 -0.0297166 -0.933226 0.175818 -0.0255795 -0.934346 0.176415 -0.0225509 -0.937406 0.176853 -0.0214424 -0.941586 0.177013 -0.0225509 -0.945766 0.176853 -0.0255795 -0.948826 0.176415 -0.0297166 -0.949946 0.175818 -0.0338537 -0.948826 0.175221 -0.0368823 -0.945766 0.174784 -0.0379908 -0.941586 0.174624 -0.0368823 -0.937406 0.174784 -0.0338537 -0.934346 0.175221 -0.0370507 -0.951088 0.193899 -0.0374119 -0.951088 0.196402 -0.0413865 -0.947072 0.195828 -0.0410252 -0.947072 0.193326 -0.0410252 -0.936101 0.193326 -0.0370507 -0.932085 0.193899 -0.0207625 -0.941586 0.19625 -0.0222173 -0.947072 0.19604 -0.0261919 -0.951088 0.195467 -0.0316213 -0.952558 0.194683 -0.04248 -0.941586 0.193116 -0.0316213 -0.930615 0.194683 -0.04248 -0.941586 0.193116 -0.0413865 -0.936101 0.195828 -0.0374119 -0.932085 0.196402 -0.0354948 -0.936737 0.201921 -0.0375233 -0.938787 0.201629 -0.0382657 -0.941586 0.201521 -0.0375233 -0.944386 0.201629 -0.0354948 -0.946435 0.201921 -0.0327238 -0.947186 0.202321 -0.0299529 -0.946435 0.202721 -0.0279244 -0.944386 0.203014 -0.0271819 -0.941586 0.203121 -0.0279244 -0.938787 0.203014 -0.0299529 -0.936737 0.202721 -0.0327238 -0.935987 0.202321 -0.0211238 -0.941586 0.198753 -0.0225786 -0.947072 0.198543 -0.0319825 -0.952558 0.197186 -0.0428413 -0.941586 0.195618 -0.0319825 -0.930615 0.197186 -0.0265532 -0.932085 0.197969 -0.0225786 -0.936101 0.198543 -0.0265532 -0.951088 0.197969 -0.0428413 -0.941586 0.195618 -0.0371575 -0.933447 0.200146 -0.0325067 -0.932188 0.200817 -0.0354948 -0.936737 0.201921 -0.0327238 -0.935987 0.202321 -0.040562 -0.936887 0.199654 -0.0375233 -0.938787 0.201629 -0.0418082 -0.941586 0.199474 -0.0382657 -0.941586 0.201521 -0.040562 -0.946285 0.199654 -0.0418082 -0.941586 0.199474 -0.0375233 -0.944386 0.201629 -0.0382657 -0.941586 0.201521 -0.0371575 -0.949725 0.200146 -0.0354948 -0.946435 0.201921 -0.0325067 -0.950984 0.200817 -0.0327238 -0.947186 0.202321 -0.027856 -0.949725 0.201488 -0.0299529 -0.946435 0.202721 -0.0244514 -0.946285 0.20198 -0.0279244 -0.944386 0.203014 -0.0232052 -0.941586 0.20216 -0.0271819 -0.941586 0.203121 -0.0244514 -0.936887 0.20198 -0.0279244 -0.938787 0.203014 -0.027856 -0.933447 0.201488 -0.0299529 -0.936737 0.202721 0.0250981 -0.933226 0.175141 0.0299381 -0.933226 0.191145 0.0339391 -0.934346 0.189935 0.0290992 -0.934346 0.173931 0.0368681 -0.937406 0.18905 0.0320281 -0.937406 0.173045 0.0320281 -0.937406 0.173045 0.0368681 -0.937406 0.18905 0.0379402 -0.941586 0.188725 0.0331002 -0.941586 0.172721 0.0368681 -0.945766 0.18905 0.0320281 -0.945766 0.173045 0.0339391 -0.948826 0.189935 0.0290992 -0.948826 0.173931 0.0299381 -0.949946 0.191145 0.0250981 -0.949946 0.175141 0.0259371 -0.948826 0.192355 0.0210971 -0.948826 0.176351 0.0230081 -0.945766 0.193241 0.0181681 -0.945766 0.177237 0.021936 -0.941586 0.193565 0.0170961 -0.941586 0.177561 0.0230081 -0.937406 0.193241 0.0181681 -0.937406 0.177237 0.025937 -0.934346 0.192355 0.0207118 -0.936101 0.196258 0.0245556 -0.932085 0.195096 0.0210971 -0.934346 0.176351 0.0250981 -0.933226 0.175141 0.0290992 -0.934346 0.173931 0.0320281 -0.937406 0.173045 0.0331002 -0.941586 0.172721 0.0320281 -0.945766 0.173045 0.0290992 -0.948826 0.173931 0.0250981 -0.949946 0.175141 0.0210971 -0.948826 0.176351 0.0181681 -0.945766 0.177237 0.0170961 -0.941586 0.177561 0.0181681 -0.937406 0.177237 0.0210971 -0.934346 0.176351 0.0350572 -0.951088 0.19192 0.0389011 -0.947072 0.190758 0.039633 -0.947072 0.193178 0.0357891 -0.951088 0.19434 0.0350572 -0.932085 0.19192 0.0389011 -0.936101 0.190758 0.0193049 -0.941586 0.196684 0.0207118 -0.947072 0.196258 0.0245556 -0.951088 0.195096 0.0298064 -0.952558 0.193508 0.040308 -0.941586 0.190332 0.0298064 -0.930615 0.193508 0.0389011 -0.936101 0.190758 0.0357891 -0.932085 0.19434 0.039633 -0.936101 0.193178 0.0347202 -0.936737 0.200085 0.0320404 -0.935987 0.200895 0.0293606 -0.936737 0.201705 0.0273988 -0.938787 0.202299 0.0266808 -0.941586 0.202516 0.0273988 -0.944386 0.202299 0.0293606 -0.946435 0.201705 0.0320404 -0.947186 0.200895 0.0347202 -0.946435 0.200085 0.036682 -0.944386 0.199491 0.0374 -0.941586 0.199274 0.036682 -0.938787 0.199491 0.0214437 -0.947072 0.198679 0.0200368 -0.941586 0.199104 0.0305384 -0.952558 0.195928 0.039633 -0.936101 0.193178 0.0410399 -0.941586 0.192752 0.0252876 -0.932085 0.197516 0.0305384 -0.930615 0.195928 0.0214437 -0.936101 0.198679 0.0252876 -0.951088 0.197516 0.0316005 -0.932188 0.19944 0.0360982 -0.933447 0.19808 0.0320404 -0.935987 0.200895 0.0347202 -0.936737 0.200085 0.0393908 -0.936887 0.197084 0.036682 -0.938787 0.199491 0.0393908 -0.936887 0.197084 0.040596 -0.941586 0.19672 0.036682 -0.938787 0.199491 0.0374 -0.941586 0.199274 0.0393908 -0.946285 0.197084 0.036682 -0.944386 0.199491 0.0360982 -0.949725 0.19808 0.0347202 -0.946435 0.200085 0.0316005 -0.950984 0.19944 0.0320404 -0.947186 0.200895 0.0271027 -0.949725 0.2008 0.0293606 -0.946435 0.201705 0.0238101 -0.946285 0.201796 0.0273988 -0.944386 0.202299 0.0226049 -0.941586 0.202161 0.0266808 -0.941586 0.202516 0.0238101 -0.936887 0.201796 0.0273988 -0.938787 0.202299 0.0271027 -0.933447 0.2008 0.0293606 -0.936737 0.201705 0.221922 -0.0567663 -0.0600602 0.222762 -0.0473221 -0.0610171 0.223175 -0.047426 -0.0651757 0.222284 -0.0565788 -0.0641585 0.233856 -0.0206072 -0.0660718 0.234178 -0.020989 -0.0702073 0.237645 -0.0223024 -0.0740533 0.226712 -0.0481965 -0.0689842 0.224736 -0.0557958 -0.0672763 0.375627 -0.129117 -0.102938 0.377979 -0.121527 -0.105189 0.384395 -0.123457 -0.106769 0.381538 -0.131729 -0.104206 0.386643 -0.10002 -0.107531 0.395258 -0.0980875 -0.111655 0.402279 -0.100902 -0.112297 0.390927 -0.126637 -0.107128 0.386987 -0.133304 -0.104963 0.390454 -0.137275 -0.0992057 0.396677 -0.130396 -0.101413 0.396886 -0.128853 -0.0975339 0.390896 -0.135603 -0.0954679 0.408555 -0.104014 -0.106654 0.408628 -0.102719 -0.102695 0.40582 -0.0998838 -0.0991441 0.394407 -0.125636 -0.0941997 0.390174 -0.132388 -0.0931252 0.238491 -0.060897 -0.0571089 0.242527 -0.0537212 -0.0577202 0.236925 -0.049911 -0.0565049 0.232716 -0.0579725 -0.0559017 0.252017 -0.033271 -0.0635129 0.247962 -0.0246655 -0.0614322 0.241186 -0.0212844 -0.0609003 0.230193 -0.047196 -0.0560564 0.227923 -0.0548797 -0.0554386 0.377118 -0.133979 -0.0958701 0.383347 -0.13657 -0.0973468 0.384095 -0.134864 -0.093625 0.377974 -0.132289 -0.0921531 0.385019 -0.130728 -0.0912778 0.379168 -0.128099 -0.0897846 0.284782 0.0794765 -0.0804363 0.291803 0.0766612 -0.0810779 0.302739 0.1022 -0.085997 0.296205 0.105374 -0.0856376 0.300406 0.0785664 -0.0851965 0.309156 0.100274 -0.0875776 0.311595 0.108062 -0.0898677 0.305679 0.110664 -0.0885978 0.300212 0.112196 -0.0878321 0.278502 0.0825799 -0.0860783 0.280467 0.0818737 -0.0824743 0.292272 0.108175 -0.0877112 0.290456 0.109136 -0.091352 0.298311 0.115109 -0.0899428 0.296767 0.116217 -0.0935992 0.265535 -0.0634981 -0.076956 0.246642 -0.0522758 -0.0728226 0.249373 -0.049265 -0.0680317 0.267753 -0.0612396 -0.0720537 0.248787 -0.0341994 -0.0755085 0.25496 -0.0279104 -0.0711887 0.249517 -0.0514492 -0.0621423 0.268369 -0.0626838 -0.0664335 0.221922 -0.0567663 -0.0600602 0.227099 -0.0619301 -0.0610544 0.2293 -0.0609178 -0.0576701 0.224274 -0.0560067 -0.056766 0.233053 -0.0651587 -0.0624076 0.235179 -0.0640759 -0.0589857 0.351212 -0.121604 -0.089853 0.371673 -0.131378 -0.0946055 0.372577 -0.129712 -0.0908996 0.352297 -0.120023 -0.086189 0.373852 -0.125559 -0.0885497 0.353872 -0.116015 -0.083909 0.388452 -0.122291 -0.0917011 0.399314 -0.0969216 -0.0965908 0.389873 -0.0990919 -0.0955358 0.382035 -0.120361 -0.0901246 0.263787 -0.072981 -0.0629846 0.266725 -0.067521 -0.0633115 0.247059 -0.0577181 -0.0587539 0.243807 -0.0634366 -0.0583438 0.232868 -0.0510772 -0.071573 0.229235 -0.058973 -0.0688295 0.243906 -0.0258313 -0.0764968 0.238471 -0.054887 -0.0727849 0.23495 -0.0619149 -0.070262 0.350331 -0.117033 -0.0970621 0.352194 -0.111398 -0.0988862 0.37215 -0.120531 -0.103574 0.370311 -0.126577 -0.101703 0.354898 -0.106187 -0.0977125 0.375337 -0.113751 -0.102715 0.310148 0.113026 -0.096955 0.303913 0.115604 -0.0954758 0.305184 0.114467 -0.0916746 0.311322 0.111908 -0.0931064 0.465316 0.0357491 -0.132752 0.460163 0.040969 -0.131769 0.459983 0.0405302 -0.127631 0.464951 0.0355558 -0.128653 0.454213 0.0442056 -0.130417 0.454119 0.043699 -0.126275 0.452287 0.0408946 -0.12255 0.458 0.0379492 -0.123982 0.462488 0.0347463 -0.12553 0.332176 0.0847901 -0.0950266 0.311723 0.0923226 -0.0900175 0.309243 0.0891086 -0.0948603 0.32993 0.0824656 -0.099916 0.297587 0.0706104 -0.0902904 0.297176 0.0776381 -0.0971921 0.308847 0.091496 -0.100698 0.329343 0.0839758 -0.105549 0.438319 0.0128785 -0.117245 0.443206 0.00452317 -0.116259 0.454312 0.029927 -0.121214 0.448707 0.0337328 -0.120001 0.449467 0.00099406 -0.118703 0.460467 0.0270436 -0.123802 0.445926 -2.38679e-05 -0.131856 0.43915 0.00335731 -0.131324 0.450255 0.0287609 -0.136282 0.456987 0.0260431 -0.13673 0.43509 0.0119502 -0.129241 0.444651 0.0325669 -0.135066 0.448746 0.0398767 -0.135703 0.45452 0.0369487 -0.13691 0.459301 0.0338302 -0.137368 0.287747 0.0754953 -0.0961426 0.298682 0.101034 -0.101065 0.3051 0.0991079 -0.102642 0.281241 0.0784586 -0.0935894 0.292724 0.104374 -0.0985653 0.297025 0.11128 -0.0996698 0.302199 0.109663 -0.101526 0.308053 0.107044 -0.103021 0.336895 0.0959891 -0.0957454 0.316913 0.105527 -0.0911034 0.314992 0.0992911 -0.0891956 0.334956 0.0901774 -0.0938869 0.453253 -0.000706624 -0.126683 0.450896 -0.00090811 -0.130111 0.46198 0.025693 -0.135131 0.464419 0.0261716 -0.13177 0.462961 0.0349837 -0.136046 0.465316 0.0357491 -0.132752 0.276102 0.0214205 -0.0806989 0.275423 0.0228665 -0.0747837 0.272505 0.0220277 -0.0856218 0.265794 0.0248219 -0.0862085 0.237645 -0.0223024 -0.0740533 0.259426 0.02804 -0.083814 0.265794 0.0248219 -0.0862085 0.259426 0.02804 -0.083814 0.233856 -0.0206072 -0.0660718 0.236215 -0.0204037 -0.0626442 0.258324 0.0306963 -0.0725518 0.256163 0.0309473 -0.0760675 0.262968 0.0290579 -0.0706609 0.269799 0.0259731 -0.0713324 0.408555 -0.104014 -0.106654 0.406592 -0.103304 -0.110258 0.428734 -0.05213 -0.12018 0.430894 -0.0523841 -0.116664 0.424092 -0.0504863 -0.122072 0.417261 -0.0474003 -0.121401 0.411634 -0.0443004 -0.117948 0.421266 -0.046249 -0.106525 0.414552 -0.0434616 -0.10711 0.427634 -0.0494684 -0.108919 0.389443 -0.0921095 -0.102429 0.410952 -0.0428622 -0.112031 0.432126 0.00654157 -0.121556 0.310997 0.0981428 -0.104032 0.330972 0.0890322 -0.108684 0.313372 0.104509 -0.104256 0.333354 0.0949712 -0.108898 0.336053 0.100651 -0.102972 0.315592 0.110425 -0.0982196 0.316719 0.109331 -0.0943599 0.337 0.0996437 -0.0990707 0.448768 0.0468064 -0.129153 0.448722 0.0462763 -0.125021 0.448768 0.0468064 -0.129153 0.428308 0.0565806 -0.1244 0.428441 0.0559636 -0.12031 0.448722 0.0462763 -0.125021 0.448722 0.0462763 -0.125021 0.426986 0.0529679 -0.116672 0.446969 0.0434297 -0.121314 0.38218 0.0786158 -0.113686 0.38272 0.0778036 -0.10969 0.381941 0.0744785 -0.106209 0.437596 0.0301434 -0.130614 0.440116 0.0365537 -0.13403 0.418733 0.0413515 -0.126318 0.420442 0.046339 -0.129469 0.423445 0.05195 -0.129825 0.443427 0.0424118 -0.134467 0.374038 0.0626637 -0.115933 0.375707 0.0676856 -0.119077 0.378399 0.0734606 -0.119362 0.44411 0.0377019 -0.119194 0.424426 0.0474842 -0.114672 0.421566 0.0421659 -0.115796 0.440471 0.03097 -0.119934 0.379691 0.0688307 -0.104279 0.376871 0.063478 -0.105411 0.437717 0.0279069 -0.124715 0.419324 0.039851 -0.120687 0.374627 0.0611583 -0.110301 0.243064 -0.0588663 -0.0735905 0.240266 -0.0644545 -0.0714969 0.262741 -0.0686662 -0.0781087 0.260246 -0.073999 -0.0761376 0.307467 -0.0900321 -0.0884975 0.305288 -0.095516 -0.0865998 0.310216 -0.0848425 -0.0873342 0.376145 -0.119382 -0.0887372 0.378213 -0.112924 -0.0920351 0.357731 -0.105372 -0.08719 0.356178 -0.110253 -0.084089 0.311451 -0.0888869 -0.0737003 0.30883 -0.0944981 -0.0734468 0.31305 -0.0840281 -0.0768118 0.263787 -0.072981 -0.0629846 0.238497 -0.0677595 -0.0636722 0.240576 -0.0666537 -0.0602391 0.258958 -0.0775337 -0.0684247 0.260856 -0.0763417 -0.0649497 0.240576 -0.0666537 -0.0602391 0.260856 -0.0763417 -0.0649497 0.243807 -0.0634366 -0.0583438 0.258958 -0.0775337 -0.0684247 0.305085 -0.0995688 -0.0791388 0.306577 -0.0981826 -0.0755694 0.260856 -0.0763417 -0.0649497 0.377788 -0.110604 -0.0978595 0.357115 -0.103928 -0.0928102 0.312434 -0.0825839 -0.082432 0.30454 -0.0987679 -0.0831324 0.25882 -0.0769271 -0.0725127 0.350261 -0.120609 -0.093752 0.351212 -0.121604 -0.089853 0.305085 -0.0995688 -0.0791388 0.258958 -0.0775337 -0.0684247 0.238539 -0.067239 -0.0678021 0.233143 -0.0646612 -0.0665487 0.25882 -0.0769271 -0.0725127 0.258958 -0.0775337 -0.0684247 0.238497 -0.0677595 -0.0636722 0.238497 -0.0677595 -0.0636722 0.233053 -0.0651587 -0.0624076 0.380684 0.0772183 -0.117253 0.426405 0.0553783 -0.127873 0.334963 0.0990584 -0.106634 0.334963 0.0990584 -0.106634 0.336053 0.100651 -0.102972 0.38218 0.0786158 -0.113686 0.38218 0.0786158 -0.113686 0.428308 0.0565806 -0.1244 0.446686 0.045691 -0.132584 0.452082 0.0431137 -0.133838 0.426405 0.0553783 -0.127873 0.428308 0.0565806 -0.1244 0.448768 0.0468064 -0.129153 0.448768 0.0468064 -0.129153 0.454213 0.0442056 -0.130417 0.314683 0.108746 -0.101923 0.309286 0.111323 -0.100669 0.310148 0.113026 -0.096955 0.315592 0.110425 -0.0982196 0.336053 0.100651 -0.102972 0.43077 -0.0515447 -0.112617 0.430894 -0.0523841 -0.116664 0.453253 -0.000706624 -0.126683 0.452932 -0.000322815 -0.122548 0.234178 -0.020989 -0.0702073 0.256288 0.030111 -0.0801148 0.259426 0.02804 -0.083814 0.233856 -0.0206072 -0.0660718 0.256163 0.0309473 -0.0760675 0.256288 0.030111 -0.0801148 0.256288 0.030111 -0.0801148 0.256163 0.0309473 -0.0760675 0.278502 0.0825799 -0.0860783 0.278431 0.0812884 -0.0900373 0.464005 0.0262751 -0.127611 0.464419 0.0261716 -0.13177 0.457959 0.0399482 -0.135152 0.460163 0.040969 -0.131769 0.303159 0.113885 -0.099195 0.296321 0.114537 -0.0973353 0.296767 0.116217 -0.0935992 0.303913 0.115604 -0.0954758 0.370541 -0.130297 -0.0984626 0.375937 -0.132875 -0.0997161 0.377118 -0.133979 -0.0958701 0.371673 -0.131378 -0.0946055 0.227275 -0.0614998 -0.0651904 0.227099 -0.0619301 -0.0610544 0.290247 0.107593 -0.0952315 0.290456 0.109136 -0.091352 0.382071 -0.135446 -0.101145 0.388906 -0.136175 -0.10286 0.390454 -0.137275 -0.0992057 0.383347 -0.13657 -0.0973468 0.394861 -0.129435 -0.105054 0.396677 -0.130396 -0.101413 0.2252 -0.046844 -0.0576553 0.222762 -0.0473221 -0.0610171 0.324266 -0.102768 -0.0775975 0.361484 -0.00520605 -0.0899251 0.340872 0.00464026 -0.0851375 0.303652 -0.0929203 -0.0728094 0.358355 -0.0055294 -0.10273 0.337743 0.00431691 -0.0979421 0.365795 0.0852103 -0.143564 0.386399 0.0753678 -0.148349 0.362555 -0.00594809 -0.0918877 0.360219 -0.00618954 -0.101449 0.388267 0.0747058 -0.147068 0.390602 0.0749472 -0.13751 0.336672 0.00505894 -0.0959795 0.339008 0.00530039 -0.0864183 0.367055 0.0861957 -0.13204 0.36472 0.0859543 -0.141599 0.301789 -0.0922607 -0.0740887 0.299452 -0.0925023 -0.0836534 0.322999 -0.103751 -0.0891228 0.325336 -0.103509 -0.079558 0.389091 0.0866685 -0.145176 0.38722 0.087332 -0.146455 0.374936 0.0931999 -0.143602 0.373858 0.0939454 -0.141637 0.375089 0.0940727 -0.136598 0.37696 0.0934091 -0.135319 0.389244 0.0875412 -0.138172 0.390322 0.0867958 -0.140137 0.375089 0.0940727 -0.136598 0.373858 0.0939454 -0.141637 0.389527 0.0756912 -0.135545 0.368923 0.0855337 -0.130759 0.300523 -0.0932437 -0.0856139 0.321137 -0.103091 -0.0904021 0.389244 0.0875412 -0.138172 0.37696 0.0934091 -0.135319 0.374936 0.0931999 -0.143602 0.38722 0.087332 -0.146455 0.389091 0.0866685 -0.145176 0.390322 0.0867958 -0.140137 0.361484 -0.00520605 -0.0899251 0.324266 -0.102768 -0.0775975 0.389527 0.0756912 -0.135545 0.389244 0.0875412 -0.138172 0.299452 -0.0925023 -0.0836534 0.300523 -0.0932437 -0.0856139 0.321137 -0.103091 -0.0904021 0.322999 -0.103751 -0.0891228 0.325336 -0.103509 -0.079558 0.324266 -0.102768 -0.0775975 0.303652 -0.0929203 -0.0728094 0.301789 -0.0922607 -0.0740887 0.361108 -0.0362551 0.0396965 0.363751 -0.0359819 0.0505142 0.370312 -0.041611 0.0490534 0.367669 -0.0418842 0.0382357 0.373278 -0.0498448 0.0485366 0.370635 -0.050118 0.0377189 0.371855 -0.058477 0.0491022 0.369212 -0.0587502 0.0382846 0.369212 -0.0587502 0.0382846 0.371855 -0.058477 0.0491022 0.366424 -0.0651947 0.0505988 0.363781 -0.0654679 0.0397811 0.358441 -0.0681978 0.0526253 0.355798 -0.068471 0.0418076 0.350044 -0.0666817 0.0546387 0.347401 -0.0669549 0.043821 0.343484 -0.0610527 0.0560995 0.34084 -0.0613258 0.0452818 0.340517 -0.0528189 0.0566163 0.337874 -0.0530921 0.0457986 0.34194 -0.0441867 0.0560507 0.339297 -0.0444598 0.045233 0.347371 -0.037469 0.0545541 0.344728 -0.0377422 0.0437364 0.370312 -0.041611 0.0490534 0.363751 -0.0359819 0.0505142 0.355355 -0.0344659 0.0525276 0.347371 -0.037469 0.0545541 0.34194 -0.0441867 0.0560507 0.340517 -0.0528189 0.0566163 0.343484 -0.0610527 0.0560995 0.350044 -0.0666817 0.0546387 0.358441 -0.0681978 0.0526253 0.366424 -0.0651947 0.0505988 0.371855 -0.058477 0.0491022 0.373278 -0.0498448 0.0485366 0.355355 -0.0344659 0.0525276 0.352711 -0.034739 0.0417099 0.35309 -0.0388723 0.0417219 0.359429 -0.0400169 0.0402019 0.359188 -0.0400418 0.0392164 0.352849 -0.0388972 0.0407364 0.364381 -0.0442665 0.0390991 0.366621 -0.0504824 0.0387089 0.365546 -0.0569991 0.039136 0.361446 -0.0620705 0.0402658 0.365546 -0.0569991 0.039136 0.35542 -0.0643377 0.0417956 0.34908 -0.0631931 0.0433156 0.344128 -0.0589436 0.0444184 0.341889 -0.0527276 0.0448086 0.342963 -0.0462109 0.0443816 0.347063 -0.0411395 0.0432518 0.361206 -0.0620954 0.0392803 0.355179 -0.0643626 0.0408101 0.355185 -0.0692182 0.0390487 0.363489 -0.0660944 0.0369408 0.36638 -0.0505073 0.0377234 0.364141 -0.0442914 0.0381136 0.342722 -0.0462358 0.0433961 0.341648 -0.0527525 0.0438231 0.34884 -0.063218 0.0423301 0.365306 -0.057024 0.0381505 0.346822 -0.0411644 0.0422662 0.343887 -0.0589684 0.0434329 0.365306 -0.057024 0.0381505 0.346451 -0.0676412 0.041143 0.345918 -0.0676962 0.0389629 0.354652 -0.0692732 0.0368686 0.360709 -0.0357083 0.0368528 0.351975 -0.0341313 0.0389471 0.370618 -0.050128 0.0347958 0.367533 -0.0415635 0.0353333 0.338022 -0.0442426 0.0426116 0.336542 -0.0532215 0.0432 0.369138 -0.0591069 0.0353841 0.343671 -0.0372551 0.0410549 0.339627 -0.061786 0.0426625 0.369138 -0.0591069 0.0353841 0.360176 -0.0357633 0.0346727 0.351442 -0.0341863 0.036767 0.370086 -0.050183 0.0326157 0.367 -0.0416185 0.0331533 0.368605 -0.059162 0.0332041 0.343138 -0.0373101 0.0388749 0.337489 -0.0442976 0.0404316 0.339094 -0.061841 0.0404824 0.362957 -0.0661495 0.0347608 0.368605 -0.059162 0.0332041 0.336009 -0.0532766 0.0410199 0.352208 -0.0490159 0.0276251 0.353463 -0.0500926 0.0273457 0.354031 -0.0516675 0.0272468 0.353759 -0.0533187 0.027355 0.35272 -0.0546036 0.0276413 0.351193 -0.055178 0.0280289 0.349587 -0.054888 0.028414 0.348332 -0.0538113 0.0286934 0.347764 -0.0522364 0.0287923 0.348037 -0.0505853 0.0286841 0.349075 -0.0493003 0.0283978 0.350602 -0.0487259 0.0280102 0.362145 -0.0441926 0.0278079 0.356952 -0.039737 0.0289642 0.353463 -0.0500926 0.0273457 0.352208 -0.0490159 0.0276251 0.364493 -0.0507099 0.0273988 0.354031 -0.0516675 0.0272468 0.363366 -0.0575425 0.0278466 0.353759 -0.0533187 0.027355 0.359068 -0.0628598 0.0290312 0.363366 -0.0575425 0.0278466 0.35272 -0.0546036 0.0276413 0.353759 -0.0533187 0.027355 0.352749 -0.0652369 0.0306352 0.351193 -0.055178 0.0280289 0.346102 -0.0640368 0.0322288 0.349587 -0.054888 0.028414 0.34091 -0.0595812 0.0333851 0.348332 -0.0538113 0.0286934 0.338562 -0.0530639 0.0337942 0.347764 -0.0522364 0.0287923 0.339688 -0.0462313 0.0333465 0.348037 -0.0505853 0.0286841 0.343987 -0.040914 0.0321619 0.349075 -0.0493003 0.0283978 0.350306 -0.0385369 0.0305579 0.350602 -0.0487259 0.0280102 0.319664 -0.129075 0.0521669 0.322307 -0.128802 0.0629845 0.328868 -0.134431 0.0615237 0.326225 -0.134705 0.050706 0.331834 -0.142665 0.0610069 0.329191 -0.142938 0.0501892 0.330411 -0.151297 0.0615726 0.327768 -0.151571 0.0507549 0.327768 -0.151571 0.0507549 0.330411 -0.151297 0.0615726 0.32498 -0.158015 0.0630691 0.322337 -0.158288 0.0522515 0.316997 -0.161018 0.0650956 0.314354 -0.161291 0.0542779 0.3086 -0.159502 0.067109 0.305957 -0.159775 0.0562913 0.302039 -0.153873 0.0685698 0.299396 -0.154146 0.0577521 0.299073 -0.145639 0.0690866 0.29643 -0.145912 0.058269 0.300496 -0.137007 0.068521 0.297853 -0.13728 0.0577033 0.305927 -0.130289 0.0670244 0.303284 -0.130562 0.0562067 0.328868 -0.134431 0.0615237 0.322307 -0.128802 0.0629845 0.31391 -0.127286 0.0649979 0.305927 -0.130289 0.0670244 0.300496 -0.137007 0.068521 0.299073 -0.145639 0.0690866 0.302039 -0.153873 0.0685698 0.3086 -0.159502 0.067109 0.316997 -0.161018 0.0650956 0.32498 -0.158015 0.0630691 0.330411 -0.151297 0.0615726 0.331834 -0.142665 0.0610069 0.31391 -0.127286 0.0649979 0.311267 -0.127559 0.0541802 0.311645 -0.131693 0.0541922 0.317985 -0.132837 0.0526722 0.317744 -0.132862 0.0516867 0.311405 -0.131718 0.0532067 0.322937 -0.137087 0.0515694 0.325176 -0.143303 0.0511793 0.324102 -0.149819 0.0516063 0.320002 -0.154891 0.0527361 0.324102 -0.149819 0.0516063 0.313975 -0.157158 0.054266 0.307636 -0.156013 0.0557859 0.302684 -0.151764 0.0568888 0.300444 -0.145548 0.0572789 0.301519 -0.139031 0.0568519 0.305618 -0.13396 0.0557221 0.319762 -0.154916 0.0517506 0.313735 -0.157183 0.0532805 0.313741 -0.162038 0.051519 0.322045 -0.158915 0.0494112 0.324936 -0.143328 0.0501938 0.322696 -0.137112 0.0505839 0.301278 -0.139056 0.0558664 0.300204 -0.145573 0.0562934 0.307396 -0.156038 0.0548004 0.323861 -0.149844 0.0506208 0.305378 -0.133985 0.0547366 0.302443 -0.151789 0.0559033 0.323861 -0.149844 0.0506208 0.305007 -0.160462 0.0536133 0.304474 -0.160517 0.0514332 0.313208 -0.162094 0.0493389 0.319265 -0.128529 0.0493232 0.310531 -0.126952 0.0514174 0.329174 -0.142948 0.0472661 0.326089 -0.134384 0.0478037 0.296578 -0.137063 0.055082 0.295098 -0.146042 0.0556704 0.327694 -0.151927 0.0478545 0.302227 -0.130075 0.0535253 0.298183 -0.154606 0.0551328 0.327694 -0.151927 0.0478545 0.318732 -0.128584 0.0471431 0.309998 -0.127007 0.0492373 0.328641 -0.143003 0.045086 0.325556 -0.134439 0.0456236 0.327161 -0.151982 0.0456744 0.301694 -0.13013 0.0513452 0.296045 -0.137118 0.0529019 0.29765 -0.154661 0.0529527 0.321512 -0.15897 0.0472311 0.327161 -0.151982 0.0456744 0.294565 -0.146097 0.0534903 0.310764 -0.141836 0.0400954 0.312019 -0.142913 0.039816 0.312587 -0.144488 0.0397172 0.312314 -0.146139 0.0398254 0.311276 -0.147424 0.0401116 0.309749 -0.147998 0.0404992 0.308142 -0.147708 0.0408844 0.306888 -0.146632 0.0411638 0.30632 -0.145057 0.0412626 0.306592 -0.143406 0.0411544 0.307631 -0.142121 0.0408682 0.309158 -0.141546 0.0404806 0.320701 -0.137013 0.0402782 0.315508 -0.132557 0.0414345 0.312019 -0.142913 0.039816 0.310764 -0.141836 0.0400954 0.323049 -0.14353 0.0398692 0.312587 -0.144488 0.0397172 0.321922 -0.150363 0.0403169 0.312314 -0.146139 0.0398254 0.317624 -0.15568 0.0415015 0.321922 -0.150363 0.0403169 0.311276 -0.147424 0.0401116 0.312314 -0.146139 0.0398254 0.311305 -0.158057 0.0431055 0.309749 -0.147998 0.0404992 0.304658 -0.156857 0.0446992 0.308142 -0.147708 0.0408844 0.299465 -0.152402 0.0458554 0.306888 -0.146632 0.0411638 0.297118 -0.145884 0.0462645 0.30632 -0.145057 0.0412626 0.298244 -0.139052 0.0458168 0.306592 -0.143406 0.0411544 0.302542 -0.133734 0.0446322 0.307631 -0.142121 0.0408682 0.308862 -0.131357 0.0430282 0.309158 -0.141546 0.0404806 0.284698 -0.207387 0.0626878 0.287341 -0.207113 0.0735055 0.293902 -0.212743 0.0720447 0.291259 -0.213016 0.061227 0.291259 -0.213016 0.061227 0.293902 -0.212743 0.0720447 0.296868 -0.220976 0.0715279 0.294225 -0.221249 0.0607102 0.295445 -0.229609 0.0720936 0.292802 -0.229882 0.0612759 0.290014 -0.236326 0.0735901 0.287371 -0.236599 0.0627725 0.282031 -0.239329 0.0756166 0.279388 -0.239603 0.0647989 0.273634 -0.237813 0.07763 0.270991 -0.238086 0.0668123 0.267074 -0.232184 0.0790908 0.26443 -0.232457 0.0682731 0.264107 -0.22395 0.0796076 0.261464 -0.224224 0.0687899 0.26553 -0.215318 0.079042 0.262887 -0.215591 0.0682243 0.270961 -0.2086 0.0775454 0.268318 -0.208874 0.0667277 0.293902 -0.212743 0.0720447 0.287341 -0.207113 0.0735055 0.278945 -0.205597 0.0755189 0.270961 -0.2086 0.0775454 0.26553 -0.215318 0.079042 0.264107 -0.22395 0.0796076 0.267074 -0.232184 0.0790908 0.273634 -0.237813 0.07763 0.282031 -0.239329 0.0756166 0.290014 -0.236326 0.0735901 0.295445 -0.229609 0.0720936 0.296868 -0.220976 0.0715279 0.278945 -0.205597 0.0755189 0.276301 -0.205871 0.0647012 0.27668 -0.210004 0.0647132 0.283019 -0.211148 0.0631932 0.282778 -0.211173 0.0622077 0.276439 -0.210029 0.0637277 0.287971 -0.215398 0.0620904 0.290211 -0.221614 0.0617003 0.287971 -0.215398 0.0620904 0.289136 -0.228131 0.0621273 0.285036 -0.233202 0.0632571 0.27901 -0.235469 0.064787 0.272671 -0.234325 0.0663069 0.267718 -0.230075 0.0674098 0.265479 -0.223859 0.0677999 0.266553 -0.217342 0.0673729 0.270653 -0.212271 0.0662431 0.284796 -0.233227 0.0622716 0.278769 -0.235494 0.0638015 0.278775 -0.24035 0.06204 0.287079 -0.237226 0.0599322 0.28997 -0.221639 0.0607148 0.287731 -0.215423 0.0611049 0.266312 -0.217367 0.0663874 0.265238 -0.223884 0.0668144 0.27243 -0.234349 0.0653214 0.288896 -0.228156 0.0611418 0.270412 -0.212296 0.0652575 0.267477 -0.2301 0.0664242 0.287731 -0.215423 0.0611049 0.270041 -0.238773 0.0641343 0.269508 -0.238828 0.0619542 0.278242 -0.240405 0.0598599 0.284299 -0.20684 0.0598441 0.275565 -0.205263 0.0619384 0.294208 -0.221259 0.0577871 0.291123 -0.212695 0.0583246 0.261612 -0.215374 0.065603 0.260132 -0.224353 0.0661913 0.292728 -0.230238 0.0583755 0.267261 -0.208387 0.0640463 0.263217 -0.232917 0.0656538 0.291123 -0.212695 0.0583246 0.283766 -0.206895 0.0576641 0.275032 -0.205318 0.0597583 0.293676 -0.221315 0.055607 0.29059 -0.21275 0.0561446 0.292195 -0.230293 0.0561954 0.266728 -0.208442 0.0618662 0.261079 -0.215429 0.0634229 0.262684 -0.232973 0.0634737 0.286547 -0.237281 0.0577521 0.259599 -0.224408 0.0640113 0.275799 -0.220147 0.0506164 0.277053 -0.221224 0.050337 0.277621 -0.222799 0.0502382 0.277349 -0.22445 0.0503464 0.27631 -0.225735 0.0506326 0.274783 -0.22631 0.0510202 0.273177 -0.22602 0.0514053 0.271922 -0.224943 0.0516848 0.271354 -0.223368 0.0517836 0.271627 -0.221717 0.0516754 0.272665 -0.220432 0.0513892 0.274192 -0.219857 0.0510015 0.29059 -0.21275 0.0561446 0.285735 -0.215324 0.0507992 0.280542 -0.210868 0.0519555 0.277053 -0.221224 0.050337 0.275799 -0.220147 0.0506164 0.288083 -0.221841 0.0503902 0.285735 -0.215324 0.0507992 0.277621 -0.222799 0.0502382 0.277053 -0.221224 0.050337 0.286956 -0.228674 0.0508379 0.277349 -0.22445 0.0503464 0.282658 -0.233991 0.0520225 0.27631 -0.225735 0.0506326 0.276339 -0.236368 0.0536265 0.274783 -0.22631 0.0510202 0.269692 -0.235168 0.0552202 0.273177 -0.22602 0.0514053 0.264499 -0.230713 0.0563764 0.271922 -0.224943 0.0516848 0.262152 -0.224195 0.0567855 0.271354 -0.223368 0.0517836 0.263278 -0.217363 0.0563378 0.271627 -0.221717 0.0516754 0.267577 -0.212045 0.0551532 0.272665 -0.220432 0.0513892 0.273896 -0.209668 0.0535492 0.274192 -0.219857 0.0510015 -0.275363 0.378042 0.107707 -0.246847 0.475387 0.112679 -0.335575 0.502242 0.0957754 -0.364091 0.404897 0.0908042 -0.26569 0.352873 0.0592355 -0.260955 0.371231 0.0635471 -0.267581 0.375865 0.105693 -0.274259 0.35307 0.104529 -0.242601 0.370808 -0.0334655 -0.248441 0.377422 -0.0345991 -0.266156 0.37783 0.0590387 -0.233311 0.475389 0.0688399 -0.238457 0.477088 0.0650936 -0.325075 0.503304 0.0485926 -0.331231 0.505026 0.0501859 -0.338973 0.505204 0.0911075 -0.333827 0.503506 0.0948538 -0.247209 0.477289 0.111355 -0.241053 0.475567 0.109762 -0.283345 0.350795 0.106316 -0.372073 0.37765 0.0894128 -0.343402 0.378293 -0.0538152 -0.348022 0.383526 -0.0547119 -0.343033 0.400554 -0.0538423 -0.336351 0.402365 -0.0525859 -0.249733 0.376149 -0.0360849 -0.245114 0.370917 -0.0351882 -0.250102 0.353889 -0.0360578 -0.256785 0.352077 -0.0373142 -0.326367 0.502031 0.0471068 -0.354884 0.404685 0.0421356 -0.36397 0.40241 0.0439223 -0.334149 0.504207 0.0491208 -0.231134 0.473028 0.0687456 -0.237639 0.475176 0.0640098 -0.337169 0.404277 -0.0515022 -0.362865 0.377438 0.0407442 -0.274137 0.350583 0.0576473 -0.274137 0.350583 0.0576473 -0.256422 0.350175 -0.0359905 -0.247975 0.352465 -0.0344023 -0.34515 0.37703 -0.0528936 -0.368705 0.384052 0.0396106 -0.35099 0.383644 -0.0540271 -0.246847 0.475387 0.112679 -0.275363 0.378042 0.107707 -0.239065 0.473211 0.110664 -0.377274 0.384249 0.0849044 -0.370596 0.407044 0.0860685 -0.34208 0.50439 0.0910396 -0.283345 0.350795 0.106316 -0.345616 0.401988 -0.0530903 -0.256422 0.350175 -0.0359905 -0.333827 0.503506 0.0948538 -0.338973 0.505204 0.0911075 -0.331231 0.505026 0.0501859 -0.325075 0.503304 0.0485926 -0.238457 0.477088 0.0650936 -0.233311 0.475389 0.0688399 -0.241053 0.475567 0.109762 -0.247209 0.477289 0.111355 -0.245114 0.370917 -0.0351882 -0.249733 0.376149 -0.0360849 -0.336351 0.402365 -0.0525859 -0.343033 0.400554 -0.0538423 -0.348022 0.383526 -0.0547119 -0.343402 0.378293 -0.0538152 -0.256785 0.352077 -0.0373142 -0.250102 0.353889 -0.0360578 -0.247209 0.477289 0.111355 -0.256785 0.352077 -0.0373142 -0.387872 -0.00291318 0.0882531 -0.4766 0.0239419 0.07135 -0.505116 -0.0734038 0.0663788 -0.416388 -0.100259 0.0832819 -0.364843 0.0175081 0.0421094 -0.373412 0.0177052 0.0874031 -0.38009 -0.00508999 0.086239 -0.370855 -0.000820633 0.0445476 -0.378664 -0.00312503 0.0395844 -0.360949 -0.00353264 -0.0540533 -0.352502 -0.00124294 -0.0524651 -0.403783 -0.103433 0.0392812 -0.411525 -0.103255 0.0802028 -0.417681 -0.101533 0.0817961 -0.504298 -0.0753163 0.065295 -0.509444 -0.0736175 0.0615487 -0.501702 -0.0737957 0.0206271 -0.495546 -0.0755177 0.0190338 -0.408929 -0.101734 0.0355348 -0.37989 0.0243339 0.0896445 -0.468618 0.051189 0.0727414 -0.440878 0.048657 -0.0706487 -0.35426 0.0224408 -0.0541478 -0.349641 0.0172087 -0.0532511 -0.354629 0.000180691 -0.0541206 -0.361312 -0.00163062 -0.055377 -0.447929 0.0245856 -0.071878 -0.452548 0.0298177 -0.0727747 -0.44756 0.0468457 -0.0719051 -0.495909 -0.0736157 0.0177102 -0.503691 -0.0714389 0.0197242 -0.47387 0.0303587 0.0249227 -0.467392 0.02373 0.0226813 -0.400675 -0.102618 0.039349 -0.407181 -0.100471 0.0346133 -0.449677 0.0233224 -0.0709564 -0.459411 0.0509771 0.0240728 -0.370682 0.024122 0.0409758 -0.370682 0.024122 0.0409758 -0.347128 0.0171005 -0.0515283 -0.352967 0.0237144 -0.0526619 -0.441695 0.0505695 -0.069565 -0.450143 0.0482798 -0.0711532 -0.467858 0.0486874 0.0224845 -0.416388 -0.100259 0.0832819 -0.408606 -0.102436 0.0812679 -0.387872 -0.00291318 0.0882531 -0.476427 0.0488846 0.0677783 -0.483105 0.0260893 0.0666142 -0.511621 -0.0712564 0.061643 -0.37989 0.0243339 0.0896445 -0.455517 0.0299364 -0.07209 -0.352967 0.0237144 -0.0526619 -0.504298 -0.0753163 0.065295 -0.509444 -0.0736175 0.0615487 -0.501702 -0.0737957 0.0206271 -0.495546 -0.0755177 0.0190338 -0.408929 -0.101734 0.0355348 -0.403783 -0.103433 0.0392812 -0.411525 -0.103255 0.0802028 -0.417681 -0.101533 0.0817961 -0.354629 0.000180691 -0.0541206 -0.361312 -0.00163062 -0.055377 -0.447929 0.0245856 -0.071878 -0.452548 0.0298177 -0.0727747 -0.44756 0.0468457 -0.0719051 -0.440878 0.048657 -0.0706487 -0.35426 0.0224408 -0.0541478 -0.349641 0.0172087 -0.0532511 -0.417681 -0.101533 0.0817961 -0.35426 0.0224408 -0.0541478 -0.290631 0.461597 0.0567918 -0.293367 0.46166 0.0712542 -0.283601 0.455575 0.0731282 -0.280865 0.455512 0.0586658 -0.280865 0.455512 0.0586658 -0.283601 0.455575 0.0731282 -0.278137 0.44537 0.0742065 -0.275401 0.445307 0.0597441 -0.278438 0.43378 0.0742 -0.275702 0.433717 0.0597376 -0.284423 0.423911 0.0731106 -0.281687 0.423848 0.0586482 -0.294489 0.418407 0.0712302 -0.291753 0.418344 0.0567678 -0.305939 0.418743 0.0690625 -0.303203 0.41868 0.0546002 -0.315705 0.424828 0.0671885 -0.312969 0.424765 0.0527262 -0.321169 0.435033 0.0661103 -0.318433 0.43497 0.0516479 -0.320869 0.446623 0.0661167 -0.318132 0.44656 0.0516544 -0.314883 0.456492 0.0672061 -0.312147 0.456429 0.0527438 -0.283601 0.455575 0.0731282 -0.293367 0.46166 0.0712542 -0.304817 0.461996 0.0690866 -0.314883 0.456492 0.0672061 -0.320869 0.446623 0.0661167 -0.321169 0.435033 0.0661103 -0.315705 0.424828 0.0671885 -0.305939 0.418743 0.0690625 -0.294489 0.418407 0.0712302 -0.284423 0.423911 0.0731106 -0.278438 0.43378 0.0742 -0.278137 0.44537 0.0742065 -0.304817 0.461996 0.0690866 -0.302081 0.461933 0.0546242 -0.300815 0.456592 0.0548869 -0.292171 0.456338 0.0565233 -0.291922 0.456333 0.0552057 -0.300566 0.456586 0.0535693 -0.284799 0.451744 0.057938 -0.280674 0.44404 0.058752 -0.284799 0.451744 0.057938 -0.280901 0.435291 0.0587472 -0.285419 0.427841 0.0579247 -0.293019 0.423685 0.0565051 -0.301663 0.423939 0.0548687 -0.309035 0.428533 0.053454 -0.31316 0.436237 0.05264 -0.312933 0.444986 0.0526448 -0.308415 0.452437 0.0534673 -0.28517 0.427835 0.0566072 -0.292769 0.42368 0.0551876 -0.290847 0.417453 0.0531198 -0.280377 0.423178 0.0550758 -0.280425 0.444035 0.0574345 -0.28455 0.451739 0.0566205 -0.312684 0.44498 0.0513273 -0.312911 0.436231 0.0513224 -0.301413 0.423933 0.0535512 -0.280652 0.435285 0.0574296 -0.308165 0.452431 0.0521497 -0.308786 0.428527 0.0521364 -0.28455 0.451739 0.0566205 -0.302757 0.417802 0.0508651 -0.302206 0.417789 0.0479505 -0.290296 0.41744 0.0502052 -0.28968 0.462443 0.0531448 -0.30159 0.462792 0.0508901 -0.273838 0.445499 0.0562156 -0.279522 0.456113 0.0550941 -0.318286 0.446802 0.047801 -0.318599 0.434747 0.0477943 -0.274151 0.433443 0.0562089 -0.312061 0.457067 0.0489341 -0.312915 0.424132 0.0489158 -0.279522 0.456113 0.0550941 -0.289129 0.46243 0.0502302 -0.301039 0.46278 0.0479755 -0.273287 0.445486 0.053301 -0.278971 0.4561 0.0521795 -0.2736 0.433431 0.0532943 -0.311509 0.457054 0.0460195 -0.317735 0.446789 0.0448864 -0.312364 0.424119 0.0460012 -0.279825 0.423165 0.0521612 -0.318048 0.434734 0.0448797 -0.29224 0.444163 0.0375374 -0.290372 0.442999 0.0378958 -0.289326 0.441047 0.0381021 -0.289384 0.43883 0.0381008 -0.290529 0.436943 0.0378925 -0.292454 0.43589 0.0375328 -0.294644 0.435954 0.0371182 -0.296512 0.437118 0.0367597 -0.297557 0.43907 0.0365535 -0.2975 0.441287 0.0365547 -0.296355 0.443175 0.0367631 -0.29443 0.444227 0.0371228 -0.278971 0.4561 0.0521795 -0.281388 0.452242 0.0431237 -0.289118 0.457059 0.0416403 -0.290372 0.442999 0.0378958 -0.29224 0.444163 0.0375374 -0.277063 0.444165 0.0439771 -0.281388 0.452242 0.0431237 -0.289326 0.441047 0.0381021 -0.290372 0.442999 0.0378958 -0.277301 0.434991 0.043972 -0.289384 0.43883 0.0381008 -0.282039 0.427179 0.0431098 -0.290529 0.436943 0.0378925 -0.290006 0.422823 0.0416213 -0.292454 0.43589 0.0375328 -0.299069 0.423088 0.0399056 -0.294644 0.435954 0.0371182 -0.306799 0.427905 0.0384222 -0.296512 0.437118 0.0367597 -0.311124 0.435983 0.0375688 -0.297557 0.43907 0.0365535 -0.310886 0.445156 0.0375739 -0.2975 0.441287 0.0365547 -0.306149 0.452968 0.0384362 -0.296355 0.443175 0.0367631 -0.298181 0.457325 0.0399246 -0.29443 0.444227 0.0371228 -0.431107 -0.0141521 0.0324967 -0.433843 -0.0140892 0.0469591 -0.424078 -0.0201747 0.0488331 -0.421342 -0.0202377 0.0343707 -0.418613 -0.0303795 0.0499113 -0.415877 -0.0304424 0.0354489 -0.418914 -0.0419691 0.0499049 -0.416178 -0.042032 0.0354425 -0.424899 -0.0518381 0.0488155 -0.422163 -0.0519011 0.0343531 -0.434965 -0.0573422 0.046935 -0.432229 -0.0574052 0.0324727 -0.446415 -0.0570065 0.0447674 -0.443679 -0.0570695 0.030305 -0.456181 -0.050921 0.0428934 -0.453445 -0.050984 0.028431 -0.461645 -0.0407163 0.0418152 -0.458909 -0.0407792 0.0273528 -0.461345 -0.0291267 0.0418216 -0.458609 -0.0291896 0.0273592 -0.455359 -0.0192576 0.042911 -0.452623 -0.0193206 0.0284486 -0.424078 -0.0201747 0.0488331 -0.433843 -0.0140892 0.0469591 -0.445293 -0.0137535 0.0447914 -0.455359 -0.0192576 0.042911 -0.461345 -0.0291267 0.0418216 -0.461645 -0.0407163 0.0418152 -0.456181 -0.050921 0.0428934 -0.446415 -0.0570065 0.0447674 -0.434965 -0.0573422 0.046935 -0.424899 -0.0518381 0.0488155 -0.418914 -0.0419691 0.0499049 -0.418613 -0.0303795 0.0499113 -0.445293 -0.0137535 0.0447914 -0.442557 -0.0138164 0.0303291 -0.433843 -0.0140892 0.0469591 -0.431107 -0.0141521 0.0324967 -0.441292 -0.0191576 0.0305917 -0.432648 -0.019411 0.0322281 -0.432398 -0.0194167 0.0309106 -0.441042 -0.0191633 0.0292742 -0.425275 -0.0240051 0.0336429 -0.432648 -0.019411 0.0322281 -0.42115 -0.031709 0.0344569 -0.421377 -0.0404584 0.034452 -0.425896 -0.0479089 0.0336296 -0.433495 -0.0520641 0.03221 -0.442139 -0.0518107 0.0305736 -0.449511 -0.0472165 0.0291588 -0.453636 -0.0395126 0.0283448 -0.453409 -0.0307632 0.0283497 -0.448891 -0.0233128 0.0291721 -0.425646 -0.0479146 0.0323121 -0.433246 -0.0520698 0.0308925 -0.431324 -0.0582966 0.0288246 -0.420853 -0.0525715 0.0307806 -0.420901 -0.0317148 0.0331393 -0.425026 -0.0240109 0.0323253 -0.45316 -0.030769 0.0270322 -0.453387 -0.0395183 0.0270273 -0.44189 -0.0518164 0.029256 -0.421128 -0.0404641 0.0331345 -0.448642 -0.0233185 0.0278546 -0.449262 -0.0472222 0.0278413 -0.432398 -0.0194167 0.0309106 -0.443233 -0.0579475 0.0265699 -0.442682 -0.0579602 0.0236553 -0.430772 -0.0583093 0.02591 -0.430156 -0.0133063 0.0288496 -0.442066 -0.0129571 0.0265949 -0.414315 -0.0302509 0.0319205 -0.419999 -0.0196363 0.0307989 -0.458762 -0.0289478 0.0235058 -0.459075 -0.0410029 0.0234991 -0.414627 -0.042306 0.0319138 -0.452537 -0.0186823 0.024639 -0.453391 -0.0516175 0.0246207 -0.430156 -0.0133063 0.0288496 -0.429605 -0.013319 0.025935 -0.441515 -0.0129698 0.0236803 -0.413763 -0.0302636 0.0290059 -0.419447 -0.0196489 0.0278843 -0.414076 -0.0423187 0.0289992 -0.451985 -0.018695 0.0217244 -0.458211 -0.0289605 0.0205912 -0.45284 -0.0516302 0.0217061 -0.420302 -0.0525842 0.027866 -0.458524 -0.0410156 0.0205845 -0.432716 -0.0315863 0.0132422 -0.430848 -0.0327503 0.0136007 -0.429803 -0.0347022 0.0138069 -0.42986 -0.036919 0.0138057 -0.431005 -0.0388067 0.0135973 -0.43293 -0.0398595 0.0132376 -0.435121 -0.0397953 0.012823 -0.436988 -0.0386313 0.0124646 -0.438034 -0.0366794 0.0122583 -0.437976 -0.0344626 0.0122596 -0.436831 -0.0325749 0.0124679 -0.434906 -0.0315221 0.0128276 -0.429605 -0.013319 0.025935 -0.421865 -0.0235074 0.0188285 -0.429594 -0.0186906 0.0173452 -0.430848 -0.0327503 0.0136007 -0.432716 -0.0315863 0.0132422 -0.417539 -0.0315848 0.019682 -0.429803 -0.0347022 0.0138069 -0.417777 -0.0407584 0.0196769 -0.42986 -0.036919 0.0138057 -0.422515 -0.0485701 0.0188146 -0.431005 -0.0388067 0.0135973 -0.430483 -0.0529267 0.0173262 -0.43293 -0.0398595 0.0132376 -0.439546 -0.052661 0.0156104 -0.435121 -0.0397953 0.012823 -0.447275 -0.0478441 0.0141271 -0.436988 -0.0386313 0.0124646 -0.451601 -0.0397668 0.0132736 -0.438034 -0.0366794 0.0122583 -0.451363 -0.0305932 0.0132787 -0.437976 -0.0344626 0.0122596 -0.446625 -0.0227815 0.014141 -0.436831 -0.0325749 0.0124679 -0.438657 -0.0184249 0.0156294 -0.434906 -0.0315221 0.0128276 -0.429594 -0.0186906 0.0173452 -0.432716 -0.0315863 0.0132422 -0.407614 0.012347 -0.0476593 -0.403479 0.0264605 -0.0469386 -0.393429 0.0232627 -0.0419718 -0.397563 0.00914917 -0.0426925 -0.387186 0.0209474 -0.0324439 -0.391321 0.00683388 -0.0331646 -0.386424 0.020135 -0.0209078 -0.390558 0.00602146 -0.0216286 -0.391346 0.0210431 -0.0104547 -0.395481 0.0069296 -0.0111755 -0.400634 0.0234285 -0.00388552 -0.404769 0.00931496 -0.00460626 -0.411799 0.0266519 -0.00296037 -0.415934 0.0125384 -0.00368109 -0.415934 0.0125384 -0.00368109 -0.411799 0.0266519 -0.00296037 -0.42185 0.0298497 -0.00792715 -0.425984 0.0157362 -0.0086479 -0.428092 0.032165 -0.0174551 -0.432227 0.0180515 -0.0181758 -0.428855 0.0329774 -0.0289911 -0.432989 0.0188639 -0.0297118 -0.423932 0.0320693 -0.0394442 -0.428067 0.0179558 -0.0401649 -0.393429 0.0232627 -0.0419718 -0.403479 0.0264605 -0.0469386 -0.414644 0.0296839 -0.0460134 -0.423932 0.0320693 -0.0394442 -0.428855 0.0329774 -0.0289911 -0.428092 0.032165 -0.0174551 -0.42185 0.0298497 -0.00792715 -0.411799 0.0266519 -0.00296037 -0.400634 0.0234285 -0.00388552 -0.391346 0.0210431 -0.0104547 -0.386424 0.020135 -0.0209078 -0.387186 0.0209474 -0.0324439 -0.414644 0.0296839 -0.0460134 -0.418779 0.0155704 -0.0467341 -0.417062 0.0148039 -0.041572 -0.408633 0.0123704 -0.0422705 -0.40901 0.0110847 -0.0423361 -0.417439 0.0135181 -0.0416377 -0.401046 0.00995631 -0.0385209 -0.396333 0.00820842 -0.0313279 -0.395757 0.0075951 -0.022619 -0.399474 0.00828068 -0.0147277 -0.406485 0.0100815 -0.00976835 -0.414914 0.0125149 -0.00906992 -0.422502 0.014929 -0.0128195 -0.414914 0.0125149 -0.00906992 -0.427214 0.0166769 -0.0200124 -0.42779 0.0172903 -0.0287213 -0.424074 0.0166047 -0.0366127 -0.39985 0.00699492 -0.0147934 -0.406862 0.00879571 -0.00983402 -0.405542 0.0055873 -0.00394414 -0.395881 0.00310612 -0.0107772 -0.39671 0.00692266 -0.0313936 -0.401422 0.00867055 -0.0385865 -0.428167 0.0160045 -0.028787 -0.427591 0.0153912 -0.0200781 -0.415291 0.0112292 -0.00913559 -0.396134 0.00630933 -0.0226847 -0.424451 0.0153189 -0.0366783 -0.422878 0.0136433 -0.0128852 -0.415291 0.0112292 -0.00913559 -0.417156 0.0089402 -0.00298183 -0.417989 0.00609592 -0.00312707 -0.406376 0.00274301 -0.0040894 -0.408502 0.00874108 -0.0487265 -0.420115 0.012094 -0.0477641 -0.391554 0.00300656 -0.0336495 -0.398048 0.00541485 -0.0435602 -0.434896 0.0155198 -0.0300581 -0.434104 0.0146747 -0.0180587 -0.390761 0.00216151 -0.0216502 -0.429776 0.0145752 -0.040931 -0.42761 0.0122664 -0.00814812 -0.417156 0.0089402 -0.00298183 -0.409335 0.00589679 -0.0488717 -0.420948 0.0092497 -0.0479094 -0.392387 0.000162274 -0.0337948 -0.398881 0.00257056 -0.0437054 -0.391594 -0.000682779 -0.0217954 -0.43061 0.0117309 -0.0410763 -0.43573 0.0126755 -0.0302034 -0.428443 0.00942214 -0.00829336 -0.417989 0.00609592 -0.00312707 -0.396715 0.000261839 -0.0109225 -0.434937 0.0118304 -0.018204 -0.416229 -0.00550077 -0.0307916 -0.414307 -0.00611243 -0.0298415 -0.413112 -0.00655529 -0.0280191 -0.412967 -0.00671069 -0.0258125 -0.413908 -0.00653698 -0.0238131 -0.415685 -0.00608072 -0.0225566 -0.41782 -0.00546416 -0.0223796 -0.419743 -0.0048525 -0.0233296 -0.420937 -0.00440964 -0.0251521 -0.421083 -0.00425425 -0.0273586 -0.420141 -0.00442795 -0.0293581 -0.418365 -0.00488421 -0.0306146 -0.404792 -0.00472731 -0.0398876 -0.412747 -0.00219616 -0.043819 -0.414307 -0.00611243 -0.0298415 -0.416229 -0.00550077 -0.0307916 -0.39985 -0.00655994 -0.032346 -0.413112 -0.00655529 -0.0280191 -0.399247 -0.00720299 -0.0232148 -0.412967 -0.00671069 -0.0258125 -0.403143 -0.00648417 -0.0149409 -0.413908 -0.00653698 -0.0238131 -0.410495 -0.00459608 -0.00974111 -0.415685 -0.00608072 -0.0225566 -0.419333 -0.00204463 -0.00900881 -0.41782 -0.00546416 -0.0223796 -0.427288 0.000486512 -0.0129402 -0.419333 -0.00204463 -0.00900881 -0.419743 -0.0048525 -0.0233296 -0.41782 -0.00546416 -0.0223796 -0.432229 0.00231914 -0.0204818 -0.420937 -0.00440964 -0.0251521 -0.432832 0.00296219 -0.029613 -0.421083 -0.00425425 -0.0273586 -0.428936 0.00224338 -0.0378869 -0.420141 -0.00442795 -0.0293581 -0.421584 0.000355288 -0.0430866 -0.418365 -0.00488421 -0.0306146 -0.295673 0.391457 -0.0282992 -0.285623 0.388259 -0.0233324 -0.289757 0.374146 -0.0240532 -0.299807 0.377344 -0.02902 -0.27938 0.385944 -0.0138045 -0.283514 0.37183 -0.0145253 -0.278618 0.385132 -0.00226851 -0.282752 0.371018 -0.00298925 -0.28354 0.38604 0.00818457 -0.287674 0.371926 0.00746383 -0.292828 0.388425 0.0147538 -0.296962 0.374312 0.0140331 -0.303993 0.391648 0.015679 -0.308127 0.377535 0.0149582 -0.314043 0.394846 0.0107122 -0.318178 0.380733 0.00999143 -0.320286 0.397162 0.00118427 -0.324421 0.383048 0.000463516 -0.321048 0.397974 -0.0103518 -0.325183 0.38386 -0.0110725 -0.316126 0.397066 -0.0208048 -0.320261 0.382952 -0.0215256 -0.289757 0.374146 -0.0240532 -0.283514 0.37183 -0.0145253 -0.282752 0.371018 -0.00298925 -0.287674 0.371926 0.00746383 -0.296962 0.374312 0.0140331 -0.308127 0.377535 0.0149582 -0.318178 0.380733 0.00999143 -0.324421 0.383048 0.000463516 -0.325183 0.38386 -0.0110725 -0.320261 0.382952 -0.0215256 -0.310972 0.380567 -0.0280948 -0.299807 0.377344 -0.02902 -0.306838 0.39468 -0.0273741 -0.310972 0.380567 -0.0280948 -0.295673 0.391457 -0.0282992 -0.299807 0.377344 -0.02902 -0.305121 0.393914 -0.022212 -0.304745 0.3952 -0.0221463 -0.296316 0.392766 -0.0228447 -0.296692 0.391481 -0.0229104 -0.289105 0.389066 -0.0191608 -0.296692 0.391481 -0.0229104 -0.284392 0.387319 -0.0119679 -0.283817 0.386705 -0.00325897 -0.287533 0.387391 0.00463238 -0.294545 0.389192 0.0095917 -0.302974 0.391625 0.0102901 -0.310561 0.394039 0.00654054 -0.315274 0.395787 -0.000652388 -0.315849 0.3964 -0.0093613 -0.312133 0.395715 -0.0172527 -0.287156 0.388677 0.00469804 -0.28183 0.38942 0.00895071 -0.291491 0.391901 0.0157838 -0.294168 0.390477 0.00965736 -0.288728 0.390352 -0.0190952 -0.284016 0.388604 -0.0119022 -0.314897 0.397073 -0.000586718 -0.315473 0.397686 -0.00929563 -0.302597 0.392911 0.0103558 -0.28344 0.387991 -0.00319332 -0.311757 0.397001 -0.017187 -0.310184 0.395325 0.0066062 -0.296316 0.392766 -0.0228447 -0.290658 0.394746 0.015929 -0.302272 0.398099 0.0168914 -0.303105 0.395254 0.0167461 -0.306064 0.398408 -0.0280362 -0.294451 0.395055 -0.0289985 -0.283997 0.391729 -0.0238322 -0.277503 0.389321 -0.0139216 -0.320052 0.400989 0.00166923 -0.320845 0.401834 -0.0103302 -0.27671 0.388476 -0.00192222 -0.315725 0.400889 -0.0212031 -0.313559 0.398581 0.0115798 -0.294451 0.395055 -0.0289985 -0.305231 0.401252 -0.0278909 -0.293617 0.3979 -0.0288533 -0.283163 0.394573 -0.023687 -0.27667 0.392165 -0.0137764 -0.275877 0.39132 -0.00177696 -0.320012 0.404678 -0.0101849 -0.314892 0.403734 -0.0210578 -0.312726 0.401425 0.0117251 -0.280997 0.392265 0.00909596 -0.319219 0.403833 0.00181447 -0.293786 0.40946 -0.00960071 -0.295922 0.410076 -0.00942376 -0.297698 0.410532 -0.00816722 -0.29864 0.410706 -0.00616783 -0.298494 0.410551 -0.00396125 -0.2973 0.410108 -0.00213881 -0.295378 0.409496 -0.00118878 -0.293242 0.40888 -0.00136574 -0.291466 0.408423 -0.00262226 -0.290524 0.40825 -0.0046217 -0.29067 0.408405 -0.00682825 -0.291864 0.408848 -0.00865069 -0.293617 0.3979 -0.0288533 -0.292274 0.40604 -0.0229715 -0.284319 0.403509 -0.0190401 -0.293786 0.40946 -0.00960071 -0.291864 0.408848 -0.00865069 -0.279378 0.401676 -0.0114985 -0.29067 0.408405 -0.00682825 -0.278774 0.401033 -0.00236736 -0.290524 0.40825 -0.0046217 -0.28267 0.401752 0.00590657 -0.291466 0.408423 -0.00262226 -0.290022 0.40364 0.0111063 -0.293242 0.40888 -0.00136574 -0.29886 0.406192 0.0118386 -0.295378 0.409496 -0.00118878 -0.306815 0.408723 0.00790724 -0.2973 0.410108 -0.00213881 -0.311756 0.410555 0.000365615 -0.298494 0.410551 -0.00396125 -0.31236 0.411198 -0.00876552 -0.29864 0.410706 -0.00616783 -0.308463 0.41048 -0.0170395 -0.297698 0.410532 -0.00816722 -0.301112 0.408592 -0.0222392 -0.295922 0.410076 -0.00942376 -0.292274 0.40604 -0.0229715 -0.293786 0.40946 -0.00960071 </float_array>
          <technique_common>
            <accessor count="2365" offset="0" source="#meshId1-positions-array" stride="3">
              <param name="X" type="float" />
              <param name="Y" type="float" />
              <param name="Z" type="float" />
            </accessor>
          </technique_common>
        </source>
        <source id="meshId1-normals" name="meshId1-normals">
          <float_array id="meshId1-normals-array" count="7095"> -0.196971 0.733531 -0.650488 0.17286 0.832927 -0.525692 0.270432 0.289811 -0.918083 0.173104 0.258099 -0.950484 -0.926609 0.376021 0.0018921 -0.692685 0.196571 -0.693936 -0.631476 0.357687 -0.687967 -0.801342 0.598206 -0.000457885 0.324657 0.00747721 0.945802 0.295516 0.0314958 0.954818 0.385551 0.715405 0.582706 0.17515 0.704232 0.688026 0.00073246 0.999992 0.00402837 -0.0793502 0.748882 -0.657935 3.05196e-05 0.754903 -0.655837 0 0.999962 0.00875885 -0.00512719 0.999986 0.00149527 -0.462612 0.886556 -0.00296052 -0.466823 0.697091 0.544189 -0.186689 0.703937 0.685289 -0.540657 0.476047 -0.693592 -0.654971 0.755654 0.000335587 -0.807342 -0.590079 -0.00247192 -0.522923 -0.480073 -0.704331 -0.389271 -0.596771 -0.701664 -0.636635 -0.771165 0.000427398 -0.0915864 0.0540792 0.994328 -0.109623 0.077609 0.990939 -0.212446 -0.0529206 0.975739 -0.178507 -0.10581 0.978233 -0.500912 -0.865494 0.00271635 -0.292012 -0.63777 -0.712726 -0.153788 -0.715651 -0.681317 -0.228524 -0.973515 0.00668375 0.178752 -0.106207 0.978145 0.0872847 -0.168313 0.981861 0.195782 -0.731976 0.652595 0.430447 -0.610664 0.664684 -0.161812 0.0594203 -0.985031 -0.0710484 0.0943648 -0.992999 -0.226821 0.644785 -0.729935 -0.455932 0.579872 -0.675185 0.109136 0.0777624 0.990981 0.0917391 0.0538046 0.994328 0.211312 -0.0527974 0.975992 -0.179572 0.00863661 -0.983707 -0.183326 -0.0196542 -0.982856 -0.0672034 -0.106879 -0.991998 -0.0818833 -0.104529 -0.991145 -0.00238048 0.999984 0.00518806 -0.163859 0.709545 0.685344 -0.121315 0.726331 0.676554 -0.00103765 0.99999 0.00439459 0.785617 -0.618709 -0.00234985 0.648138 -0.408134 0.642919 0.541876 -0.528814 0.653243 0.634744 -0.772722 0.00033584 -0.166728 -0.0412625 -0.985139 -0.0344256 -0.0951894 -0.994864 -0.500912 -0.865494 0.00271635 -0.430348 -0.61038 0.665009 -0.543617 -0.527778 0.652634 -0.636635 -0.771165 0.000427398 -0.0812423 0.738963 0.66883 -0.00073246 0.999992 0.00402837 -0.26771 0.045259 -0.962436 -0.252672 0.11924 -0.960177 -0.479791 -0.425864 -0.767098 -0.264238 -0.696914 -0.6667 0.500912 -0.865494 0.00271635 0.0567346 -0.0381179 0.997661 0.0286266 0.0119635 0.999519 0.178137 0.00735512 0.983978 0.208443 -0.0171819 0.977883 0.36968 0.929159 -0.00112936 0.00762984 0.999966 0.00308229 0.999336 -0.0334791 0.0143438 0.905714 0.423605 0.0155036 0.747165 0.267163 0.608579 0.75164 -0.0160533 0.659379 0.0571012 0.0706213 0.995868 0.0809673 0.0838363 0.993185 0.221169 0.020875 0.975012 0.205336 0.0383938 0.977938 -0.224222 -0.00463902 -0.974527 -0.210551 0.217509 -0.953078 -0.26121 0.294323 -0.919317 -0.186962 -0.0472747 -0.981229 -0.177438 0.16871 -0.969563 0.124425 -0.094883 0.987682 0.182382 -0.139472 0.973285 0.176919 0.0863997 0.980426 0.119391 0.125709 0.984857 0.00085454 0.999995 0.00302125 -0.133277 0.77772 -0.61432 -0.11573 0.76497 -0.633584 0.00115973 0.999989 0.00445563 0 -0.101202 -0.994866 0.124975 -0.084324 -0.98857 0.119543 0.125402 -0.984878 0 0.109075 -0.994034 0.292075 -0.637804 -0.712669 0.153847 -0.715674 -0.681279 -0.0264903 -0.0610683 -0.997782 -0.073245 -0.0778535 -0.994271 0.0793194 0.749155 -0.657628 -0.00073246 0.999992 0.00402837 0 -0.999988 0.00482218 -3.0519e-05 -0.764012 -0.645202 -0.0831348 -0.74629 -0.660409 0.000335714 -1 0.000610552 0.00073246 0.999992 0.00402837 0.0812118 0.738994 0.668799 0.122961 0.725496 0.677153 0.00115973 0.999989 0.00445563 0.00762984 0.999966 0.00308229 -0.167185 0.853262 -0.493957 0.918952 -0.394364 -0.00213625 0.736766 -0.248213 0.628941 -0.926753 -0.375664 -0.00247201 -0.625524 -0.326313 -0.708689 -0.180458 -0.135809 0.974162 -0.124425 -0.0942421 0.987743 -0.119391 0.125465 0.984888 -0.174965 0.0869791 0.980725 0.187328 -0.0424221 -0.981381 0.230539 -0.0109564 -0.973001 0.228037 0.228037 -0.946572 0.177558 0.170233 -0.969275 0.289874 -0.0204177 -0.956847 0.275803 0.0781598 -0.958031 0.218429 -0.745565 -0.62962 0.534179 -0.384238 -0.753003 0.999201 0.0375082 -0.0137642 0.753372 0.019807 -0.657297 0.703102 -0.124122 -0.700172 0.96197 -0.269577 -0.0440699 0.213116 0.00531019 -0.977012 0.149971 -0.00671437 -0.988668 -0.0183417 -0.011994 -0.99976 0.0135503 0.0432755 -0.998971 -0.128822 -0.00778261 -0.991637 -0.132848 0.0194403 -0.990946 -0.0270094 0.0458395 -0.998584 0.00824012 -0.0121467 -0.999892 -0.921118 -0.387894 -0.0328687 -0.588284 -0.175118 -0.789465 -0.730819 0.0130927 -0.682446 -0.999534 0.0273757 -0.0134895 -0.535611 0.844465 0.00045765 -0.273333 0.961915 0.00286868 0 -0.0784956 0.996914 0 0.141088 0.989997 -0.124915 -0.0857287 -0.988457 -0.119544 0.124854 -0.984947 -0.000305194 -1 0.000580032 0.0832572 -0.745652 -0.661113 -0.0490138 0.0132455 0.99871 -0.0871312 -0.168097 0.981912 0.180095 0.00881995 -0.98361 0.161538 0.0590545 -0.985098 0.0731226 -0.0780362 -0.994265 0.0822479 -0.104435 -0.991125 0.535575 0.844487 0.000427126 0.455743 0.579711 -0.67545 0.540947 0.475789 -0.693542 0.655314 0.755357 0.000152474 -0.125312 -0.735911 -0.665381 0.000488311 -1 0.000549513 -0.000335714 -1 0.000549513 0.126044 -0.733741 -0.667636 0.189341 -0.0239882 -0.981618 0.0685161 -0.107978 -0.991789 0.0992469 0.0870396 0.991249 0.221724 -0.0141609 0.975007 0.218515 -0.192726 0.956613 0.289936 -0.395808 0.871363 0.214309 0.0426666 0.975834 -0.999391 -0.0319835 0.0139165 -0.942211 0.334823 0.0114446 -0.687084 0.288775 -0.666727 -0.701006 -0.0355555 -0.712268 -0.00103766 -0.999999 -0.0008849 0.17518 -0.754558 -0.63242 -0.000213636 -1 -9.13954e-05 -0.000366233 -0.999999 -0.00128165 -0.158484 -0.717192 -0.678616 0.00299084 -0.999978 0.00589029 -0.105596 0.0881694 0.990493 -0.0811816 0.0853324 0.99304 -0.225167 0.0234996 0.974037 -0.233106 -0.00976598 0.972402 -0.289534 -0.353167 0.889631 -0.235912 -0.267652 0.934188 -0.229501 0.036226 0.972634 -0.313156 0.0157785 0.949571 0.823137 0.567843 -0.000488402 0.644942 0.329796 -0.689409 0.707166 0.188793 -0.681377 0.93425 0.356615 0.00167849 0.155706 -0.0453814 -0.98676 0.174967 -0.0429713 -0.983636 0.0397358 -0.0954026 -0.994645 0.0173654 -0.0758099 -0.996971 -0.363392 -0.931384 -0.021699 0.733316 0.105017 -0.671728 0.976644 0.214855 0.00201423 0.0491357 0.0130928 0.998706 -0.514192 -0.267381 0.814932 -0.687693 0.024202 0.725598 -0.192942 0.308243 -0.931536 0.157114 -0.790942 0.591376 -0.027681 -0.825334 0.563967 0.218551 -0.186078 0.95792 -0.021058 0.0121466 0.999704 -0.0536222 -0.038332 0.997825 -0.27498 -0.0106511 0.961391 -0.217604 0.0069586 0.976012 -0.206373 -0.173076 0.963045 -0.344564 0.0499299 0.937434 0.167857 0.731157 -0.661237 -0.195779 -0.731875 0.652709 0.0264597 -0.0611596 -0.997777 -3.05192e-05 0.73426 0.678868 0.228437 -0.973536 0.00668389 0.500912 -0.865494 0.00271635 0.387594 -0.597536 -0.701942 0.115668 0.765817 -0.632571 0.144173 0.784465 -0.603182 0.148079 0.716193 0.682012 0.63059 -0.336994 -0.699136 0.499456 -0.497198 -0.709463 -0.741017 -0.23024 0.63078 -0.668495 -0.389274 0.633703 0.674509 0.326679 -0.662057 0.695927 -0.0362263 -0.717198 -0.661293 -0.212079 -0.719524 -0.97429 -0.225292 -0.00177007 -0.926753 -0.375664 -0.00247201 -0.75557 -0.123512 0.643319 0.979809 -0.199929 -0.00164799 0.759318 -0.103155 0.642491 0.664447 -0.195296 -0.721366 -0.0184029 -0.0760839 -0.996932 -0.803469 0.1847 0.565971 -0.76921 -0.0157784 0.638801 0.0614958 -0.763158 0.643279 -0.158362 -0.831392 0.532644 -0.654394 0.188273 0.73234 -0.566156 0.326949 0.756685 -0.202006 0.0335712 0.978809 0.117653 0.611916 0.782123 0.296314 0.621866 0.7249 0.070987 0.0941506 -0.993024 0.226635 0.644654 -0.730108 -0.0844776 -0.739454 0.667886 6.10384e-05 -0.722664 0.691199 0.0844762 -0.73996 0.667325 0.273297 0.961925 0.00286862 -0.346819 0.571684 0.743568 -0.296285 0.621839 0.724935 0.121039 -0.754309 0.645265 -0.120125 -0.752641 0.64738 0.346853 0.571416 0.743759 -0.141304 -0.768842 0.623631 0.142313 -0.77599 0.614481 -0.472933 0.481815 0.737692 0.477818 0.462894 0.746605 0.586427 0.316912 0.745433 -0.0554227 0.0693396 0.996052 -0.158425 -0.0487393 -0.986167 -0.73731 0.0877422 -0.669832 -0.981541 0.19123 0.00274665 0.462851 -0.885569 -0.0391862 0.650396 0.20396 0.7317 0.568639 -0.221968 0.792073 0.462851 -0.885569 -0.0391862 0.96197 -0.269577 -0.0440699 -0.462612 0.886556 -0.00296052 -0.11759 0.611906 0.782141 0.273297 0.961925 0.00286862 -0.273333 0.961915 0.00286868 -0.189647 0.0212416 0.981623 -0.761219 -0.0672345 0.645 -0.686739 -0.121679 -0.716648 -0.00329604 -0.0437947 -0.999035 6.10383e-05 -0.0437036 -0.999045 0.685523 -0.113654 -0.719125 0.759781 -0.0572544 0.647653 0.187602 0.0238662 0.981955 0.672115 0.113164 0.731748 -0.0375384 0.0408346 0.998461 0.693277 0.0308246 0.720012 0.138982 -0.026643 -0.989936 0.73218 0.0592677 -0.678528 -0.731481 0.047457 -0.680209 -0.138188 -0.0286571 -0.989991 0.0408654 0.0411402 0.998317 -0.672515 0.101903 0.733034 0.992482 0.122382 -0.00161753 -0.981541 0.19123 0.00274665 -0.994409 0.105597 -0.00070196 -0.999534 0.0273757 -0.0134895 -0.992182 -0.124793 0.000793522 -0.97429 -0.225292 -0.00177007 0.979809 -0.199929 -0.00164799 0.993572 -0.113194 0.000915585 0.999336 -0.0334791 0.0143438 0.993572 -0.113194 0.000915585 -0.992182 -0.124793 0.000793522 -0.999391 -0.0319835 0.0139165 -0.228524 -0.973515 0.00668375 0.228437 -0.973536 0.00668389 0.36968 0.929159 -0.00112936 0.905714 0.423605 0.0155036 -0.942211 0.334823 0.0114446 0.918952 -0.394364 -0.00213625 -0.00512719 0.999986 0.00149527 -0.00238048 0.999984 0.00518806 -0.807342 -0.590079 -0.00247192 0.785617 -0.618709 -0.00234985 0.00085454 0.999995 0.00302125 0 0.999962 0.00875885 0.634744 -0.772722 0.00033584 -0.00103765 0.99999 0.00439459 -0.994409 0.105597 -0.00070196 0.992482 0.122382 -0.00161753 0.999201 0.0375082 -0.0137642 0.976644 0.214855 0.00201423 -0.363392 -0.931384 -0.021699 -0.921118 -0.387894 -0.0328687 -0.00103766 -0.999999 -0.0008849 -0.926609 0.376021 0.0018921 0.535575 0.844487 0.000427126 0.000488311 -1 0.000549513 -0.000366233 -0.999999 -0.00128165 -0.000213636 -1 -9.13954e-05 -0.000335714 -1 0.000549513 0.93425 0.356615 0.00167849 0.00299084 -0.999978 0.00589029 0.655314 0.755357 0.000152474 0.823137 0.567843 -0.000488402 -0.000305194 -1 0.000580032 0.000335714 -1 0.000610552 0 -0.999988 0.00482218 -0.654971 0.755654 0.000335587 -0.535611 0.844465 0.00045765 -0.801342 0.598206 -0.000457885 -0.284377 0.75605 -0.589507 -0.196022 0.89533 -0.399949 0.247084 0.80876 -0.53372 0.0708655 0.675358 -0.734077 0.589687 0.498801 -0.63519 0.341171 0.413715 -0.844063 0.732578 0.0509666 -0.678773 0.454094 0.0412312 -0.889999 0.635614 -0.410386 -0.653895 0.379354 -0.342304 -0.859604 0.326192 -0.757187 -0.565921 0.13703 -0.634125 -0.760992 -0.105628 -0.893368 -0.436734 -0.207985 -0.756042 -0.620599 -0.537236 -0.787771 -0.30132 -0.563266 -0.675364 -0.476041 -0.856256 -0.477447 -0.197156 -0.833573 -0.41372 -0.366048 -0.987198 -0.0467246 -0.152503 -0.946482 -0.0412311 -0.320112 -0.900405 0.396443 -0.179178 -0.871759 0.342307 -0.350517 -0.614506 0.741314 -0.269882 -0.909434 0.402026 -0.106328 -0.624421 0.753914 -0.204234 -0.629426 0.634126 -0.449119 -0.196022 0.89533 -0.399949 -0.284377 0.75605 -0.589507 -0.284377 0.75605 -0.589507 0.0708655 0.675358 -0.734077 0.341171 0.413715 -0.844063 0.454094 0.0412312 -0.889999 0.379354 -0.342304 -0.859604 0.13703 -0.634125 -0.760992 -0.207985 -0.756042 -0.620599 -0.563266 -0.675364 -0.476041 -0.833573 -0.41372 -0.366048 -0.946482 -0.0412311 -0.320112 -0.871759 0.342307 -0.350517 -0.629426 0.634126 -0.449119 0.32637 -0.786658 -0.524072 0.651759 -0.433305 -0.62246 0.883824 -0.443408 -0.149145 0.56988 -0.821448 -0.0214242 0.244371 0.836362 -0.490696 0.603495 0.521916 -0.602824 -0.995829 -0.048708 -0.0771516 -0.864524 -0.486907 -0.12458 -0.545706 -0.803986 -0.236245 -0.113347 -0.916967 -0.382522 0.757211 0.0516383 -0.651126 -0.205915 0.915797 -0.34484 -0.205915 0.915797 -0.34484 0.484186 0.874862 0.0134283 0.834333 0.535947 -0.129035 0.459494 0.195474 0.866404 0.356647 0.218823 0.908251 0.25679 0.183544 0.948879 0.186657 0.0990665 0.977417 0.165016 -0.0119327 0.986219 0.197704 -0.119727 0.972923 0.275953 -0.195474 0.941084 0.378774 -0.218822 0.899248 0.478628 -0.183541 0.85862 0.548763 -0.0990647 0.830088 0.570407 0.0119332 0.821276 0.537719 0.119727 0.83458 -0.68741 -0.535944 0.490135 -0.833688 -0.0534082 0.549647 0.122932 -0.979365 0.16041 0.980611 0.0534085 -0.188547 -0.422962 0.821449 0.382525 0.0239577 0.979367 0.200665 -0.736885 0.443413 0.51028 -0.337238 -0.874867 0.347676 0.0239577 0.979367 0.200665 0.221568 0.727114 0.649779 0.563227 0.649534 0.510765 0.356647 0.218823 0.908251 0.459494 0.195474 0.866404 0.823206 0.397915 0.404965 0.537719 0.119727 0.83458 0.931813 0.0396445 0.360768 0.570407 0.0119332 0.821276 0.859947 -0.329183 0.390039 0.548763 -0.0990647 0.830088 0.62687 -0.60987 0.484863 0.478628 -0.183541 0.85862 0.29503 -0.727123 0.619878 0.378774 -0.218822 0.899248 -0.046602 -0.649529 0.758908 0.275953 -0.195474 0.941084 -0.306562 -0.397905 0.864691 0.197704 -0.119727 0.972923 -0.415176 -0.0396436 0.908877 0.165016 -0.0119327 0.986219 -0.343314 0.329214 0.879633 0.186657 0.0990665 0.977417 -0.110235 0.609865 0.784801 0.25679 0.183544 0.948879 0.221568 0.727114 0.649779 0.356647 0.218823 0.908251 -0.134923 0.756041 -0.640467 -0.0945167 0.89533 -0.435259 0.367699 0.808767 -0.459014 0.244582 0.675362 -0.695749 0.244582 0.675362 -0.695749 0.367699 0.808767 -0.459014 0.724629 0.498814 -0.475497 0.533359 0.413722 -0.737809 0.87382 0.0509361 -0.483574 0.653992 0.0412311 -0.755377 0.773711 -0.410386 -0.482654 0.574179 -0.342298 -0.743741 0.45224 -0.757193 -0.471315 0.315265 -0.634131 -0.706035 0.00198373 -0.893379 -0.449299 -0.0533166 -0.756046 -0.652343 -0.44946 -0.787768 -0.421199 -0.432859 -0.675368 -0.597085 -0.784138 -0.477448 -0.396448 -0.721657 -0.413718 -0.555022 -0.92195 -0.0467247 -0.384479 -0.842294 -0.0412313 -0.53744 -0.831304 0.39644 -0.389574 -0.762462 0.342304 -0.549072 -0.531989 0.741324 -0.409178 -0.857518 0.402025 -0.320997 -0.557341 0.753915 -0.347827 -0.503538 0.63413 -0.586795 -0.134923 0.756041 -0.640467 0.244582 0.675362 -0.695749 0.533359 0.413722 -0.737809 0.653992 0.0412311 -0.755377 0.574179 -0.342298 -0.743741 0.315265 -0.634131 -0.706035 -0.0533166 -0.756046 -0.652343 -0.432859 -0.675368 -0.597085 -0.721657 -0.413718 -0.555022 -0.842294 -0.0412313 -0.53744 -0.762462 0.342304 -0.549072 -0.503538 0.63413 -0.586795 0.44237 -0.786653 -0.430681 0.78185 -0.433286 -0.448302 0.893824 -0.443418 0.0667767 0.558436 -0.821448 0.115636 0.354761 0.836361 -0.417906 0.730299 0.521912 -0.440761 -0.948381 -0.0487085 -0.31337 -0.809531 -0.486909 -0.327993 -0.473229 -0.803995 -0.360064 -0.0184333 -0.916964 -0.398543 0.891087 0.0516377 -0.450884 -0.117376 0.915782 -0.384142 0.354761 0.836361 -0.417906 0.466883 0.874864 0.128974 0.840959 0.53595 0.074467 0.238632 0.195478 0.951232 0.128789 0.218819 0.967229 0.0220956 0.18354 0.982764 -0.0527985 0.0990659 0.993679 -0.0758999 -0.0119326 0.997044 -0.0409871 -0.119726 0.991961 0.0425741 -0.195474 0.979784 0.152412 -0.218821 0.963788 0.259105 -0.18354 0.94825 0.334034 -0.0990656 0.93734 0.357135 0.0119331 0.933977 0.322218 0.119725 0.939064 -0.784774 -0.53595 0.311267 -0.941049 -0.0534079 0.334029 0.0809371 -0.979364 0.185191 0.997232 0.0534079 0.0517293 -0.502251 0.821449 0.270123 -0.0247512 0.979366 0.200573 -0.837633 0.443415 0.318988 -0.410697 -0.874864 0.256789 0.466883 0.874864 0.128974 0.0595121 0.727116 0.683931 0.424524 0.649542 0.630773 0.128789 0.218819 0.967229 0.238632 0.195478 0.951232 0.424524 0.649542 0.630773 0.702271 0.397906 0.590327 0.238632 0.195478 0.951232 0.322218 0.119725 0.939064 0.818303 0.0396441 0.573419 0.357135 0.0119331 0.933977 0.741529 -0.329212 0.584598 0.334034 -0.0990656 0.93734 0.492517 -0.609863 0.620881 0.259105 -0.18354 0.94825 0.138008 -0.727122 0.672493 0.152412 -0.218821 0.963788 -0.226972 -0.649542 0.725657 0.0425741 -0.195474 0.979784 -0.50472 -0.397904 0.766114 -0.0409871 -0.119726 0.991961 -0.62074 -0.039645 0.783013 -0.0758999 -0.0119326 0.997044 -0.543971 0.329209 0.771827 -0.0527985 0.0990659 0.993679 -0.294967 0.609862 0.73557 0.0220956 0.18354 0.982764 0.089298 0.756042 -0.648403 -0.275741 0.634129 -0.72239 -0.425475 0.757194 -0.495609 0.0228282 0.893381 -0.44872 -0.275741 0.634129 -0.72239 -0.532161 0.342302 -0.77436 -0.745825 0.41039 -0.524714 -0.425475 0.757194 -0.495609 -0.611212 -0.0412319 -0.790392 -0.84572 -0.0509673 -0.531188 -0.491761 -0.413723 -0.766162 -0.697214 -0.498808 -0.514861 -0.205732 -0.675366 -0.708205 -0.341758 -0.808769 -0.478638 0.170143 -0.756046 -0.632017 0.118445 -0.895341 -0.429343 0.535241 -0.634122 -0.558038 0.553805 -0.741317 -0.379143 0.791662 -0.342301 -0.506065 0.851575 -0.396444 -0.343004 0.870719 0.0412316 -0.49005 0.941801 0.0467253 -0.332907 0.751245 0.413726 -0.514259 0.804855 0.477444 -0.352498 0.472075 0.787768 -0.395685 0.492426 0.803995 -0.33333 0.826438 0.486908 -0.282702 0.465241 0.675369 -0.572213 0.089298 0.756042 -0.648403 0.465241 0.675369 -0.572213 0.751245 0.413726 -0.514259 0.870719 0.0412316 -0.49005 0.791662 -0.342301 -0.506065 0.535241 -0.634122 -0.558038 0.170143 -0.756046 -0.632017 -0.205732 -0.675366 -0.708205 -0.491761 -0.413723 -0.766162 -0.611212 -0.0412319 -0.790392 -0.532161 0.342302 -0.77436 -0.275741 0.634129 -0.72239 -0.331107 -0.836359 -0.436888 -0.473295 -0.874869 0.102942 -0.843792 -0.535946 0.027864 -0.704788 -0.521915 -0.480499 -0.755871 0.433282 -0.490842 -0.417866 0.786657 -0.454488 0.964267 0.0487077 -0.260416 0.87396 -0.402035 -0.273059 0.57572 -0.753924 -0.316457 0.138434 -0.915784 -0.377062 -0.864788 -0.0516383 -0.499475 0.0404376 0.916971 -0.396899 -0.417866 0.786657 -0.454488 -0.896154 0.443408 0.0172431 -0.563986 0.821442 0.0845673 -0.31114 0.18354 0.932473 -0.385363 0.0990648 0.917432 -0.408252 -0.0119328 0.912791 -0.373681 -0.119728 0.919798 -0.29088 -0.195476 0.936578 -0.182075 -0.21882 0.958627 -0.0764204 -0.183543 0.980037 -0.00219738 -0.0990652 0.995079 0.0206615 0.0119331 0.999715 -0.013886 0.119725 0.99271 -0.0966837 0.195473 0.975932 -0.205487 0.218824 0.953882 0.921128 0.0534085 0.385578 0.818709 -0.443414 0.364827 0.0136421 -0.979364 0.201641 -0.998567 -0.0534075 -0.00347911 -0.0910694 0.979363 0.18043 0.395863 0.87486 0.279127 0.76636 0.535942 0.354202 0.486538 -0.821457 0.297472 -0.563986 0.821442 0.0845673 -0.526095 0.609872 0.592689 -0.174995 0.727109 0.663844 -0.31114 0.18354 0.932473 -0.205487 0.218824 0.953882 -0.772722 0.329213 0.542697 -0.526095 0.609872 0.592689 -0.385363 0.0990648 0.917432 -0.31114 0.18354 0.932473 -0.848767 -0.0396442 0.527279 -0.408252 -0.0119328 0.912791 -0.733834 -0.397909 0.550597 -0.373681 -0.119728 0.919798 -0.458765 -0.649541 0.606326 -0.29088 -0.195476 0.936578 -0.0972334 -0.727114 0.679596 -0.182075 -0.21882 0.958627 0.253831 -0.609872 0.75075 -0.0764204 -0.183543 0.980037 0.500452 -0.32921 0.80073 -0.00219738 -0.0990652 0.995079 0.57648 0.0396448 0.816149 0.0206615 0.0119331 0.999715 0.461577 0.397883 0.792866 -0.013886 0.119725 0.99271 0.186503 0.64954 0.737099 -0.0966837 0.195473 0.975932 -0.134923 0.756041 -0.640467 -0.503561 0.63412 -0.586786 -0.567902 0.757182 -0.322741 -0.130071 0.893376 -0.430071 -0.762462 0.342304 -0.549072 -0.879232 0.410394 -0.241927 -0.762462 0.342304 -0.549072 -0.842294 -0.0412313 -0.53744 -0.975443 -0.0509665 -0.214273 -0.879232 0.410394 -0.241927 -0.721657 -0.413718 -0.555022 -0.830155 -0.498807 -0.249068 -0.432859 -0.675368 -0.597085 -0.483367 -0.808766 -0.335043 -0.0533166 -0.756046 -0.652343 -0.0335097 -0.89533 -0.44414 0.315265 -0.634131 -0.706035 0.393184 -0.741321 -0.54392 0.574179 -0.342298 -0.743741 0.685646 -0.396446 -0.610508 0.653992 0.0412311 -0.755377 0.773992 0.0467245 -0.631469 0.533359 0.413722 -0.737809 0.638473 0.477451 -0.60365 0.31063 0.787777 -0.531899 0.350875 0.803989 -0.480092 0.682356 0.486909 -0.545262 0.244582 0.675362 -0.695749 -0.134923 0.756041 -0.640467 0.244582 0.675362 -0.695749 0.533359 0.413722 -0.737809 0.653992 0.0412311 -0.755377 0.574179 -0.342298 -0.743741 0.315265 -0.634131 -0.706035 -0.0533166 -0.756046 -0.652343 -0.432859 -0.675368 -0.597085 -0.721657 -0.413718 -0.555022 -0.842294 -0.0412313 -0.53744 -0.762462 0.342304 -0.549072 -0.503561 0.63412 -0.586786 -0.459255 -0.836352 -0.299333 -0.410697 -0.874864 0.256789 -0.784774 -0.53595 0.311267 -0.825686 -0.521902 -0.21415 -0.877248 0.433283 -0.206646 -0.546843 0.786662 -0.286575 0.819622 0.0487085 -0.57083 0.730333 -0.402034 -0.552251 0.434965 -0.753926 -0.492342 0.00292982 -0.915784 -0.401661 -0.982677 -0.051638 -0.177986 -0.0959813 0.916964 -0.387252 -0.877248 0.433283 -0.206646 -0.837633 0.443415 0.318988 -0.502251 0.821449 0.270123 0.0220956 0.18354 0.982764 -0.0527985 0.0990659 0.993679 -0.0758999 -0.0119326 0.997044 -0.0409871 -0.119726 0.991961 0.0425741 -0.195474 0.979784 0.152412 -0.218821 0.963788 0.259105 -0.18354 0.94825 0.334034 -0.0990656 0.93734 0.357135 0.0119331 0.933977 0.322227 0.119729 0.939061 0.238661 0.195476 0.951226 0.128789 0.218819 0.967229 0.997232 0.0534079 0.0517293 0.893822 -0.443417 0.0668071 0.0809371 -0.979364 0.185191 -0.941049 -0.0534079 0.334029 -0.837633 0.443415 0.318988 -0.0247512 0.979366 0.200573 0.466883 0.874864 0.128974 0.840958 0.535948 0.0744974 0.558436 -0.821448 0.115636 -0.294967 0.609862 0.73557 0.0595121 0.727116 0.683931 0.0220956 0.18354 0.982764 0.128789 0.218819 0.967229 -0.543971 0.329209 0.771827 -0.0527985 0.0990659 0.993679 -0.62074 -0.039645 0.783013 -0.543971 0.329209 0.771827 -0.0758999 -0.0119326 0.997044 -0.0527985 0.0990659 0.993679 -0.50472 -0.397904 0.766114 -0.0409871 -0.119726 0.991961 -0.226972 -0.649542 0.725657 0.0425741 -0.195474 0.979784 0.138008 -0.727122 0.672493 0.152412 -0.218821 0.963788 0.492517 -0.609863 0.620881 0.259105 -0.18354 0.94825 0.741529 -0.329212 0.584598 0.334034 -0.0990656 0.93734 0.818303 0.0396441 0.573419 0.357135 0.0119331 0.933977 0.702279 0.39788 0.590335 0.322227 0.119729 0.939061 0.424549 0.649534 0.630765 0.238661 0.195476 0.951226 0.0933289 0.757161 -0.646527 -0.281358 0.655739 -0.700603 -0.411242 0.784152 -0.464742 0.0456874 0.89568 -0.442347 -0.555667 0.378563 -0.740219 -0.750971 0.455264 -0.478307 -0.656066 -1.22957e-07 -0.754703 -0.875795 -7.86391e-08 -0.482684 -0.656066 -1.22957e-07 -0.754703 -0.555667 -0.378563 -0.740219 -0.750971 -0.455264 -0.478307 -0.875795 -7.86391e-08 -0.482684 -0.281358 -0.655739 -0.700602 -0.411252 -0.784141 -0.464753 0.0933289 -0.757161 -0.646527 0.0456874 -0.89568 -0.442346 0.46801 -0.655733 -0.592436 0.490817 -0.765677 -0.415738 0.742321 -0.378561 -0.552857 0.808312 -0.43759 -0.393886 0.842719 -8.7709e-08 -0.538354 0.922724 -6.27995e-08 -0.38546 0.742312 0.378587 -0.552851 0.808301 0.437615 -0.393881 0.490812 0.765699 -0.415704 0.515506 0.780111 -0.354515 0.834252 0.445128 -0.3254 0.46801 0.655733 -0.592436 0.0933289 0.757161 -0.646527 0.46801 0.655733 -0.592436 0.742312 0.378587 -0.552851 0.842719 -8.7709e-08 -0.538354 0.742321 -0.378561 -0.552857 0.46801 -0.655733 -0.592436 0.0933289 -0.757161 -0.646527 -0.281358 -0.655739 -0.700602 -0.555667 -0.378563 -0.740219 -0.656066 -1.22957e-07 -0.754703 -0.555667 0.378563 -0.740219 -0.281358 0.655739 -0.700603 -0.399768 -0.81272 -0.423878 -0.513216 -0.849419 0.122872 -0.868546 -0.490413 0.0715676 -0.757831 -0.478303 -0.443754 -0.757831 0.478333 -0.443724 -0.399803 0.812699 -0.423883 0.949298 -5.12186e-08 -0.314378 0.834261 -0.445116 -0.325391 0.515506 -0.780111 -0.354515 0.067417 -0.917744 -0.391409 -0.893056 -7.33055e-08 -0.449946 0.067417 0.917744 -0.391409 -0.893056 -7.33055e-08 -0.449946 -0.868546 0.490413 0.0715675 -0.51324 0.849409 0.122839 -0.247846 0.189768 0.950032 -0.327222 0.109563 0.938574 -0.356282 1.5223e-07 0.934378 -0.327222 -0.109562 0.938574 -0.247846 -0.189768 0.950032 -0.139381 -0.219128 0.965689 -0.0309159 -0.189768 0.981342 0.0484344 -0.109565 0.992799 0.0774876 1.62431e-07 0.996993 0.0484344 0.109565 0.992799 -0.0309159 0.189768 0.981342 -0.13938 0.219157 0.965683 0.942909 5.4261e-08 0.333052 0.812847 -0.490412 0.314286 -0.0278334 -0.980821 0.192911 -0.998605 8.6018e-09 0.0527975 -0.0278334 0.980821 0.192911 0.457543 0.849408 0.262983 0.812855 0.490417 0.314259 0.457519 -0.84942 0.262987 -0.998605 8.6018e-09 0.0527975 -0.458275 0.630647 0.626313 -0.0979055 0.728187 0.678349 -0.247846 0.189768 0.950032 -0.13938 0.219157 0.965683 -0.722078 0.364091 0.588252 -0.327222 0.109563 0.938574 -0.818641 9.35663e-08 0.574306 -0.356282 1.5223e-07 0.934378 -0.722078 -0.364091 0.588253 -0.818641 9.35663e-08 0.574306 -0.327222 -0.109562 0.938574 -0.356282 1.5223e-07 0.934378 -0.458284 -0.630629 0.626325 -0.247846 -0.189768 0.950032 -0.0979055 -0.728187 0.678349 -0.139381 -0.219128 0.965689 0.262439 -0.630628 0.730366 -0.0309159 -0.189768 0.981342 0.526242 -0.364094 0.768443 0.0484344 -0.109565 0.992799 0.622799 1.27466e-07 0.782382 0.0774876 1.62431e-07 0.996993 0.526242 0.364094 0.768443 0.0484344 0.109565 0.992799 0.262439 0.630628 0.730366 -0.0309159 0.189768 0.981342 -0.1891 0.757163 -0.625257 -0.111426 0.895683 -0.430507 0.33702 0.784152 -0.521079 0.173258 0.655736 -0.734842 0.670873 0.455285 -0.585358 0.438562 0.378561 -0.815079 0.438562 0.378561 -0.815079 0.670873 0.455285 -0.585358 0.793627 -9.91217e-08 -0.608405 0.535647 -1.37577e-07 -0.844442 0.670882 -0.455261 -0.585366 0.438562 -0.378562 -0.815079 0.337028 -0.78414 -0.521092 0.173258 -0.655736 -0.734842 -0.111396 -0.895686 -0.430508 -0.189067 -0.757153 -0.625279 -0.547549 -0.765672 -0.337545 -0.551456 -0.65574 -0.515656 -0.858184 -0.437592 -0.26839 -0.81675 -0.378558 -0.435445 -0.970044 -3.95784e-08 -0.242931 -0.913834 -6.61601e-08 -0.406088 -0.858173 0.437616 -0.268387 -0.816731 0.378594 -0.435451 -0.547555 0.76568 -0.337518 -0.87358 0.445122 -0.196787 -0.562805 0.780101 -0.2733 -0.551479 0.655702 -0.51568 -0.1891 0.757163 -0.625257 0.173258 0.655736 -0.734842 0.438562 0.378561 -0.815079 0.535647 -1.37577e-07 -0.844442 0.438562 -0.378562 -0.815079 0.173258 -0.655736 -0.734842 -0.189067 -0.757153 -0.625279 -0.551456 -0.65574 -0.515656 -0.81675 -0.378558 -0.435445 -0.913834 -6.61601e-08 -0.406088 -0.816731 0.378594 -0.435451 -0.551479 0.655702 -0.51568 0.331808 -0.812704 -0.478973 0.682845 -0.478303 -0.552221 0.869477 -0.490405 -0.0592672 0.525845 -0.849409 0.0446192 0.3318 0.812714 -0.478961 0.682835 0.478326 -0.552213 -0.985676 -2.74764e-08 -0.168649 -0.87358 -0.445122 -0.196787 -0.562784 -0.780115 -0.273304 -0.125281 -0.917738 -0.37691 0.8156 -9.42686e-08 -0.578617 -0.125281 0.917738 -0.37691 0.682835 0.478326 -0.552213 0.525845 0.849409 0.0446189 0.869468 0.490417 -0.0592993 0.387318 0.189768 0.902205 0.282425 0.219159 0.933919 0.177528 0.189766 0.965646 0.100745 0.109565 0.988861 0.0726654 1.6249e-07 0.997356 0.100745 -0.109565 0.988861 0.177528 -0.189766 0.965646 0.282427 -0.21913 0.933926 0.387318 -0.189767 0.902205 0.464103 -0.109563 0.878979 0.49218 1.41821e-07 0.870494 0.464103 0.109564 0.878979 -0.756626 -0.490409 0.432454 -0.882407 7.6652e-08 0.470487 0.0563993 -0.980823 0.186563 0.869468 0.490417 -0.0592993 0.995253 -1.58562e-08 -0.0973248 -0.412987 0.849413 0.32854 0.0563993 0.980823 0.186563 -0.756626 0.490409 0.432454 -0.412987 -0.849413 0.32854 0.198375 0.728188 0.656041 0.546901 0.630645 0.550624 0.282425 0.219159 0.933919 0.387318 0.189768 0.902205 0.802037 0.364091 0.47347 0.464103 0.109564 0.878979 0.802037 0.364091 0.47347 0.895408 7.254e-08 0.445247 0.464103 0.109564 0.878979 0.49218 1.41821e-07 0.870494 0.802037 -0.364091 0.473471 0.464103 -0.109563 0.878979 0.546911 -0.630626 0.550635 0.387318 -0.189767 0.902205 0.198375 -0.728188 0.656041 0.282427 -0.21913 0.933926 -0.150095 -0.630627 0.761434 0.177528 -0.189766 0.965646 -0.405236 -0.364096 0.838581 0.100745 -0.109565 0.988861 -0.498615 1.41223e-07 0.866824 0.0726654 1.6249e-07 0.997356 -0.405236 0.364096 0.838581 0.100745 0.109565 0.988861 -0.150093 0.630645 0.761419 0.177528 0.189766 0.965646 -0.904248 -0.331528 0.269117 -0.939107 0.252272 0.233319 -0.903393 0.175911 -0.391071 -0.880193 -0.310987 -0.358535 -0.886168 0.414823 0.206465 -0.861446 0.2849 -0.420407 -0.553496 0.0762062 -0.829358 -0.583249 0.0233164 -0.811959 -0.6222 -0.21153 -0.753739 -0.374902 -0.414425 -0.829277 -0.352224 -0.0524935 -0.934442 -0.24223 -0.131781 -0.961228 -0.305103 -0.439205 -0.844992 -0.70045 0.286729 -0.653572 -0.291305 -0.0519438 -0.955219 0.0661967 -0.219801 -0.973296 0.0497461 -0.279005 -0.959 -0.0823112 -0.469391 -0.879146 0.35677 -0.93389 -0.0237744 0.798387 -0.577579 -0.170237 0.805131 -0.403038 0.435114 0.440583 -0.705159 0.555551 0.880082 -0.428886 -0.203746 0.856987 -0.295184 0.42242 0.551763 -0.0802358 0.830132 0.532688 -0.140207 0.834617 0.385825 -0.334827 0.859668 0.08109 -0.264634 0.960934 0.335432 0.0137641 0.941964 0.206737 0.0497464 0.977131 0.0172739 -0.226056 0.973961 0.778442 -0.106327 0.618646 0.296376 0.0636946 0.952945 -0.0679355 0.21577 0.974078 -0.100317 0.16212 0.981659 -0.15403 -0.0769689 0.985064 -0.366446 -0.91488 0.169444 -0.201459 -0.970916 0.129372 -0.0311606 -0.74761 0.663406 -0.15293 -0.705169 0.692351 0.174752 -0.301254 0.937394 0.105567 -0.276292 0.955258 -0.0661947 0.219795 0.973298 0.291249 0.0520055 0.955233 0.241681 0.130774 0.961503 -0.0503568 0.277817 0.959313 0.700178 -0.286273 0.654063 0.351398 0.0516081 0.934803 0.372734 0.408381 0.833243 0.301988 0.433923 0.848831 0.0780366 0.463886 0.882451 -0.8801 0.42885 0.203743 -0.542297 0.385611 0.746471 -0.496517 0.489864 0.716592 -0.800457 0.574463 0.17106 -0.137246 0.789844 0.597754 -0.364582 0.930805 0.0261243 0.109198 0.552889 -0.826069 0.229684 0.169745 -0.958349 0.922384 0.276504 -0.269729 0.43985 0.878511 -0.186415 0.369008 -0.224011 -0.902027 0.904389 -0.368616 -0.21495 0.670757 0.296527 0.679821 0.485624 0.66108 0.571963 -0.904248 -0.331528 0.269117 -0.563785 -0.797838 0.213544 -0.299269 -0.619536 0.725681 -0.570807 -0.22206 0.790486 -0.41515 -0.891613 0.180764 -0.188973 -0.687958 0.700716 -0.390953 -0.903586 0.175181 -0.390953 -0.903586 0.175181 -0.171428 -0.69728 0.695998 -0.171428 -0.69728 0.695998 0.0935731 -0.274676 0.956973 0.090306 -0.276564 0.956743 0.275343 0.0169687 0.961196 0.226789 0.0969293 0.969109 -0.291035 0.404416 0.867033 0.163702 0.0957983 0.981847 0.0899715 -0.276415 0.956817 0.304003 0.169047 0.937553 0.323994 0.079839 0.942684 0.0896363 -0.272785 0.95789 -0.310863 -0.0990026 -0.945284 -0.462609 -0.364002 -0.808391 -0.221719 -0.0852085 -0.971381 -0.180492 -0.13453 -0.974333 -0.39937 -0.402758 -0.823583 -0.388847 -0.4143 -0.822893 -0.220071 0.0249337 -0.975165 -0.29768 -0.0190439 -0.954476 -0.386192 -0.412591 -0.824999 0.0514553 0.580413 -0.812695 -0.349444 0.44625 -0.823863 0.36541 0.91534 -0.1692 0.194314 0.972609 -0.127569 0.324568 0.831181 0.451435 0.450009 0.787584 0.420954 0.906107 0.326339 -0.269208 0.567448 0.795031 -0.214308 0.599706 0.701366 0.385277 0.881314 0.305928 0.360131 0.415732 0.891311 -0.180918 0.487053 0.771094 0.410114 0.397852 0.398768 0.826255 0.462004 0.359977 0.810536 0.621867 0.206892 0.755299 -0.0460229 -0.572844 0.818371 0.350026 -0.440668 0.826616 0.412338 -0.910128 -0.0405592 -0.339651 -0.926297 0.163127 0.859094 -0.473358 -0.194653 0.290543 -0.404013 -0.867386 -0.0926881 -0.56794 -0.817834 -0.426331 -0.682148 -0.594068 -0.368365 0.22398 0.902297 0.221783 0.0852098 0.971366 0.310628 0.0983036 0.945435 0.180643 0.133735 0.974414 0.553496 -0.0762062 0.829358 0.582949 -0.0241712 0.812149 0.0679047 -0.2158 -0.974074 -0.29634 -0.0636934 -0.952956 -0.206952 -0.0504488 -0.977049 0.10001 -0.163001 -0.981544 -0.778031 0.106238 -0.619178 -0.335311 -0.0145576 -0.941995 -0.0835603 0.260355 -0.96189 -0.0187085 0.221785 -0.974916 0.153147 0.0721783 -0.985564 -0.226847 -0.0968978 -0.969098 -0.275922 -0.0179758 -0.961012 -0.164559 -0.0966848 -0.981617 -0.551765 0.0802055 -0.830134 -0.533319 0.138983 -0.834419 -0.390953 0.32906 -0.859578 -0.179151 0.295614 -0.938359 -0.109168 0.269853 -0.956693 0.386831 0.408316 0.826825 0.384145 0.406454 0.828992 0.297381 0.0197157 0.954555 0.221357 -0.0221264 0.974942 0.886146 -0.414874 -0.20646 0.546721 -0.375386 -0.748453 0.59296 -0.266709 -0.759779 0.93853 -0.254745 -0.232954 0.571198 0.216778 -0.791669 0.906107 0.326339 -0.269208 0.883153 -0.421862 -0.205117 0.783069 -0.226485 0.57923 0.397332 -0.337361 -0.853414 -0.203747 -0.100622 -0.973839 -0.553496 0.0762062 -0.829358 -0.549288 0.0762984 -0.832142 -0.203747 -0.100622 -0.973839 -0.549288 0.0762984 -0.832142 -0.886168 0.414823 0.206465 -0.546727 0.37536 0.748461 -0.543793 0.380332 0.748089 -0.883147 0.421873 0.205122 -0.0628992 0.216104 0.974342 0.313737 0.0480983 0.948291 0.880082 -0.428886 -0.203746 0.542269 -0.385643 -0.746474 0.543793 -0.380332 -0.748089 0.883147 -0.421873 -0.205122 0.0628992 -0.216104 -0.974342 -0.313737 -0.0480983 -0.948291 -0.783069 0.226485 -0.57923 0.203746 0.100652 0.973836 -0.397332 0.337361 0.853414 0.549288 -0.0762984 0.832142 -0.858976 0.473587 0.194617 -0.883147 0.421873 0.205122 -0.904286 0.368887 0.214917 -0.219983 -0.128944 -0.966944 -0.294294 -0.170357 -0.940409 -0.0970814 0.268111 -0.958484 -0.0937549 0.270156 -0.958241 0.390927 0.903597 -0.175183 0.390916 0.903602 -0.175178 0.468747 0.779434 0.415643 0.468811 0.779622 0.415218 0.390916 0.903602 -0.175178 0.468779 0.780322 0.413936 0.390916 0.903602 -0.175178 0.390927 0.903597 -0.175183 0.468839 0.780076 0.414331 0.468779 0.780322 0.413936 0.468779 0.780322 0.413936 0.387413 0.40899 0.82622 0.388388 0.40615 0.827162 0.390953 0.903586 -0.175181 0.46884 0.779833 0.41479 0.387289 0.409111 0.826217 -0.667492 -0.294483 -0.683911 -0.323444 -0.0795945 -0.942894 -0.483828 -0.655806 -0.579507 -0.302868 -0.166755 -0.93833 -0.092991 0.270885 -0.95811 -0.0925022 0.267924 -0.958989 -0.459285 -0.691659 -0.557374 -0.303179 -0.17982 -0.935814 -0.0930834 0.27104 -0.958057 0.193886 0.0690949 0.978588 0.212781 -0.0185251 0.976924 -0.104071 -0.546663 0.83086 -0.224896 -0.167245 0.959922 0.211774 -0.031801 0.976801 -0.0925344 -0.586214 0.804854 -0.923029 -0.274339 0.269731 -0.438929 -0.879017 0.186199 -0.390276 -0.903909 0.175026 -0.193309 -0.068821 -0.978721 -0.390131 -0.410702 -0.824089 -0.211496 0.0208443 -0.977156 -0.38915 -0.414146 -0.822828 -0.210243 0.0349132 -0.977026 -0.389154 -0.41473 -0.822531 0.0979361 0.593476 -0.798871 0.219615 0.129645 0.966934 0.0916181 0.573025 0.8144 0.42791 0.688605 0.585419 0.295423 0.173103 0.939554 0.304488 0.18287 0.934797 0.0898484 -0.277022 0.956654 0.460716 0.697758 0.54852 0.0899715 -0.276415 0.956817 -0.390953 -0.903586 0.175181 -0.171428 -0.69728 0.695998 -0.390953 -0.903586 0.175181 -0.171425 -0.697265 0.696014 -0.171428 -0.69728 0.695998 -0.171425 -0.697265 0.696014 0.0896363 -0.272785 0.95789 -0.390953 -0.903586 0.175181 -0.390953 -0.903586 0.175181 -0.171425 -0.697265 0.696014 -0.171425 -0.697265 0.696014 -0.40841 0.911949 0.0393698 0.340717 0.925863 -0.16337 0.390953 0.903586 -0.175181 -0.468958 -0.782788 -0.409049 -0.468958 -0.782788 -0.409049 -0.468958 -0.782788 -0.409049 -0.390953 -0.903586 0.175181 -0.390953 -0.903586 0.175181 -0.390953 -0.903586 0.175181 -0.468958 -0.782788 -0.409049 -0.486851 -0.773585 -0.405638 -0.468958 -0.782788 -0.409049 -0.390953 -0.903586 0.175181 -0.390953 -0.903586 0.175181 -0.390953 -0.903586 0.175181 -0.41515 -0.891613 0.180764 0.168561 0.693532 -0.700429 0.168772 0.693828 -0.700085 0.168342 0.693236 -0.700774 0.168342 0.693236 -0.700774 0.390927 0.903597 -0.175183 0.390953 0.903586 -0.175181 0.390953 0.903586 -0.175181 0.390927 0.903597 -0.175183 0.168895 0.694135 -0.699751 0.18699 0.684846 -0.704287 0.168772 0.693828 -0.700085 0.390927 0.903597 -0.175183 0.390916 0.903602 -0.175178 0.390916 0.903602 -0.175178 0.415732 0.891311 -0.180918 0.168071 0.693008 -0.701065 0.148902 0.701022 -0.697421 0.36541 0.91534 -0.1692 0.390916 0.903602 -0.175178 0.390927 0.903597 -0.175183 0.858921 -0.289745 0.422258 0.883147 -0.421873 -0.205122 0.886146 -0.414874 -0.20646 0.861428 -0.284925 0.420429 -0.861446 0.2849 -0.420407 -0.858921 0.289745 -0.422258 -0.549288 0.0762984 -0.832142 -0.886168 0.414823 0.206465 -0.883147 0.421873 0.205122 -0.858921 0.289745 -0.422258 -0.858921 0.289745 -0.422258 -0.883147 0.421873 0.205122 -0.8801 0.42885 0.203743 -0.857014 0.295153 -0.422388 0.902911 -0.177622 0.391409 0.93853 -0.254745 -0.232954 0.299609 0.615118 -0.729291 0.567448 0.795031 -0.214308 0.0234083 0.744609 -0.66709 -0.447777 0.700598 -0.555571 -0.364582 0.930805 0.0261243 0.194314 0.972609 -0.127569 -0.468958 -0.782788 -0.409049 -0.45083 -0.790783 -0.414023 -0.366446 -0.91488 0.169444 -0.390953 -0.903586 0.175181 -0.597445 -0.705239 -0.381704 -0.563785 -0.797838 0.213544 -0.806504 0.40078 -0.434657 -0.800457 0.574463 0.17106 -0.329329 -0.833317 -0.443988 0.131203 -0.794083 -0.593479 0.35677 -0.93389 -0.0237744 -0.201459 -0.970916 0.129372 0.495206 -0.492123 -0.715951 0.798387 -0.577579 -0.170237 -0.59347 0.264995 0.759981 -0.939107 0.252272 0.233319 0.193951 -0.674358 0.712477 0.607636 0.0365315 0.793375 -0.046115 0.325826 0.944304 -0.340413 -0.437037 0.832537 0.0602441 -0.342879 -0.937446 -0.643615 -0.0280166 -0.764836 -0.567295 0.149484 -0.809834 0.135566 -0.186259 -0.973103 0.941524 -0.267411 0.204999 0.733059 -0.436753 -0.521412 0.744489 -0.2762 -0.607823 0.98648 -0.131173 0.0982421 -0.942835 0.309222 -0.124275 -0.678475 0.450557 0.580233 -0.614451 0.633587 0.470124 -0.842869 0.482075 -0.239115 -0.812062 -0.284228 0.509675 -0.951742 -0.300798 -0.0608858 0.328909 -0.871363 -0.364067 0.471738 -0.855122 0.215009 0.768139 0.468104 -0.436853 0.333 0.574623 -0.747609 -0.0291151 0.747624 -0.663484 -0.239513 0.949477 -0.202799 -0.130104 0.960782 0.244888 0.271223 0.778663 0.565793 0.633369 0.605657 0.481687 0.877516 0.479425 0.0108342 -0.130104 0.960782 0.244888 -0.239513 0.949477 -0.202799 0.696596 0.164436 0.698366 -0.0144051 0.504119 0.863514 -0.681158 -0.476863 -0.555541 -0.149879 -0.713869 -0.684052 0.633369 0.605657 0.481687 0.271223 0.778663 0.565793 -0.0291151 0.747624 -0.663484 0.333 0.574623 -0.747609 0.768139 0.468104 -0.436853 0.877516 0.479425 0.0108342 0.607636 0.0365315 0.793375 0.193951 -0.674358 0.712477 0.696596 0.164436 0.698366 0.633369 0.605657 0.481687 -0.951742 -0.300798 -0.0608858 -0.681158 -0.476863 -0.555541 -0.149879 -0.713869 -0.684052 0.328909 -0.871363 -0.364067 0.471738 -0.855122 0.215009 0.193951 -0.674358 0.712477 -0.340413 -0.437037 0.832537 -0.812062 -0.284228 0.509675 0.151376 0.670205 -0.726575 0.461393 0.702253 0.542178 0.754692 0.450593 0.476871 0.444694 0.418539 -0.791879 0.887301 0.0824922 0.453752 0.577295 0.0504476 -0.814976 0.823684 -0.303392 0.47906 0.513675 -0.335441 -0.789694 0.513675 -0.335441 -0.789694 0.823684 -0.303392 0.47906 0.5809 -0.603728 0.545956 0.270887 -0.635772 -0.722782 0.223984 -0.737996 0.636548 -0.0860036 -0.770035 -0.632179 -0.151376 -0.670205 0.726575 -0.461393 -0.702253 -0.542178 -0.444694 -0.418539 0.791879 -0.754692 -0.450593 -0.476871 -0.577295 -0.0504476 0.814976 -0.887301 -0.0824922 -0.453752 -0.513675 0.335441 0.789694 -0.823684 0.303392 -0.47906 -0.270887 0.635772 0.722782 -0.5809 0.603728 -0.545956 0.754692 0.450593 0.476871 0.461393 0.702253 0.542178 0.0860036 0.770035 0.632179 -0.270887 0.635772 0.722782 -0.513675 0.335441 0.789694 -0.577295 -0.0504476 0.814976 -0.444694 -0.418539 0.791879 -0.151376 -0.670205 0.726575 0.223984 -0.737996 0.636548 0.5809 -0.603728 0.545956 0.823684 -0.303392 0.47906 0.887301 0.0824922 0.453752 0.0860036 0.770035 0.632179 -0.223984 0.737996 -0.636548 -0.24086 0.616189 -0.749865 0.0752922 0.559091 -0.825681 0.464872 0.728499 0.503174 0.0746205 0.798973 0.596719 0.322313 0.347125 -0.880692 0.434005 0.03708 -0.900147 0.380419 -0.287916 -0.878855 0.175942 -0.540888 -0.822487 0.380419 -0.287916 -0.878855 -0.12464 -0.653962 -0.74619 -0.440847 -0.596861 -0.670381 -0.687876 -0.38491 -0.615362 -0.799546 -0.0748641 -0.595921 -0.745975 0.250133 -0.617215 -0.541482 0.503088 -0.673572 0.589079 -0.629151 0.507105 0.218061 -0.768722 0.601262 0.202709 -0.832566 0.515502 0.602941 -0.682016 0.413904 0.907627 0.0842318 0.41124 0.769784 0.466882 0.435264 -0.548798 0.347187 0.760449 -0.614902 -0.0539579 0.786756 -0.172161 -0.698256 0.694838 0.841501 -0.31694 0.437521 -0.296375 0.659406 0.690902 -0.477048 -0.43664 0.762739 0.841501 -0.31694 0.437521 -0.218213 -0.756544 0.616461 -0.454247 -0.87825 -0.149452 0.0224623 -0.964321 -0.263779 0.468935 0.782464 0.409696 0.0479759 0.85847 0.510614 0.946527 0.087499 0.310534 0.797832 0.50027 0.336443 -0.624461 0.371148 0.687239 -0.695807 -0.0615876 0.715583 0.875198 -0.345233 0.338885 -0.352218 0.707915 0.612208 -0.547095 -0.474367 0.689683 0.875198 -0.345233 0.338885 0.323991 0.86479 -0.383626 -0.15272 0.950869 -0.269305 0.864879 0.0776709 -0.495935 0.696485 0.545169 -0.466582 0.784099 -0.412406 -0.4638 -0.606023 0.780349 -0.154245 -0.914354 0.398946 -0.0692785 -0.826732 -0.558652 -0.066501 0.475766 -0.793807 -0.378836 0.784099 -0.412406 -0.4638 -0.995142 -0.0911611 -0.0371725 -0.17475 0.109928 -0.978457 -0.117377 0.0607024 -0.991231 -0.0914656 -0.0112312 -0.995745 -0.103887 -0.0867049 -0.990803 -0.151376 -0.145425 -0.97772 -0.22117 -0.171699 -0.960002 -0.294572 -0.158426 -0.942406 -0.351914 -0.109227 -0.929638 -0.377853 -0.0372331 -0.925116 -0.36543 0.0382091 -0.930054 -0.317951 0.0969293 -0.94314 -0.24815 0.123174 -0.960859 0.304521 0.336383 -0.891131 0.064487 0.542325 -0.83769 -0.117377 0.0607024 -0.991231 -0.17475 0.109928 -0.978457 0.413014 0.0351273 -0.910047 -0.0914656 -0.0112312 -0.995745 0.360975 -0.28065 -0.889344 -0.103887 -0.0867049 -0.990803 0.162268 -0.526419 -0.834597 0.360975 -0.28065 -0.889344 -0.151376 -0.145425 -0.97772 -0.103887 -0.0867049 -0.990803 -0.129768 -0.636298 -0.76045 -0.22117 -0.171699 -0.960002 -0.436977 -0.580815 -0.686808 -0.294572 -0.158426 -0.942406 -0.677015 -0.374872 -0.633342 -0.351914 -0.109227 -0.929638 -0.785523 -0.0736419 -0.614435 -0.377853 -0.0372331 -0.925116 -0.733467 0.242139 -0.635134 -0.36543 0.0382091 -0.930054 -0.534767 0.487919 -0.689898 -0.317951 0.0969293 -0.94314 -0.242689 0.597811 -0.764019 -0.24815 0.123174 -0.960859 0.151376 0.670205 -0.726575 0.461393 0.702253 0.542178 0.754692 0.450593 0.476871 0.444694 0.418539 -0.791879 0.887301 0.0824922 0.453752 0.577295 0.0504476 -0.814976 0.823684 -0.303392 0.47906 0.513675 -0.335441 -0.789694 0.513675 -0.335441 -0.789694 0.823684 -0.303392 0.47906 0.5809 -0.603728 0.545956 0.270887 -0.635772 -0.722782 0.223984 -0.737996 0.636548 -0.0860036 -0.770035 -0.632179 -0.151376 -0.670205 0.726575 -0.461393 -0.702253 -0.542178 -0.444694 -0.418539 0.791879 -0.754692 -0.450593 -0.476871 -0.577295 -0.0504476 0.814976 -0.887301 -0.0824922 -0.453752 -0.513675 0.335441 0.789694 -0.823684 0.303392 -0.47906 -0.270887 0.635772 0.722782 -0.5809 0.603728 -0.545956 0.754692 0.450593 0.476871 0.461393 0.702253 0.542178 0.0860036 0.770035 0.632179 -0.270887 0.635772 0.722782 -0.513675 0.335441 0.789694 -0.577295 -0.0504476 0.814976 -0.444694 -0.418539 0.791879 -0.151376 -0.670205 0.726575 0.223984 -0.737996 0.636548 0.5809 -0.603728 0.545956 0.823684 -0.303392 0.47906 0.887301 0.0824922 0.453752 0.0860036 0.770035 0.632179 -0.223984 0.737996 -0.636548 -0.24086 0.616189 -0.749865 0.0752922 0.559091 -0.825681 0.464879 0.72851 0.503151 0.0746205 0.798973 0.596719 0.322313 0.347125 -0.880692 0.434017 0.037081 -0.900141 0.380419 -0.287916 -0.878855 0.175945 -0.540867 -0.8225 0.380419 -0.287916 -0.878855 -0.12464 -0.653962 -0.74619 -0.440847 -0.596861 -0.670381 -0.687876 -0.38491 -0.615362 -0.799572 -0.0748636 -0.595887 -0.745989 0.250138 -0.617197 -0.541474 0.503111 -0.673562 0.589108 -0.629149 0.507073 0.218061 -0.768722 0.601262 0.202709 -0.832566 0.515502 0.602933 -0.682008 0.413929 0.907627 0.0842318 0.41124 0.769784 0.466882 0.435264 -0.548764 0.347185 0.760474 -0.614902 -0.0539579 0.786756 -0.172161 -0.698256 0.694838 0.841501 -0.31694 0.437521 -0.296369 0.659392 0.690918 -0.477048 -0.43664 0.762739 0.841501 -0.31694 0.437521 -0.218213 -0.756544 0.616461 -0.454247 -0.87825 -0.149452 0.0224623 -0.964321 -0.263779 0.468935 0.782464 0.409696 0.0479759 0.85847 0.510614 0.946527 0.087499 0.310534 0.797832 0.50027 0.336443 -0.624479 0.371141 0.687226 -0.695807 -0.0615876 0.715583 0.875198 -0.345233 0.338885 -0.352218 0.707915 0.612208 -0.547117 -0.474359 0.689672 0.875198 -0.345233 0.338885 0.323991 0.86479 -0.383626 -0.152719 0.950861 -0.269333 0.864892 0.0776721 -0.495911 0.696474 0.545191 -0.466574 0.784099 -0.412406 -0.4638 -0.60602 0.780346 -0.154275 -0.914354 0.398946 -0.0692785 -0.826732 -0.558652 -0.066501 0.475766 -0.793807 -0.378836 0.784099 -0.412406 -0.4638 -0.995142 -0.0911611 -0.0371725 -0.17475 0.109928 -0.978457 -0.117377 0.0607024 -0.991231 -0.0914656 -0.0112312 -0.995745 -0.103887 -0.0867049 -0.990803 -0.151376 -0.145425 -0.97772 -0.22117 -0.171699 -0.960002 -0.294572 -0.158426 -0.942406 -0.351914 -0.109227 -0.929638 -0.377853 -0.0372331 -0.925116 -0.36543 0.0382091 -0.930054 -0.317951 0.0969293 -0.94314 -0.24815 0.123174 -0.960859 0.304521 0.336383 -0.891131 0.064487 0.542325 -0.83769 -0.117377 0.0607024 -0.991231 -0.17475 0.109928 -0.978457 0.413014 0.0351273 -0.910047 -0.0914656 -0.0112312 -0.995745 0.360975 -0.28065 -0.889344 -0.103887 -0.0867049 -0.990803 0.162268 -0.526419 -0.834597 0.360975 -0.28065 -0.889344 -0.151376 -0.145425 -0.97772 -0.103887 -0.0867049 -0.990803 -0.129768 -0.636298 -0.76045 -0.22117 -0.171699 -0.960002 -0.436969 -0.580835 -0.686796 -0.294572 -0.158426 -0.942406 -0.677015 -0.374872 -0.633342 -0.351914 -0.109227 -0.929638 -0.785523 -0.0736419 -0.614435 -0.377853 -0.0372331 -0.925116 -0.733467 0.242139 -0.635134 -0.36543 0.0382091 -0.930054 -0.534767 0.487919 -0.689898 -0.317951 0.0969293 -0.94314 -0.242689 0.597811 -0.764019 -0.24815 0.123174 -0.960859 0.151376 0.670205 -0.726575 0.461393 0.702253 0.542178 0.754692 0.450593 0.476871 0.444694 0.418539 -0.791879 0.444694 0.418539 -0.791879 0.754692 0.450593 0.476871 0.887301 0.0824922 0.453752 0.577295 0.0504476 -0.814976 0.823684 -0.303392 0.47906 0.513675 -0.335441 -0.789694 0.5809 -0.603728 0.545956 0.270887 -0.635772 -0.722782 0.223984 -0.737996 0.636548 -0.0860036 -0.770035 -0.632179 -0.151376 -0.670205 0.726575 -0.461393 -0.702253 -0.542178 -0.444694 -0.418539 0.791879 -0.754692 -0.450593 -0.476871 -0.577295 -0.0504476 0.814976 -0.887301 -0.0824922 -0.453752 -0.513675 0.335441 0.789694 -0.823684 0.303392 -0.47906 -0.270887 0.635772 0.722782 -0.5809 0.603728 -0.545956 0.754692 0.450593 0.476871 0.461393 0.702253 0.542178 0.0860036 0.770035 0.632179 -0.270887 0.635772 0.722782 -0.513675 0.335441 0.789694 -0.577295 -0.0504476 0.814976 -0.444694 -0.418539 0.791879 -0.151376 -0.670205 0.726575 0.223984 -0.737996 0.636548 0.5809 -0.603728 0.545956 0.823684 -0.303392 0.47906 0.887301 0.0824922 0.453752 0.0860036 0.770035 0.632179 -0.223984 0.737996 -0.636548 -0.24086 0.616189 -0.749865 0.0752922 0.559091 -0.825681 0.464879 0.72851 0.503151 0.0746191 0.798958 0.596739 0.322313 0.347125 -0.880692 0.434005 0.03708 -0.900147 0.322313 0.347125 -0.880692 0.380419 -0.287916 -0.878855 0.175942 -0.540888 -0.822487 -0.12464 -0.653962 -0.74619 -0.440847 -0.596861 -0.670381 -0.687876 -0.38491 -0.615362 -0.799546 -0.0748641 -0.595921 -0.745989 0.250138 -0.617197 -0.541474 0.503111 -0.673562 0.589088 -0.62916 0.507082 0.218061 -0.768722 0.601262 0.202709 -0.832566 0.515502 0.602933 -0.682008 0.413929 0.907627 0.0842318 0.41124 0.769784 0.466882 0.435264 -0.548764 0.347185 0.760474 -0.614902 -0.0539579 0.786756 -0.172161 -0.698256 0.694838 0.841501 -0.31694 0.437521 -0.296369 0.659392 0.690918 -0.477048 -0.43664 0.762739 0.769784 0.466882 0.435264 -0.218213 -0.756544 0.616461 -0.454247 -0.87825 -0.149452 0.0224623 -0.964321 -0.263779 0.468924 0.782475 0.409686 0.0479759 0.85847 0.510614 0.946527 0.087499 0.310534 0.797832 0.50027 0.336443 -0.624479 0.371141 0.687226 -0.695807 -0.0615876 0.715583 0.875198 -0.345233 0.338885 -0.352225 0.707928 0.612189 -0.547095 -0.474367 0.689683 0.797832 0.50027 0.336443 0.323991 0.86479 -0.383626 -0.152749 0.950857 -0.269332 0.864892 0.0776721 -0.495911 0.696485 0.545169 -0.466582 0.784099 -0.412406 -0.4638 -0.60602 0.780346 -0.154275 -0.914354 0.398946 -0.0692785 -0.826732 -0.558652 -0.066501 0.475766 -0.793807 -0.378836 -0.995142 -0.0911611 -0.0371725 -0.17475 0.109928 -0.978457 -0.117377 0.0607024 -0.991231 -0.0914656 -0.0112312 -0.995745 -0.103887 -0.0867049 -0.990803 -0.151376 -0.145425 -0.97772 -0.22117 -0.171699 -0.960002 -0.294572 -0.158426 -0.942406 -0.351914 -0.109227 -0.929638 -0.377853 -0.0372331 -0.925116 -0.36543 0.0382091 -0.930054 -0.317951 0.0969293 -0.94314 -0.24815 0.123174 -0.960859 0.696485 0.545169 -0.466582 0.304521 0.336383 -0.891131 0.064487 0.542325 -0.83769 -0.117377 0.0607024 -0.991231 -0.17475 0.109928 -0.978457 0.413014 0.0351273 -0.910047 0.304521 0.336383 -0.891131 -0.0914656 -0.0112312 -0.995745 -0.117377 0.0607024 -0.991231 0.360975 -0.28065 -0.889344 -0.103887 -0.0867049 -0.990803 0.162272 -0.526432 -0.834588 -0.151376 -0.145425 -0.97772 -0.129768 -0.636298 -0.76045 -0.22117 -0.171699 -0.960002 -0.436977 -0.580815 -0.686808 -0.294572 -0.158426 -0.942406 -0.677015 -0.374872 -0.633342 -0.351914 -0.109227 -0.929638 -0.785523 -0.0736419 -0.614435 -0.377853 -0.0372331 -0.925116 -0.733467 0.242139 -0.635134 -0.36543 0.0382091 -0.930054 -0.534788 0.487911 -0.689887 -0.317951 0.0969293 -0.94314 -0.242689 0.597811 -0.764019 -0.24815 0.123174 -0.960859 0.0169383 -0.0559419 0.99829 0.127388 0.268692 0.954765 -0.276837 0.391038 0.877753 -0.380336 0.0643051 0.92261 0.684178 -0.717169 0.132545 0.99341 -0.112308 0.0228584 0.690539 -0.237169 0.683306 0.568631 -0.600157 0.562558 0.933347 0.180034 -0.310566 0.562326 0.747428 -0.353754 0.650468 0.49967 -0.572032 0.58079 0.79452 -0.177259 0.402797 0.824151 -0.398159 0.265367 0.865745 -0.424342 0.0372032 0.959042 -0.280809 -0.0663801 0.961429 0.266924 0.0933892 0.86971 0.484647 0.230818 0.828113 0.510834 0.477164 0.796911 0.370469 -0.0521269 -0.735026 0.676032 -0.582547 -0.57449 0.574978 0.0174568 -0.294813 -0.955395 -0.0852704 -0.101843 -0.991139 0.010224 0.224226 -0.974484 0.199657 0.327166 -0.923634 0.333211 0.28676 -0.898187 0.441606 0.0936619 -0.892307 0.34609 -0.232406 -0.90896 0.150979 -0.335254 -0.929952 0.0635399 0.383192 -0.921481 -0.0415063 0.709117 -0.703868 -0.836116 0.441436 -0.325645 -0.520606 0.624343 -0.582379 0.934351 0.183971 -0.305194 0.467798 0.260847 -0.844466 0.0858203 0.891652 -0.444514 -0.52564 -0.845303 -0.09574 -0.0148627 -0.999888 0.0015261 -0.0148627 -0.999888 0.0015261 0.0810584 -0.895488 -0.437642 0.697787 -0.624053 -0.35164 -0.395441 -0.751268 -0.528415 -0.958693 -0.21992 -0.180398 -0.75569 -0.184123 -0.628515 0.127388 0.268692 0.954765 0.0169383 -0.0559419 0.99829 0.75858 0.187997 0.623869 -0.951806 -0.139962 0.272904 -0.892043 0.241803 0.381825 -0.696384 0.628388 0.346666 -0.0521269 -0.735026 0.676032 -0.520134 0.619961 -0.587459 0.0810584 -0.895488 -0.437642 0.0933892 0.86971 0.484647 -0.0663801 0.961429 0.266924 0.0372032 0.959042 -0.280809 0.265367 0.865745 -0.424342 0.402797 0.824151 -0.398159 0.58079 0.79452 -0.177259 0.477164 0.796911 0.370469 0.230818 0.828113 0.510834 0.441606 0.0936619 -0.892307 0.333211 0.28676 -0.898187 0.199657 0.327166 -0.923634 0.010224 0.224226 -0.974484 -0.0852704 -0.101843 -0.991139 0.0174568 -0.294813 -0.955395 0.150979 -0.335254 -0.929952 0.34609 -0.232406 -0.90896 0.230818 0.828113 0.510834 0.150979 -0.335254 -0.929952 0.0169383 -0.0559419 0.99829 -0.380362 0.0643044 0.922599 -0.467798 -0.260847 0.844466 -0.0635416 -0.383203 0.921476 0.958693 0.21992 0.180398 0.786546 0.143777 0.600561 0.690539 -0.237169 0.683306 0.896598 -0.442805 0.00598187 0.294634 -0.714946 -0.634069 0.0810584 -0.895488 -0.437642 0.697787 -0.624053 -0.35164 0.0664105 -0.961427 -0.266924 -0.0372032 -0.959042 0.280809 -0.26536 -0.865753 0.424331 -0.402787 -0.82416 0.398148 -0.58079 -0.79452 0.177259 -0.477164 -0.796911 -0.370469 -0.230818 -0.828113 -0.510834 -0.0933892 -0.86971 -0.484647 0.333146 0.580229 0.743201 -0.197246 0.740763 0.642155 0.199657 0.327166 -0.923634 0.333211 0.28676 -0.898187 0.441606 0.0936619 -0.892307 0.34609 -0.232406 -0.90896 0.150979 -0.335254 -0.929952 0.0174568 -0.294813 -0.955395 -0.0852704 -0.101843 -0.991139 0.010224 0.224226 -0.974484 -0.127388 -0.268692 -0.954765 -0.75858 -0.187997 -0.623869 -0.932933 0.110906 -0.342544 -0.397337 -0.505499 -0.765894 0.696384 -0.628388 -0.346666 0.276808 -0.391042 -0.87776 -0.395435 -0.751256 -0.528437 0.0148627 0.999888 -0.0015261 0.52564 0.845303 0.09574 0.52564 0.845303 0.09574 0.933347 0.180034 -0.310566 0.562326 0.747428 -0.353754 0.0858203 0.891652 -0.444514 -0.520112 0.619971 -0.587468 -0.684178 0.717169 -0.132545 -0.0635416 -0.383203 0.921476 0.520606 -0.624343 0.582379 0.0169383 -0.0559419 0.99829 -0.733864 0.603975 0.310899 -0.892054 0.241806 0.381799 -0.934351 -0.183971 0.305194 0.333146 0.580229 0.743201 -0.75569 -0.184123 -0.628515 0.562326 0.747428 -0.353754 -0.402787 -0.82416 0.398148 -0.58079 -0.79452 0.177259 -0.477164 -0.796911 -0.370469 -0.230818 -0.828113 -0.510834 -0.0933892 -0.86971 -0.484647 0.0664105 -0.961427 -0.266924 -0.0372032 -0.959042 0.280809 -0.26536 -0.865753 0.424331 0.34609 -0.232406 -0.90896 0.150979 -0.335254 -0.929952 0.0174568 -0.294813 -0.955395 -0.0852704 -0.101843 -0.991139 0.010224 0.224226 -0.974484 0.199657 0.327166 -0.923634 0.333211 0.28676 -0.898187 0.441606 0.0936619 -0.892307 -0.26536 -0.865753 0.424331 0.333211 0.28676 -0.898187 0.334002 0.722724 -0.605073 0.0910387 0.72831 0.679174 0.417807 0.524655 0.741737 0.660713 0.519073 -0.542237 0.660713 0.519073 -0.542237 0.417807 0.524655 0.741737 0.602026 0.180584 0.777788 0.844842 0.174999 -0.505587 0.5918 -0.213055 0.777419 0.834557 -0.218642 -0.505678 0.388511 -0.54831 0.740551 0.631317 -0.55389 -0.542812 0.049105 -0.733919 0.677459 0.292036 -0.739505 -0.606504 -0.334002 -0.722724 0.605073 -0.0910387 -0.72831 -0.679174 -0.660713 -0.519073 0.542237 -0.417807 -0.524655 -0.741737 -0.844842 -0.174999 0.505587 -0.602026 -0.180584 -0.777788 -0.834557 0.218642 0.505678 -0.5918 0.213055 -0.777419 -0.631317 0.55389 0.542812 -0.388511 0.54831 -0.740551 0.417807 0.524655 0.741737 0.0910387 0.72831 0.679174 -0.292036 0.739505 0.606504 -0.631317 0.55389 0.542812 -0.834557 0.218642 0.505678 -0.844842 -0.174999 0.505587 -0.660713 -0.519073 0.542237 -0.334002 -0.722724 0.605073 0.049105 -0.733919 0.677459 0.388511 -0.54831 0.740551 0.5918 -0.213055 0.777419 0.602026 0.180584 0.777788 -0.292036 0.739505 0.606504 -0.049105 0.733919 -0.677459 -0.000610377 0.617549 -0.786532 0.32231 0.608455 -0.725189 0.106451 0.757307 0.644324 -0.291797 0.768573 0.569342 0.597594 0.436484 -0.67258 0.752209 0.14637 -0.642462 0.597594 0.436484 -0.67258 0.743277 -0.184888 -0.642928 0.572457 -0.467194 -0.673812 0.286882 -0.624152 -0.726727 -0.0360741 -0.61503 -0.787678 -0.311293 -0.443073 -0.840704 -0.465752 -0.152962 -0.871595 -0.456754 0.178294 -0.871543 -0.286 0.460603 -0.840267 0.414482 -0.569795 0.709604 0.0624116 -0.763313 0.643007 0.0931156 -0.823757 0.559243 0.473258 -0.615293 0.63043 0.636318 0.187508 0.748292 0.445766 0.54535 0.709849 -0.855059 0.226667 0.466365 -0.866001 -0.182228 0.465656 -0.335686 -0.752035 0.567238 0.625221 -0.221357 0.748398 -0.644137 0.575073 0.50436 -0.675146 -0.540068 0.502499 0.445766 0.54535 0.709849 -0.336598 -0.811418 0.477811 -0.218947 -0.922847 -0.316883 0.267901 -0.9368 -0.225021 0.140084 0.815935 0.560915 -0.289655 0.828282 0.479634 0.712512 0.201399 0.672135 0.506464 0.587309 0.631318 -0.897429 0.244126 0.367456 -0.909112 -0.196881 0.367087 0.700792 -0.23961 0.671921 -0.66987 0.619819 0.408777 -0.703011 -0.582795 0.407585 0.506464 0.587309 0.631318 0.321034 0.920497 -0.222762 -0.165691 0.934447 -0.315206 0.96958 0.224343 -0.0979041 0.736115 0.661496 -0.143378 0.956351 -0.275101 -0.0985466 -0.596188 0.698274 -0.396198 -0.853829 0.272748 -0.443379 -0.633912 -0.663851 -0.396809 0.698611 -0.700625 -0.145148 -0.867155 -0.2267 -0.443451 0.225352 0.137519 -0.964523 0.288953 0.0977214 -0.952343 0.324628 0.0305186 -0.945349 0.322493 -0.0461752 -0.945445 0.282978 -0.111611 -0.95261 0.216961 -0.148018 -0.964893 0.142312 -0.145974 -0.978999 0.0787086 -0.106176 -0.991227 0.0430625 -0.0389731 -0.998312 0.0451981 0.0377209 -0.998266 0.0846913 0.103125 -0.991056 0.150702 0.139563 -0.978678 0.736115 0.661496 -0.143378 0.586796 0.423487 -0.690166 0.319843 0.590275 -0.741132 0.288953 0.0977214 -0.952343 0.225352 0.137519 -0.964523 0.736706 0.141976 -0.66114 0.586796 0.423487 -0.690166 0.324628 0.0305186 -0.945349 0.288953 0.0977214 -0.952343 0.728025 -0.17945 -0.661647 0.322493 -0.0461752 -0.945445 0.562284 -0.453453 -0.691532 0.282978 -0.111611 -0.95261 0.28529 -0.605767 -0.742735 0.216961 -0.148018 -0.964893 -0.027925 -0.596984 -0.801767 0.142312 -0.145974 -0.978999 -0.294783 -0.430196 -0.85325 0.0787086 -0.106176 -0.991227 -0.444509 -0.148719 -0.883342 0.0430625 -0.0389731 -0.998312 -0.435724 0.172739 -0.88335 0.0451981 0.0377209 -0.998266 -0.270099 0.446715 -0.852932 0.0846913 0.103125 -0.991056 0.00668373 0.599063 -0.800674 0.150702 0.139563 -0.978678 0.334002 0.722724 -0.605073 0.0910387 0.72831 0.679174 0.417807 0.524655 0.741737 0.660713 0.519073 -0.542237 0.602026 0.180584 0.777788 0.844829 0.174996 -0.505609 0.5918 -0.213055 0.777419 0.834557 -0.218642 -0.505678 0.388511 -0.54831 0.740551 0.631317 -0.55389 -0.542812 0.049105 -0.733919 0.677459 0.292036 -0.739505 -0.606504 -0.334002 -0.722724 0.605073 -0.0910387 -0.72831 -0.679174 -0.660713 -0.519073 0.542237 -0.417807 -0.524655 -0.741737 -0.844829 -0.174996 0.505609 -0.602026 -0.180584 -0.777788 -0.834557 0.218642 0.505678 -0.5918 0.213055 -0.777419 -0.631317 0.55389 0.542812 -0.388511 0.54831 -0.740551 0.417807 0.524655 0.741737 0.0910387 0.72831 0.679174 -0.292036 0.739505 0.606504 -0.631317 0.55389 0.542812 -0.834557 0.218642 0.505678 -0.844829 -0.174996 0.505609 -0.660713 -0.519073 0.542237 -0.334002 -0.722724 0.605073 0.049105 -0.733919 0.677459 0.388511 -0.54831 0.740551 0.5918 -0.213055 0.777419 0.602026 0.180584 0.777788 -0.292036 0.739505 0.606504 -0.049105 0.733919 -0.677459 0.0910387 0.72831 0.679174 0.334002 0.722724 -0.605073 -0.000610377 0.617549 -0.786532 0.32231 0.608455 -0.725189 0.106451 0.757307 0.644324 -0.291797 0.768573 0.569342 0.597594 0.436484 -0.67258 0.32231 0.608455 -0.725189 0.752194 0.146368 -0.64248 0.743262 -0.184885 -0.642946 0.572457 -0.467194 -0.673812 0.286882 -0.624152 -0.726727 -0.0360734 -0.615049 -0.787664 -0.311301 -0.443085 -0.840695 -0.465752 -0.152962 -0.871595 -0.456754 0.178294 -0.871543 -0.286 0.460603 -0.840267 0.414482 -0.569795 0.709604 0.062413 -0.7633 0.643022 0.0931156 -0.823757 0.559243 0.473258 -0.615293 0.63043 0.636318 0.187508 0.748292 0.445766 0.54535 0.709849 -0.855053 0.226635 0.466392 -0.865986 -0.1822 0.465694 -0.33568 -0.752021 0.567259 0.62524 -0.221353 0.748383 -0.644137 0.575073 0.50436 -0.675135 -0.540059 0.502522 0.106451 0.757307 0.644324 -0.336598 -0.811418 0.477811 -0.218947 -0.922847 -0.316883 0.267901 -0.9368 -0.225021 0.140084 0.815935 0.560915 -0.289655 0.828282 0.479634 0.712497 0.201395 0.672151 0.506464 0.587309 0.631318 -0.897429 0.244126 0.367456 -0.909112 -0.196881 0.367087 0.700778 -0.239605 0.671937 -0.66987 0.619819 0.408777 -0.703011 -0.582795 0.407585 0.140084 0.815935 0.560915 0.321034 0.920497 -0.222762 -0.165691 0.934447 -0.315206 0.96958 0.224343 -0.0979041 0.736115 0.661496 -0.143378 0.956351 -0.275101 -0.0985466 -0.596188 0.698274 -0.396198 -0.853829 0.272748 -0.443379 -0.633912 -0.663851 -0.396809 0.698611 -0.700625 -0.145148 -0.867163 -0.226694 -0.443439 0.225352 0.137519 -0.964523 0.288953 0.0977214 -0.952343 0.324628 0.0305186 -0.945349 0.322493 -0.0461752 -0.945445 0.28297 -0.111607 -0.952613 0.216961 -0.148018 -0.964893 0.142312 -0.145974 -0.978999 0.0787086 -0.106176 -0.991227 0.0430625 -0.0389731 -0.998312 0.0451981 0.0377209 -0.998266 0.0846913 0.103125 -0.991056 0.150702 0.139563 -0.978678 0.321034 0.920497 -0.222762 0.586796 0.423487 -0.690166 0.319843 0.590275 -0.741132 0.288953 0.0977214 -0.952343 0.225352 0.137519 -0.964523 0.736706 0.141976 -0.66114 0.324628 0.0305186 -0.945349 0.728025 -0.17945 -0.661647 0.322493 -0.0461752 -0.945445 0.562284 -0.453453 -0.691532 0.28297 -0.111607 -0.952613 0.28529 -0.605767 -0.742735 0.216961 -0.148018 -0.964893 -0.027925 -0.596984 -0.801767 0.142312 -0.145974 -0.978999 -0.294783 -0.430196 -0.85325 0.0787086 -0.106176 -0.991227 -0.444509 -0.148719 -0.883342 0.0430625 -0.0389731 -0.998312 -0.435724 0.172739 -0.88335 0.0451981 0.0377209 -0.998266 -0.270099 0.446715 -0.852932 0.0846913 0.103125 -0.991056 0.00668373 0.599063 -0.800674 0.150702 0.139563 -0.978678 0.319843 0.590275 -0.741132 0.225352 0.137519 -0.964523 -0.0427881 -0.629675 -0.775679 0.324203 0.623196 -0.711701 0.660345 0.516081 -0.545532 0.293412 -0.736491 -0.6095 0.870711 0.437705 -0.224224 0.503935 -0.814255 -0.288163 0.896529 0.409963 0.167825 0.529874 -0.841689 0.103887 0.729308 0.440967 0.523123 0.362539 -0.810991 0.459194 0.41625 0.521693 0.744696 0.0493189 -0.730872 0.68073 0.0427881 0.629675 0.775679 -0.324203 -0.623196 0.711701 -0.324203 -0.623196 0.711701 0.0427881 0.629675 0.775679 -0.293412 0.736491 0.6095 -0.660345 -0.516081 0.545532 -0.503935 0.814255 0.288163 -0.870711 -0.437705 0.224224 -0.529874 0.841689 -0.103887 -0.896529 -0.409963 -0.167825 -0.362539 0.810991 -0.459194 -0.729308 -0.440967 -0.523123 0.660345 0.516081 -0.545532 0.324203 0.623196 -0.711701 -0.0493189 0.730872 -0.68073 -0.362539 0.810991 -0.459194 -0.529874 0.841689 -0.103887 -0.503935 0.814255 0.288163 -0.293412 0.736491 0.6095 0.0427881 0.629675 0.775679 0.41625 0.521693 0.744696 0.729308 0.440967 0.523123 0.896529 0.409963 0.167825 0.870711 0.437705 -0.224224 -0.0493189 0.730872 -0.68073 -0.41625 -0.521693 -0.744696 -0.412403 -0.649963 -0.638335 -0.0975082 -0.740635 -0.664795 0.31945 0.587475 -0.743522 -0.068607 0.699926 -0.710913 0.185681 -0.830988 -0.524387 0.362206 -0.897 -0.253373 0.383564 -0.920334 0.0765726 0.243209 -0.894249 0.375724 -0.0200206 -0.826244 0.562956 -0.334798 -0.735182 0.589422 -0.61811 -0.645242 0.449002 -0.334798 -0.735182 0.589422 -0.794909 -0.580052 0.177928 -0.816392 -0.557131 -0.152017 -0.675884 -0.582799 -0.451138 0.740211 0.399984 0.540463 0.415006 0.482576 0.771291 0.409564 0.389361 0.825018 0.760422 0.299457 0.576268 0.887123 0.396593 -0.236064 0.668837 0.476747 -0.570412 -0.566617 0.816508 -0.110723 -0.540256 0.787525 0.296527 0.0267041 0.594205 0.80387 0.913738 0.368455 0.171242 -0.393333 0.784163 -0.479977 -0.322434 0.705784 0.630798 0.0267041 0.594205 0.80387 -0.00939985 0.510217 0.859995 -0.255815 -0.258958 0.931396 0.218672 -0.396264 0.891716 0.306195 0.50295 -0.808261 -0.112737 0.62399 -0.773258 0.918862 0.295819 -0.261119 0.683271 0.38305 -0.621621 -0.650645 0.748796 -0.126351 -0.621889 0.717872 0.312913 0.947648 0.265028 0.178109 -0.463472 0.714222 -0.524481 -0.386404 0.630283 0.673376 -0.00939985 0.510217 0.859995 0.101659 -0.267194 -0.958266 -0.372972 -0.130499 -0.91862 0.795232 -0.502983 -0.338547 0.528683 -0.403402 -0.746834 0.827691 -0.538213 0.158916 -0.770464 -0.0290852 -0.636819 -0.982517 0.00967438 -0.18592 -0.682984 -0.123357 0.719942 -0.255815 -0.258958 0.931396 0.615815 -0.498835 0.609864 -0.949897 -0.0249643 0.311566 -0.250169 -0.948608 -0.193799 -0.184702 -0.969474 -0.161263 -0.1439 -0.984682 -0.0984559 -0.139015 -0.990046 -0.0219737 -0.171485 -0.984049 0.0473349 -0.232403 -0.968372 0.0907946 -0.30519 -0.94734 0.0969895 -0.370682 -0.926521 0.0644559 -0.411497 -0.91141 0.00161769 -0.416408 -0.906093 -0.0748336 -0.383932 -0.912037 -0.144173 -0.322983 -0.927625 -0.1876 0.169382 -0.842791 -0.510894 -0.105231 -0.75508 -0.647133 -0.184702 -0.969474 -0.161263 -0.250169 -0.948608 -0.193799 0.34056 -0.90696 -0.247874 -0.1439 -0.984682 -0.0984559 0.361222 -0.929668 0.0723606 -0.139015 -0.990046 -0.0219737 0.22505 -0.90429 0.362784 -0.171485 -0.984049 0.0473349 -0.0302748 -0.838202 0.544519 -0.232403 -0.968372 0.0907946 -0.335556 -0.74979 0.570278 -0.30519 -0.94734 0.0969895 -0.610391 -0.66261 0.434018 -0.335556 -0.74979 0.570278 -0.370682 -0.926521 0.0644559 -0.30519 -0.94734 0.0969895 -0.781885 -0.599529 0.170941 -0.411497 -0.91141 0.00161769 -0.802716 -0.577362 -0.14933 -0.416408 -0.906093 -0.0748336 -0.666357 -0.602175 -0.439721 -0.383932 -0.912037 -0.144173 -0.410701 -0.667217 -0.621407 -0.322983 -0.927625 -0.1876 0.324203 0.623196 -0.711701 0.660345 0.516081 -0.545532 0.293412 -0.736491 -0.6095 -0.0427881 -0.629675 -0.775679 0.870711 0.437705 -0.224224 0.503935 -0.814255 -0.288163 0.896529 0.409963 0.167825 0.529874 -0.841689 0.103887 0.729308 0.440967 0.523123 0.362539 -0.810991 0.459194 0.41625 0.521693 0.744696 0.0493189 -0.730872 0.68073 0.0427881 0.629675 0.775679 -0.324203 -0.623196 0.711701 -0.293412 0.736491 0.6095 -0.660345 -0.516081 0.545532 -0.503935 0.814255 0.288163 -0.870711 -0.437705 0.224224 -0.529874 0.841689 -0.103887 -0.896529 -0.409963 -0.167825 -0.362539 0.810991 -0.459194 -0.729308 -0.440967 -0.523123 0.293412 -0.736491 -0.6095 0.503935 -0.814255 -0.288163 0.529874 -0.841689 0.103887 0.362539 -0.810991 0.459194 0.0493189 -0.730872 0.68073 -0.324203 -0.623196 0.711701 -0.660345 -0.516081 0.545532 -0.870711 -0.437705 0.224224 -0.896529 -0.409963 -0.167825 -0.729308 -0.440967 -0.523123 -0.41625 -0.521693 -0.744696 -0.0427881 -0.629675 -0.775679 -0.0493189 0.730872 -0.68073 -0.41625 -0.521693 -0.744696 0.324203 0.623196 -0.711701 -0.0427881 -0.629675 -0.775679 0.0200206 0.826244 -0.562956 -0.415006 -0.482576 -0.771291 -0.0267041 -0.594205 -0.80387 0.334792 0.735169 -0.589441 0.61811 0.645242 -0.449002 0.334792 0.735169 -0.589441 0.794905 0.580049 -0.177958 0.816392 0.557131 0.152017 0.675884 0.582799 0.451138 0.412403 0.649963 0.638335 0.0975082 0.740635 0.664795 -0.185681 0.830988 0.524387 -0.362206 0.897 0.253373 -0.383564 0.920334 -0.0765726 -0.243209 0.894249 -0.375724 0.393301 -0.784161 0.480006 0.463472 -0.714222 0.524481 0.112737 -0.62399 0.773258 0.068607 -0.699926 0.710913 0.322434 -0.705784 -0.630798 0.540221 -0.787549 -0.296525 -0.887123 -0.396593 0.236064 -0.913738 -0.368455 -0.171242 -0.31945 -0.587475 0.743522 0.566597 -0.816522 0.110725 -0.740211 -0.399984 -0.540463 -0.668826 -0.476738 0.570432 -0.0267041 -0.594205 -0.80387 0.372972 0.130499 0.91862 -0.101659 0.267194 0.958266 -0.306195 -0.50295 0.808261 -0.409564 -0.389361 -0.825018 0.00939985 -0.510217 -0.859995 0.386404 -0.630283 -0.673376 0.621889 -0.717872 -0.312913 -0.918862 -0.295819 0.261119 -0.947641 -0.265056 -0.178108 0.650645 -0.748796 0.126351 -0.760448 -0.299455 -0.576234 -0.683271 -0.38305 0.621621 0.00939985 -0.510217 -0.859995 -0.218672 0.396264 -0.891716 0.255813 0.258987 -0.931389 0.682984 0.123357 -0.719942 0.949897 0.0249643 -0.311566 0.982517 -0.00967438 0.18592 -0.827691 0.538213 -0.158916 -0.615815 0.498835 -0.609864 -0.528683 0.403402 0.746834 0.770464 0.0290852 0.636819 -0.795232 0.502983 0.338547 0.30519 0.94734 -0.0969895 0.232403 0.968372 -0.0907946 0.171485 0.984049 -0.0473349 0.139015 0.990046 0.0219737 0.1439 0.984682 0.0984559 0.184702 0.969474 0.161263 0.250169 0.948608 0.193799 0.322983 0.927625 0.1876 0.383906 0.912047 0.144174 0.416408 0.906093 0.0748336 0.411497 0.91141 -0.00161769 0.370682 0.926521 -0.0644559 0.255813 0.258987 -0.931389 0.335556 0.74979 -0.570278 0.610391 0.66261 -0.434018 0.30519 0.94734 -0.0969895 0.370682 0.926521 -0.0644559 0.781885 0.599529 -0.170941 0.411497 0.91141 -0.00161769 0.802716 0.577362 0.14933 0.416408 0.906093 0.0748336 0.666357 0.602175 0.439721 0.383906 0.912047 0.144174 0.410701 0.667217 0.621407 0.322983 0.927625 0.1876 0.105261 0.755078 0.647131 0.250169 0.948608 0.193799 -0.169382 0.842791 0.510894 0.184702 0.969474 0.161263 -0.34056 0.90696 0.247874 0.1439 0.984682 0.0984559 -0.361222 0.929668 -0.0723606 0.139015 0.990046 0.0219737 -0.225021 0.904296 -0.362787 0.171485 0.984049 -0.0473349 0.0302748 0.838202 -0.544519 0.232403 0.968372 -0.0907946 0.335556 0.74979 -0.570278 0.30519 0.94734 -0.0969895 </float_array>
          <technique_common>
            <accessor count="2365" offset="0" source="#meshId1-normals-array" stride="3">
              <param name="X" type="float" />
              <param name="Y" type="float" />
              <param name="Z" type="float" />
            </accessor>
          </technique_common>
        </source>
        <source id="meshId1-tangents" name="meshId1-tangents">
          <float_array id="meshId1-tangents-array" count="7095"> -0.96844 -0.0422119 0.245648 -0.984941 0.144394 -0.0950891 -0.942489 0.274255 -0.191047 -0.96683 0.22856 -0.114017 -0.0870651 -0.21944 0.971733 -0.715665 -0.0679221 0.695134 -0.762853 -0.127646 0.633847 -0.266216 -0.355931 0.895791 0.921912 0.220962 -0.318203 0.951129 0.0840184 -0.297145 0.836016 -0.00363538 -0.548692 0.92416 0.123368 -0.361536 -0.993168 0.000257383 0.116691 -0.99263 0.00128758 0.121182 -0.999173 0.0266834 0.0306675 -0.998717 -0.000443562 0.0506397 0.842361 0.00351319 0.538902 0.537238 0.282988 0.794539 0.776099 0.0279245 0.629992 0.908459 -0.141829 0.393174 -0.828451 -0.158064 0.537293 -0.487483 -0.422871 0.763898 -0.440546 0.599954 0.667813 -0.849092 0.365892 0.381006 -0.916665 0.325834 0.231425 -0.68381 0.564776 0.461987 0.994601 -0.0439603 0.0940025 0.993931 -0.000634952 0.110004 0.977138 -0.00307908 0.212584 0.983085 -0.0605942 0.172838 -0.831988 0.48238 0.274054 -0.947706 0.293288 0.125843 -0.983907 0.174396 0.0389042 -0.971138 0.228437 0.0686097 0.983592 0.0439434 -0.174976 0.996077 0.0291638 -0.0835491 0.979685 0.116511 -0.163227 0.898115 0.216316 -0.38288 -0.986524 0.014776 0.162948 -0.99718 0.0174251 0.0730034 -0.97266 -0.111602 0.203662 -0.881675 -0.190664 0.43162 0.994026 -0.0101573 -0.108674 0.995219 0.0286463 -0.0933714 0.977265 -0.00631012 -0.211929 -0.982558 0.047527 0.179779 -0.981058 0.0673101 0.181645 -0.996625 0.05416 0.0616817 -0.995955 0.045504 0.0774817 0.889744 -0.000250131 0.45646 0.922433 -0.136049 0.361398 0.949499 -0.113783 0.292412 0.92619 -0.000695952 0.377056 0.302052 0.386846 -0.871272 0.747045 0.176916 -0.6408 0.826289 0.19308 -0.529119 0.521728 0.428247 -0.737837 -0.984564 0.0609166 0.164079 -0.998384 0.0483028 0.0299258 0.73703 -0.424912 0.525582 0.898789 -0.221572 0.378264 0.826042 -0.19859 0.527462 0.536423 -0.442446 0.718674 0.977418 -0.0722685 0.198573 0.966674 -0.000323257 0.25601 -0.955848 -0.138113 0.259382 -0.965611 -0.093901 0.242441 -0.852758 0.0206611 0.521898 -0.902191 -0.0657444 0.426297 0.725825 0.418364 -0.546031 0.99799 -0.0260776 -0.0577496 0.992652 -0.11795 -0.0270181 0.978528 -0.106687 -0.176352 0.977849 -0.0158043 -0.208714 0.596353 -0.2382 -0.766566 0.868229 -0.00509537 -0.496138 0.0114358 -0.0854907 -0.996273 0.204717 -0.405096 -0.89106 0.663711 -0.251553 -0.704421 0.654317 -0.107821 -0.748495 0.998165 -0.0241955 -0.0555171 0.996709 -0.00298715 -0.0810025 0.975223 -0.00975164 -0.221008 0.97856 -0.0244182 -0.204508 -0.970739 -0.0871449 0.223765 -0.976602 -0.090464 0.195102 -0.962828 -0.147314 0.22641 -0.981745 -0.0265606 0.18834 -0.984129 -0.0329321 0.174374 0.99016 0.0761251 -0.117424 0.976121 0.144484 -0.162209 0.97221 0.139838 -0.18776 0.989388 0.067666 -0.128578 -0.993252 0.000498392 0.115973 -0.987936 -0.0549313 0.144791 -0.987577 -0.0203593 0.155809 -0.990208 0.000526391 0.139596 -0.998877 0.0471421 -0.00479549 -0.987339 0.0875282 -0.132286 -0.989677 0.0940329 -0.108152 -0.998913 0.0463341 0.00508422 -0.956337 -0.202992 -0.21027 -0.987526 -0.0879811 -0.130581 -0.999138 0.0335388 0.0244736 -0.997302 0.0105857 0.0726395 -0.996811 0.0538637 -0.0588695 -0.999807 -0.00065329 -0.0196195 -0.998516 -0.000262628 -0.0544618 -0.999085 0.0276216 -0.0326607 -0.993332 0.00893749 0.114945 -0.99495 -0.00027274 0.100367 0.981645 4.92745e-05 -0.19072 0.986449 0.0363795 -0.159982 0.963833 0.0752681 -0.255659 0.950192 0.000286699 -0.311665 -0.994725 0.00727445 0.102321 -0.981313 -0.0956087 0.166982 0.108593 0.258245 -0.959957 0.668128 0.124415 -0.73357 -0.209328 0.51092 0.833752 -0.776329 0.350747 0.523727 0.96767 -0.201946 0.151102 0.984699 -0.134136 0.111244 0.982044 -0.131017 0.135737 0.961109 -0.201083 0.189299 -0.97057 0.145924 -0.191572 -0.956246 0.182548 -0.228625 -0.962271 0.201 -0.183396 -0.977391 0.145408 -0.153507 -0.92564 0.248107 -0.285714 -0.938759 0.236078 -0.250995 -0.860297 0.15743 -0.484876 -0.790018 0.0901182 -0.606423 -0.0166212 0.0769545 -0.996896 -0.656997 0.0652977 -0.75106 -0.698839 -0.302596 -0.648121 -0.120304 -0.273275 -0.954383 -0.969519 0.124879 -0.210803 -0.987369 0.0506653 -0.150118 -0.998122 0.0586637 0.0176079 -0.985957 0.166886 -0.0061443 -0.986513 0.102829 0.12735 -0.991129 -0.00659084 0.132744 -0.997127 -0.0719568 0.0236668 -0.995706 0.0921005 -0.00932445 -0.226479 0.465303 0.855687 -0.806408 0.199752 0.556601 -0.67751 0.107614 0.727598 -0.0110469 0.087493 0.996104 -0.675953 -0.429055 0.599166 -0.930253 -0.265093 0.253682 0.999705 -0.02421 -0.00190626 0.999632 -0.0268495 0.00382642 -0.992163 0.0138782 0.12418 -0.99256 0.00807537 0.121491 -0.980064 0.000183866 -0.198684 -0.983495 0.0454635 -0.175133 0.998043 -0.0382229 0.049488 0.995513 -0.0511982 0.0795733 -0.980939 0.0757872 -0.178926 -0.981028 0.118028 -0.153795 -0.989124 0.121896 -0.0823116 -0.992337 0.0834348 -0.09114 -0.730208 0.463353 -0.502096 -0.889561 0.269943 -0.368527 -0.839397 0.25364 -0.480707 -0.56272 0.488325 -0.666997 -0.979842 -0.0133742 0.199327 -0.979735 -0.000368348 0.2003 -0.950409 0.000148165 -0.311003 -0.960552 0.0779063 -0.266964 -0.979958 0.0584117 -0.190448 -0.994451 0.0721552 -0.0765556 0.994867 -0.0284629 -0.0971099 0.974741 -0.0242589 -0.222016 0.964323 0.192769 -0.181439 0.947462 0.247239 -0.20295 0.956302 0.194263 -0.218513 0.01111 0.0863079 0.996207 -0.17836 -0.530245 0.828871 -0.726339 -0.296557 0.62007 -0.712119 0.0887192 0.696431 -0.873459 0.00133721 -0.486896 -0.914662 0.112944 -0.388119 -0.916018 0.000232356 -0.401138 -0.957709 -1.80349e-05 0.287739 -0.962489 -0.0410786 0.268194 -0.923366 -0.000500244 0.383921 0.994401 0.0133467 0.104824 0.996536 -0.0110696 0.0824186 0.974244 -0.00708315 0.225386 0.972338 0.0129601 0.23322 0.942912 -0.265052 0.201654 0.954446 -0.244548 0.170963 0.94103 -0.246962 0.231242 0.923693 -0.227332 0.3084 -0.306153 0.44307 -0.842591 -0.76316 0.230173 -0.603827 -0.707043 0.192535 -0.680456 -0.122526 0.325403 -0.937603 -0.985141 0.0661557 -0.158493 -0.981757 0.0679131 -0.1776 -0.994852 0.0890981 -0.04829 -0.996699 0.0777829 -0.0232753 -0.695263 0.255615 0.671767 -0.679556 0.144089 -0.719335 -0.0438183 0.20834 -0.977074 0.998493 0.023811 -0.0494374 0.838803 -0.354999 0.412778 0.716202 -0.141046 0.683492 -0.978941 -0.124997 0.161399 0.987578 0.127197 -0.0922544 0.998255 0.00660978 0.0586702 0.974528 0.0922159 -0.204427 0.995856 0.0887394 0.0198987 0.998458 0.0122945 0.0541285 0.950111 0.150109 0.273416 0.974766 0.0525742 0.216951 0.972391 -0.145853 0.182164 0.903894 -0.251985 0.345657 -0.985787 0.119754 -0.117829 0.980322 -0.128905 0.149507 -0.99348 0.109117 -0.0330341 0.999695 -0.0167391 0.0181499 -0.951548 -0.224719 -0.209902 -0.791387 -0.459288 -0.403437 -0.921561 -0.232772 -0.310712 -0.993222 0.0818488 -0.0825242 -0.989503 0.120374 -0.0799597 0.940642 0.110957 -0.320751 -0.774738 -0.219659 -0.5929 -0.865114 -0.242706 -0.438943 0.666392 -0.136659 0.732971 0.728914 -0.173783 0.662181 -0.736205 0.364604 -0.570145 -0.710298 0.112219 -0.694899 -0.747241 0.270312 0.607093 0.0284211 -0.130695 0.991015 0.105937 -0.267645 0.957676 0.65216 -0.0493917 0.75647 0.0194864 0.103695 -0.994418 0.648468 0.0379 -0.760298 -0.744995 -0.0967541 -0.660016 -0.998672 0.0493915 0.0146656 0.592474 0.341339 0.7297 0.637533 0.0486657 0.768885 0.98761 -0.046703 -0.149819 0.987222 -0.143003 0.0703037 0.755475 0.121751 0.643766 0.82414 0.242514 0.511841 0.97929 0.0208051 0.201392 0.991323 -0.118871 -0.0561201 0.952993 -0.24278 -0.181278 -0.991652 0.114095 -0.0600713 -0.972951 0.184283 -0.139302 0.996304 -0.0731331 0.0450478 0.999711 -0.0165709 -0.0174135 0.996128 0.0463386 -0.0747166 -0.94794 0.269828 -0.169125 0.937395 0.238087 0.254175 0.953728 0.233291 0.189681 0.992479 0.0799731 -0.0926811 0.99236 -0.109515 0.0568164 0.936926 -0.247577 -0.246729 0.989187 -0.134651 0.0581289 0.989796 0.10712 -0.0939593 0.881088 0.254471 0.39866 0.878222 -0.271452 -0.393751 0.809319 -0.267016 -0.523168 0.998364 0.017869 0.0543074 -0.985877 0.0627242 0.155279 -0.671193 0.0173397 0.741079 -0.00693427 -0.0499369 0.998728 -0.559815 -0.257745 -0.787512 0.759405 -0.153028 -0.632366 0.814842 0.283822 -0.505448 0.75557 0.417251 -0.504991 0.128312 0.588383 -0.798336 -0.779672 -0.405245 0.477377 0.991661 0.11418 0.0597615 0.949837 -0.269388 -0.158871 0.939756 0.266398 0.214222 0.981275 0.0383666 0.18875 0.64565 0.0144895 0.763496 -0.724923 0.187373 0.662855 -0.998273 0.0587484 0.000718165 -0.997605 0.0690961 -0.00308359 -0.724122 -0.00396899 -0.68966 0.647296 -0.0270862 -0.761757 0.980791 -0.0589333 -0.185947 0.739858 -0.063237 -0.669784 0.998692 0.0362418 0.0360649 0.717832 0.0590614 -0.693707 -0.988384 0.0583348 -0.140334 -0.680427 0.10828 -0.724772 -0.677929 0.056372 0.732962 -0.987844 0.0758446 0.135693 0.997945 -0.0510314 -0.0387472 0.737333 0.00694729 0.675493 -0.0199158 0.148443 -0.98872 0.052098 0.253534 0.965923 0.0106758 0.107143 0.994186 -0.0151243 -0.0604181 0.998059 -0.0272474 0.22283 0.974477 -0.0861635 0.365338 0.926878 -0.0473487 -0.224022 -0.973433 -0.0118232 -0.111816 -0.993659 0.0167369 0.0723299 -0.99724 0.00207026 0.0100836 -0.999947 0.0069691 -0.0490575 0.998772 0.01237 0.0480532 0.998768 0.95217 -0.222072 0.209895 0.951248 0.221735 -0.214386 -0.902232 0.358675 -0.239437 -0.252149 0.567802 -0.783595 0.144336 0.374866 0.915774 -0.18656 -0.429939 -0.883373 -0.999949 -0.00514004 0.00872316 -0.999919 -0.00231526 -0.0125406 0.284245 -0.392566 0.874698 -0.427331 -0.539856 -0.72522 0.916413 0.000426096 -0.400234 0.999542 -0.000264976 0.0302511 -0.64498 -0.530051 -0.550497 -0.999646 -0.000920474 -0.0265823 0.000835975 0.0145193 0.999894 0.0130335 -0.118821 -0.99283 -0.0151222 0.0361654 -0.999231 0.0584312 -0.25656 -0.96476 0.832573 -0.335115 0.441044 0.22348 -0.596041 0.771228 0.999399 -0.00106769 0.0346416 0.184128 0.449339 0.87418 0.772359 -0.489627 -0.404632 0.999456 0.000469921 -0.0329778 0.999771 -0.000338744 -0.0213849 0.999484 -0.00021059 -0.0321129 0.999761 -0.000347638 -0.0218453 0.166457 -0.431906 -0.886425 0.99972 0.00285171 -0.0234882 0.628643 -0.545271 -0.554516 0.375714 -0.545274 -0.749343 0.999876 -0.000314292 -0.0157499 0.999476 0.000315781 -0.0323587 0.999405 -0.000166387 -0.034504 0.631699 0.547288 0.549029 0.770576 0.488524 0.409338 0.412705 0.553402 0.723478 0.112078 0.636896 0.76276 0.265658 0.441097 0.857239 0.368046 0.431192 0.823781 0.422975 0.646142 0.635289 0.552641 0.324315 0.767729 0.701643 0.485466 0.521555 0.670024 0.121795 0.73228 0.872036 0.184187 0.453462 0.676287 -0.112515 0.727995 0.871491 -0.179882 0.45623 0.555157 -0.331108 0.763 0.689764 -0.490296 0.532762 0.321642 -0.446277 0.835095 0.382447 -0.646822 0.659815 0.0610812 -0.392655 0.917655 0.0456522 -0.600686 0.798181 -0.119585 -0.188087 0.974845 -0.214803 -0.367737 0.904781 -0.156125 0.0873982 0.983863 -0.319214 -0.0269703 0.947299 -0.0475264 0.319754 0.946308 -0.245705 0.313506 0.917248 0.129301 0.432108 0.892504 0.0222488 0.302362 0.952933 0.19564 0.404098 0.893549 -0.0312839 0.556824 0.830041 0.228854 0.438369 0.869171 0.265378 0.652945 0.709392 -0.117325 0.582828 0.804081 -0.386073 0.69714 0.604105 -0.361989 0.886511 0.288204 -0.203076 0.977424 -0.0583317 -0.100695 0.908257 -0.406116 -0.275592 0.713502 -0.644177 -0.645578 0.582756 -0.493583 -0.698195 0.697129 -0.162898 -0.460391 0.8865 0.0464621 -0.104662 0.97742 0.183563 0.211531 0.908289 0.360922 0.252502 0.713514 0.65356 0.583113 -0.268807 0.76663 0.681031 -0.0268314 0.731763 0.263109 0.20753 0.942181 0.31923 0.197291 0.926913 0.227645 0.442414 0.867437 0.449276 0.402013 0.797833 -0.081038 0.0836287 0.993196 -0.0475258 -0.167565 0.984715 0.116252 -0.351832 0.928816 0.361996 -0.396654 0.843579 0.627563 0.218876 0.747167 0.269448 0.391831 0.879697 0.0892134 0.368492 0.92534 -0.0350148 0.00403919 0.999379 0.065438 0.136129 0.988528 -0.532864 -0.71975 0.444989 -0.569825 -0.719456 0.397093 -0.604645 -0.735417 0.305886 -0.629917 -0.751405 0.196454 -0.65176 -0.75181 0.099957 -0.67546 -0.735917 0.0466963 -0.692423 -0.719499 0.0535901 -0.685292 -0.719353 0.113606 -0.646511 -0.735345 0.203202 -0.588133 -0.75141 0.299134 -0.536256 -0.751965 0.383376 -0.516144 -0.73596 0.43813 0.459045 0.202346 0.865063 0.537212 0.152154 0.82961 0.349271 0.19399 0.916721 0.17513 0.192885 0.965466 0.630562 -0.0363531 0.775287 0.639282 -0.169328 0.750097 0.596298 0.0707288 0.799641 0.388355 0.20714 0.897927 -0.126231 -0.196152 0.972414 -0.472181 -0.503016 0.723892 -0.431679 -0.295778 0.852156 -0.667866 -0.620081 0.411649 -0.67406 -0.558468 0.483484 -0.430383 -0.0278261 0.902217 -0.781792 -0.29983 0.546721 -0.359847 0.230399 0.904116 -0.819705 0.0717598 0.568273 -0.210287 0.467804 0.858451 -0.702532 0.483544 0.522144 0.0161381 0.632348 0.774516 -0.425938 0.806595 0.409855 0.274522 0.685909 0.673919 -0.0491412 0.96552 0.255648 0.529199 0.628305 0.570246 0.35914 0.929155 0.087686 0.750267 0.458031 0.476767 0.720278 0.690968 -0.061335 0.888761 0.195644 0.414521 0.939986 0.304689 -0.153593 0.914401 -0.096726 0.393084 0.976945 -0.123656 -0.174034 0.855952 -0.343081 0.386836 0.863116 -0.485296 -0.139709 0.805537 -0.512005 0.298263 0.774652 -0.612699 -0.15657 0.182239 0.654285 0.733962 0.218228 0.445216 0.868423 0.298609 0.364769 0.881916 0.492099 0.531808 0.689216 0.354623 0.605526 0.712447 0.338357 0.343408 0.876119 0.388907 0.273618 0.879707 0.615242 0.408864 0.674024 0.47834 0.0885871 0.873695 0.748844 0.106425 0.654146 0.472173 -0.134413 0.871198 0.712653 -0.238239 0.659825 0.33872 -0.34304 0.876123 0.499167 -0.521937 0.691675 0.0953614 -0.447083 0.889395 0.164439 -0.651001 0.741051 -0.17685 -0.383707 0.906363 -0.190939 -0.578635 0.792921 -0.360797 -0.169039 0.917198 -0.453158 -0.323772 0.830553 -0.387307 0.113466 0.914942 -0.538706 0.0304434 0.841944 -0.251295 0.3571 0.899628 -0.42565 0.373766 0.824088 -0.00517758 0.480376 0.877047 -0.221151 0.275298 0.935576 -0.010325 0.4126 0.910854 -0.155316 0.601678 0.783493 0.960548 -0.0588456 -0.271818 0.938646 -0.34485 -0.00477561 0.808452 -0.505935 0.300726 0.718572 -0.346059 0.603239 0.804175 0.0652616 0.590799 0.946694 0.15828 0.280566 0.99818 -0.0587956 -0.0134398 0.90102 -0.344854 -0.263131 0.689082 -0.505953 -0.518823 0.51661 -0.346254 -0.783085 0.602167 0.0649084 -0.795727 0.827341 0.158239 -0.538951 0.388881 -0.264476 0.88251 0.484573 -0.0301327 0.874232 0.0397009 0.226584 0.973182 0.101918 0.20628 0.973171 0.183567 0.375971 0.908267 0.275931 0.364866 0.889233 -0.315419 0.0422875 0.94801 -0.262578 -0.199397 0.944083 -0.0744521 -0.370764 0.925738 0.17596 -0.395365 0.901513 0.430715 0.216817 0.876057 0.220664 0.401197 0.889015 0.316881 0.312965 0.895343 -0.288353 0.0127361 0.957439 -0.177095 0.142575 0.973812 0.349349 -0.931234 0.103728 0.342908 -0.925012 0.163609 0.319664 -0.932698 0.167002 0.303277 -0.946477 0.110474 0.303947 -0.952617 0.011737 0.310617 -0.945129 -0.101239 0.304828 -0.931372 -0.199061 0.281793 -0.925081 -0.254595 0.258893 -0.932653 -0.251262 0.258989 -0.946537 -0.192332 0.287931 -0.952631 -0.097928 0.326592 -0.945128 0.0084364 0.26388 0.165493 0.950252 0.328078 0.0964819 0.93971 0.145859 0.195439 0.969809 -0.0625648 0.226835 0.971922 0.390254 -0.0634344 0.918519 0.38239 -0.176102 0.907065 0.364231 0.0182055 0.931131 0.197419 0.189631 0.961803 0.338898 -0.311721 0.887681 0.529988 -0.603618 0.595615 0.396302 -0.759689 0.515575 0.553204 -0.825338 0.113058 0.418128 -0.904766 0.0810346 -0.749604 -0.138591 0.647214 -0.648576 0.0156907 0.760988 -0.934551 -0.220012 0.27966 -0.926055 -0.166001 0.338918 -0.560286 0.277693 0.780363 -0.925271 0.141315 0.352 -0.390324 0.497019 0.774996 -0.794749 0.505051 0.336597 -0.155725 0.64014 0.75231 -0.514074 0.804954 0.296272 0.115813 0.68618 0.718154 -0.114471 0.96471 0.237132 0.386093 0.624038 0.679344 0.326506 0.929549 0.171265 0.624596 0.444297 0.642246 0.713155 0.691844 0.11297 0.771396 0.147595 0.619003 0.956064 0.283091 0.0761683 0.767392 -0.176891 0.616295 0.977958 -0.196169 0.0715204 0.667795 -0.419022 0.6152 0.802103 -0.590031 0.0921597 -0.18877 0.652051 0.734299 -0.50152 0.546217 0.670914 -0.319364 0.386786 0.865103 -0.234765 0.441077 0.86622 -0.356478 0.630473 0.689512 -0.631997 0.447996 0.63236 -0.423215 0.316374 0.848997 -0.338421 0.37479 0.863136 -0.786614 0.142064 0.60088 -0.533224 0.11943 0.837502 -0.764503 -0.216021 0.607346 -0.533796 -0.118147 0.837319 -0.557196 -0.514085 0.652111 -0.398547 -0.336511 0.853183 -0.226087 -0.65421 0.72173 -0.158158 -0.443878 0.882019 0.128409 -0.591875 0.795735 0.106842 -0.388315 0.915312 0.395149 -0.344874 0.851422 0.293506 -0.181579 0.938554 0.490224 0.00648521 0.871573 0.327477 0.0962268 0.939946 0.389877 0.350524 0.851545 0.202773 0.336981 0.919417 -0.0276196 0.461843 0.886531 -0.0258478 0.396322 0.917748 0.172357 0.259215 0.950316 0.135606 0.584424 0.800037 0.54294 -0.582725 -0.604688 0.655837 -0.697147 -0.289593 0.460999 -0.886509 -0.0397649 0.136853 -0.977433 0.160921 -0.140927 -0.908285 0.393901 -0.127054 -0.713556 0.688981 0.26447 -0.582803 0.768372 0.491304 -0.697155 0.522106 0.409107 -0.886521 0.216131 0.188754 -0.977421 -0.0949752 0.0235671 -0.908281 -0.417696 0.151258 -0.713538 -0.684094 -0.441587 -0.271831 0.855049 -0.195578 0.218304 0.956082 -0.128369 0.251972 0.959183 -0.545114 -0.0350447 0.837629 -0.316203 0.41488 0.853165 -0.176847 0.420258 0.890005 0.258572 0.0410619 0.965119 0.211744 -0.19073 0.958534 0.0339538 -0.364656 0.930523 -0.222269 -0.399745 0.88927 -0.496318 0.23889 0.834625 -0.239263 0.394553 0.887176 -0.327014 0.336491 0.883083 0.135428 0.23629 0.962199 0.311304 0.11664 0.943125 0.915272 0.322037 0.242013 0.882413 0.330355 0.334982 0.864599 0.31579 0.390826 0.872108 0.292367 0.392363 0.897221 0.284199 0.337973 0.922617 0.299129 0.243516 0.937293 0.322006 0.133393 0.943168 0.33047 0.0349827 0.948566 0.315715 -0.0233729 0.956093 0.292247 -0.0218724 0.958037 0.284115 0.0380043 0.944632 0.299132 0.134872 -0.388116 0.0501355 0.920246 -0.348975 0.120321 0.929376 -0.256228 0.191502 0.947456 -0.0186312 0.28594 0.958066 -0.343515 -0.200956 0.917395 -0.377935 -0.121811 0.917784 -0.397422 -0.0376653 0.916863 -0.303366 0.160454 0.939267 -0.289478 -0.292576 0.911373 -0.270299 -0.780708 0.563413 -0.411178 -0.666607 0.621746 -0.241812 -0.964171 0.109094 -0.387552 -0.913196 0.126003 0.613988 0.170809 0.770612 0.765416 0.0358394 0.642537 0.922557 0.0202694 0.385328 0.943861 -0.0549076 0.325747 0.473265 0.387784 0.790977 0.870013 0.297693 0.393011 0.273525 0.56883 0.77564 0.693202 0.622834 0.362696 0.0213049 0.674134 0.738302 0.37076 0.879387 0.298689 -0.278658 0.675411 0.682767 -0.0664322 0.975434 0.210038 -0.558073 0.541608 0.628661 -0.507363 0.853302 0.120245 -0.74605 0.305279 0.591789 -0.839524 0.540829 0.0519884 -0.817004 0.011824 0.57651 -0.994404 0.103866 0.0193119 -0.762043 -0.279707 0.583998 -0.937006 -0.348118 0.0288777 -0.600259 -0.518607 0.608881 -0.705008 -0.705587 0.0714811 -0.0313959 0.642791 0.765398 -0.338076 0.480396 0.809274 -0.183468 0.265793 0.946411 -0.0426267 0.428316 0.902623 -0.514939 0.192804 0.835263 -0.191982 0.159535 0.968345 -0.436029 0.355144 0.826892 -0.53879 0.035345 0.841698 -0.216879 0.0526976 0.974775 -0.201168 0.140493 0.969429 -0.469085 -0.297371 0.831583 -0.195132 -0.158534 0.967879 -0.235282 -0.554753 0.798055 -0.0541636 -0.35436 0.933539 0.103124 -0.653948 0.749478 0.181699 -0.442442 0.878197 0.446203 -0.557561 0.700021 0.43284 -0.372684 0.820827 0.688186 -0.290332 0.664912 0.601615 -0.16355 0.781864 0.752446 0.067794 0.655156 0.623759 0.11526 0.773072 0.616559 0.407015 0.673939 0.482976 0.362116 0.797249 0.224998 0.48274 0.846368 0.270916 0.403608 0.873902 0.493695 0.243149 0.834951 0.32318 0.619732 0.715183 0.30632 -0.582888 -0.752602 0.519473 -0.697145 -0.494102 0.420433 -0.88652 -0.193182 0.18317 -0.977433 0.105234 0.000468588 -0.908271 0.418383 0.113249 -0.713519 0.691423 0.508508 -0.582781 0.633865 0.638827 -0.697139 0.32542 0.458094 -0.886511 0.0651848 0.145539 -0.977434 -0.153107 -0.118933 -0.908285 -0.401091 -0.0887172 -0.713545 -0.69497 -0.130544 -0.269769 0.954035 0.131219 0.221992 0.966179 0.198646 0.25822 0.945443 -0.225423 -0.0427448 0.973323 -0.18082 0.100516 0.978366 -0.167311 0.232705 0.958048 0.570891 0.0140145 0.820906 0.513208 -0.210611 0.832022 0.332069 -0.37393 0.865971 0.0842251 -0.400009 0.912633 -0.184198 0.16637 0.968706 0.00518754 0.389504 0.92101 -0.104826 0.247184 0.963282 0.14517 -0.382265 0.912578 0.0370416 -0.291657 0.955806 0.943243 0.321988 -0.0813411 0.943696 0.330366 0.0172064 0.945837 0.315673 0.0757797 0.95336 0.292448 0.0746895 0.958611 0.284322 0.0150703 0.950636 0.299165 -0.0824087 0.927266 0.321992 -0.191047 0.899564 0.330439 -0.285648 0.884933 0.315666 -0.342415 0.892535 0.292193 -0.343517 0.914507 0.284271 -0.287866 0.934664 0.299148 -0.19213 -0.0517387 -0.00120906 0.99866 -0.0340741 0.0813914 0.9961 0.0754097 0.191285 0.978634 0.308908 0.26673 0.912924 0.456982 0.248958 0.853925 -0.0219868 -0.201119 0.97932 -0.0352248 -0.127331 0.991235 -0.0408524 -0.0743978 0.996392 0.0154269 0.149657 0.988618 0.102726 -0.745119 0.658973 -0.110877 -0.676091 0.728428 0.0867525 -0.979648 0.181007 -0.257816 -0.934425 0.245727 0.276726 -0.79798 0.535397 0.244062 -0.96361 0.109036 0.693949 0.436984 0.572258 0.828903 0.353809 0.433287 0.896706 0.436484 0.0734855 0.931895 0.362482 0.0133776 0.50908 0.579531 0.636382 0.75547 0.646021 0.109188 0.273596 0.672571 0.6876 0.450363 0.879142 0.155826 -0.00364414 0.678613 0.734487 0.041974 0.975735 0.214895 -0.297909 0.552171 0.77869 -0.406209 0.870019 0.279393 -0.513663 0.281964 0.810337 -0.768555 0.547078 0.331705 -0.572047 -0.041134 0.819189 -0.93047 0.0920427 0.354618 -0.488966 -0.333104 0.806197 -0.860792 -0.37576 0.343279 -0.313239 -0.548274 0.77542 -0.600413 -0.740168 0.302747 -0.179739 0.651505 0.737045 -0.506998 0.518294 0.688712 -0.429238 0.28319 0.857647 -0.228745 0.440424 0.868161 -0.713744 0.239395 0.658225 -0.49416 0.0930017 0.864382 -0.751122 -0.0973032 0.652953 -0.482679 0.00443033 0.875786 -0.751795 0.0877128 0.653538 -0.709398 -0.248419 0.659578 -0.482188 -0.116808 0.868246 -0.482562 -0.0224281 0.875575 -0.503462 -0.520668 0.689515 -0.372535 -0.32075 0.870826 -0.181824 -0.651403 0.736624 -0.141192 -0.444153 0.884756 0.167481 -0.592424 0.788025 0.12973 -0.407623 0.903888 0.436567 -0.352673 0.827666 0.329249 -0.218651 0.918579 0.53835 -0.00394602 0.842712 0.385038 0.0468134 0.921713 0.44049 0.346019 0.828396 0.280516 0.301938 0.911123 0.0443632 0.454544 0.889619 0.107618 0.351507 0.929979 0.274444 0.176635 0.945241 0.172887 0.589495 0.789054 0.99357 -0.112635 0.0115166 0.881397 -0.394964 0.259119 0.661367 -0.546407 0.513842 0.498085 -0.379479 0.779684 0.605744 0.0264521 0.795219 0.835244 0.109232 0.53892 0.956274 -0.112612 0.269924 0.918692 -0.394974 0.000739924 0.779675 -0.546414 -0.305839 0.69826 -0.379453 -0.607 0.805859 0.0262327 -0.591526 0.953556 0.109221 -0.280716 -0.449979 -0.228873 0.863213 -0.190849 0.252526 0.948582 -0.0960842 0.308285 0.946429 -0.502955 -0.00497763 0.864298 -0.4765 0.0588096 0.877205 -0.392479 0.266126 0.880419 0.314059 -0.0450085 0.948336 0.226943 -0.260634 0.938385 0.0234838 -0.400707 0.915905 -0.239429 -0.39572 0.886612 -0.447971 0.0935925 0.889136 -0.159681 0.39717 0.903747 -0.449666 -0.0352829 0.8925 -0.0922723 -0.30189 0.948867 -0.186613 -0.250152 0.950052 -0.928697 0.23268 -0.288758 -0.907316 0.241082 -0.344467 -0.90098 0.26497 -0.343547 -0.916357 0.27927 -0.286876 -0.943486 0.269981 -0.19221 -0.965463 0.246854 -0.083334 -0.972536 0.232315 0.0142857 -0.967715 0.240999 0.0738072 -0.961403 0.264804 0.0747214 -0.960113 0.279152 0.0160326 -0.959317 0.270028 -0.0824389 -0.949623 0.24685 -0.193084 -0.332974 -0.0215864 0.942689 -0.320171 0.0745669 0.944421 -0.241262 0.193872 0.950897 0.0502584 -0.306383 0.950581 -0.21662 -0.194318 0.956722 -0.238613 -0.16762 0.956539 -0.296435 -0.116121 0.947967 -0.283034 0.141261 0.94865 0.0492352 0.361094 0.931229 0.0301495 -0.693229 0.720086 -0.197496 -0.682284 0.703906 0.161245 -0.95887 0.2336 -0.231027 -0.955487 0.183498 0.253986 -0.651413 0.71495 0.478556 -0.837248 0.264577 0.454057 -0.612309 0.647233 0.611326 -0.75627 0.233101 0.2448 0.660822 0.709498 0.433213 0.656502 0.617521 0.549164 0.786253 0.28324 0.628847 0.739632 0.239782 0.00748689 0.701918 0.712218 0.319487 0.909761 0.265073 -0.267544 0.67579 0.686825 -0.0649011 0.975133 0.211903 -0.528967 0.539017 0.65548 -0.479144 0.864462 0.152071 -0.720454 0.289115 0.630364 -0.822032 0.560244 0.101932 -0.781313 -0.052263 0.621948 -0.992214 0.0977953 0.0771162 -0.66967 -0.379466 0.638395 -0.914779 -0.394224 0.0881346 -0.444094 -0.59304 0.671628 -0.628341 -0.76724 0.128571 0.307685 0.650367 0.694516 0.37989 0.438693 0.81439 0.540426 0.292078 0.789069 0.613447 0.511864 0.601397 0.568942 0.190285 0.80006 0.804577 0.238686 0.543769 0.716983 0.39944 0.5713 0.577109 0.175165 0.79766 0.606012 0.0885977 0.790506 0.841103 0.088847 0.533528 0.602608 -0.125348 0.788131 0.7996 -0.249649 0.546183 0.473418 -0.337266 0.813712 0.592475 -0.526624 0.609624 0.236359 -0.444652 0.863955 0.27054 -0.652284 0.70805 -0.0261215 -0.387552 0.921478 -0.0703203 -0.5794 0.812004 -0.207494 -0.182522 0.961058 -0.322542 -0.326204 0.88857 -0.241949 0.0897835 0.966126 -0.405934 0.0275216 0.913488 -0.121291 0.33516 0.934321 -0.296412 0.372199 0.87955 0.117769 0.46986 0.87485 -0.0946451 0.241248 0.965837 0.0996502 0.392257 0.914442 -0.0300052 0.60219 0.797789 -0.160269 0.604408 0.780387 -0.4032 0.72796 0.55453 -0.340274 0.909375 0.239269 -0.14557 0.985029 -0.0923382 -0.0152875 0.903679 -0.427937 -0.17741 0.713141 -0.6782 -0.565973 0.604381 -0.560712 -0.642894 0.727972 -0.238208 -0.415828 0.909381 -0.0106242 -0.0699989 0.985032 0.157521 0.224408 0.903653 0.364763 0.228162 0.713173 0.662818 0.533091 -0.257354 0.805967 0.624673 -0.00968937 0.780827 0.213754 0.26536 0.940156 0.278621 0.221575 0.934492 0.526723 0.261602 0.808781 0.563394 0.136439 0.814844 -0.168619 0.0188584 0.985501 -0.112349 -0.208981 0.971445 0.0648025 -0.371256 0.926266 0.313506 -0.397057 0.862589 0.566421 0.204231 0.798409 0.349593 0.396372 0.848925 0.477207 0.280306 0.832888 0.371692 -0.276654 0.886176 0.266417 -0.364442 0.892303 -0.311531 0.947965 -0.0656525 -0.314689 0.940846 -0.12562 -0.292049 0.947188 -0.132447 -0.266555 0.960554 -0.0792722 -0.252236 0.967491 0.0183773 -0.242449 0.961251 0.131206 -0.223077 0.947931 0.227296 -0.192472 0.940819 0.278952 -0.169478 0.947256 0.272 -0.177953 0.960557 0.213691 -0.220259 0.967459 0.124535 -0.27453 0.96125 0.0251342 0.431013 0.123262 0.893887 0.470191 0.0354321 0.881853 0.322359 0.194742 0.926369 -0.0757044 0.250907 0.965046 0.0935932 0.274252 0.957093 0.447494 -0.124932 0.885518 0.433142 -0.192397 0.880552 0.467266 -0.0570871 0.882272 0.37393 0.170786 0.911597 0.407943 -0.669954 0.620277 0.208299 -0.739517 0.640099 0.347984 -0.930646 0.113157 0.0273616 -0.980522 0.194494 0.0106727 -0.801329 0.598129 -0.127269 -0.973777 0.188578 -0.586471 0.329976 0.739708 -0.402891 0.425689 0.810227 -0.86217 0.283464 0.419894 -0.79729 0.401394 0.45079 -0.207593 0.573367 0.792563 -0.643584 0.640105 0.419602 0.0189652 0.666881 0.744923 -0.377976 0.859881 0.343131 0.293236 0.682779 0.669198 0.0162707 0.974515 0.223733 0.567386 0.575766 0.588699 0.444044 0.891115 0.0934844 0.776575 0.346927 0.525902 0.796706 0.6042 -0.0142234 0.866717 0.0156949 0.498554 0.985241 0.155392 -0.0717828 0.793156 -0.31613 0.520543 0.939726 -0.336902 -0.0584105 0.609904 -0.547078 0.573343 0.694239 -0.719612 0.0137848 0.379923 -0.336956 0.861463 -0.0865579 -0.830764 0.549853 -0.376982 -0.760441 0.528785 -0.135005 -0.560162 0.817308 -0.316642 -0.867441 0.383775 -0.459796 -0.789034 0.407447 -0.66169 -0.644971 0.382333 -0.626855 -0.648632 0.431658 -0.476222 -0.661906 0.578872 0.923231 -0.0856377 -0.37458 0.863799 0.366093 -0.346162 0.735482 0.621203 -0.270507 0.936747 0.0213934 -0.349353 0.408254 0.912103 -0.0373865 0.107923 0.990366 -0.0867675 0.178176 0.962362 -0.205214 0.649954 0.738099 -0.181023 0.9612 0.195655 -0.194457 0.88016 0.344556 -0.326496 0.221875 0.545008 -0.808541 0.571212 0.329482 -0.751771 0.893251 0.282744 -0.349512 -0.115378 0.223075 -0.967949 0.454593 0.0469332 -0.889462 0.833951 0.0639893 -0.548116 0.829707 0.280911 -0.482364 0.912781 0.273938 -0.302968 0.235492 -0.931725 -0.276462 0.537629 -0.823873 -0.17941 0.429626 -0.901886 -0.0449825 0.233152 -0.946342 -0.223781 0.224469 -0.87323 -0.432532 0.447168 -0.890907 -0.0795261 0.445824 -0.866868 0.223115 0.320748 -0.928692 0.18615 0.230669 -0.972214 -0.0398962 0.573884 -0.0788949 0.815127 0.866043 -0.114861 0.486597 0.939718 0.204214 0.274274 0.801332 0.321519 0.504473 0.931184 0.359917 -0.0579268 0.879123 0.474896 0.0402028 0.995432 0.0818022 0.0492271 0.944245 0.144636 -0.295773 0.893696 0.356014 -0.273058 0.951986 0.303773 -0.0380004 0.703658 0.431815 -0.564271 0.83791 0.428078 -0.338609 0.728087 0.427989 -0.535457 0.817447 0.340259 -0.464763 0.908731 0.330944 -0.254331 0.366003 0.33946 0.866492 0.834425 0.143314 0.532161 0.858903 0.396639 0.323979 0.545322 0.579511 0.605633 0.912337 0.33581 -0.234248 0.905994 0.361065 -0.220923 -0.819369 -0.42043 -0.389708 -0.661994 -0.694565 -0.28168 -0.0964956 -0.511203 -0.854026 -0.494527 0.063663 -0.866827 -0.808196 -0.556599 -0.192396 -0.422293 -0.700883 -0.574832 0.726349 -0.448016 -0.521247 -0.0526298 0.675218 -0.735738 0.284064 -0.937594 -0.20056 0.402238 -0.491054 -0.772703 0.2022 -0.784442 -0.586315 0.19437 -0.971915 -0.132673 0.195175 -0.281359 -0.939545 0.0651507 -0.720784 -0.690091 0.300051 0.054812 0.952347 0.460993 -0.0274957 0.886978 0.728921 0.385497 0.565744 0.564213 0.509649 0.649556 0.864651 0.498937 0.0586621 0.751545 0.649269 0.116745 0.892011 0.36832 -0.262026 0.955594 0.170098 -0.240639 0.862504 0.503067 0.0548661 0.858997 0.475571 -0.189621 0.899124 -0.390651 -0.197402 0.133454 0.96687 -0.217605 0.838076 -0.486519 -0.246836 0.562749 -0.779654 -0.274687 -0.766763 -0.561579 0.310971 -0.557078 -0.589984 0.584451 -0.831755 -0.503413 0.234008 -0.850018 -0.477065 0.223333 -0.740153 -0.38846 0.548883 0.825489 -0.553293 -0.111508 0.74942 -0.635614 -0.185377 0.913726 -0.29533 -0.279079 0.909853 -0.31751 -0.267123 0.678157 -0.617686 -0.398204 0.936953 0.169086 -0.305825 0.129966 -0.230159 -0.964435 0.537804 -0.21439 -0.815355 0.687049 0.120857 -0.716489 0.462487 0.197704 -0.864303 0.319983 -0.944946 -0.0684742 0.804308 -0.479446 0.351028 0.624261 -0.711267 0.323106 0.365539 -0.924354 -0.109317 0.696955 -0.184415 0.692997 0.506873 -0.631968 0.586257 0.641667 -0.764629 0.0600553 0.58337 -0.811724 0.0279855 0.457598 -0.878686 -0.136067 0.945268 0.239947 0.221118 0.927498 0.286686 -0.239912 0.827375 0.392739 -0.401506 0.89238 -0.262579 0.367028 0.257424 0.728334 -0.63503 0.273824 0.903686 -0.3292 0.894919 0.312556 -0.318477 0.803811 -0.58691 0.0970761 0.757855 -0.489805 0.430983 0.757611 -0.642199 -0.116644 0.736084 -0.654191 -0.173824 0.886381 -0.4515 -0.102356 0.56333 -0.699202 -0.440201 0.484973 -0.791622 -0.371667 -0.995802 -0.0747207 -0.0528655 -0.954425 0.0567717 0.293002 -0.923482 -0.31967 0.212112 -0.872068 -0.489325 -0.00759525 -0.626666 -0.0618304 0.776831 -0.912358 -0.244268 0.328536 -0.989048 -0.139518 0.0481561 -0.918249 -0.389585 -0.0710062 -0.829536 -0.532613 -0.167908 0.0437525 0.99302 -0.109531 0.679351 0.703654 -0.208215 0.813615 0.549309 -0.1905 0.15402 0.988044 -0.0069099 0.601391 0.755995 -0.258458 0.905788 0.303362 -0.295839 0.976266 0.171397 -0.132392 0.988339 0.132249 -0.075476 0.571741 0.597292 -0.562454 0.713475 0.439193 -0.545952 0.887751 0.362234 -0.284051 0.814457 0.554037 -0.172346 -0.450053 -0.664294 -0.596797 -0.82535 -0.392174 -0.406198 -0.65964 -0.702035 -0.268369 -0.333089 -0.845481 -0.41739 -0.613476 -0.528035 -0.587219 -0.131625 -0.387294 -0.912512 -0.131604 0.196879 -0.971555 0.542598 -0.206384 -0.814244 -0.5318 0.673249 -0.513736 -0.553208 0.832513 0.0297226 -0.152122 -0.988304 0.0107117 -0.15225 -0.988293 0.00988292 -0.101579 -0.987163 0.123251 -0.404228 0.847295 0.344515 -0.103478 -0.611493 0.784454 0.252742 -0.778211 0.574899 0.651825 -0.370055 0.661955 0.158386 -0.143425 0.976905 0.8758 -0.45618 0.157716 0.878631 -0.393327 -0.27074 0.353128 0.878058 -0.322977 0.261458 0.921783 -0.286278 -0.479232 0.591044 -0.648848 -0.0264882 0.391725 -0.919701 -0.692021 0.69402 -0.198603 -0.690392 0.697202 0.19305 -0.373883 0.572827 0.729439 0.913256 -0.377966 -0.152006 0.864909 -0.173132 0.471124 0.71697 -0.46848 -0.516219 0.510337 0.82266 0.250572 0.309602 0.195687 0.930512 0.156351 -0.182283 0.970736 0.974417 0.0177371 -0.224049 0.785706 -0.603333 -0.136586 0.988014 -0.0901615 -0.125293 0.8302 -0.510034 -0.22502 -0.149461 -0.125484 -0.980773 0.00736578 -0.193388 -0.981095 0.380988 0.246129 -0.891218 0.203518 0.36209 -0.909654 0.300044 0.0548237 0.952349 0.306864 -0.583295 0.752065 0.156411 0.12234 0.980086 -0.855431 0.286432 -0.431504 -0.622891 0.624576 -0.471075 -0.837915 0.541139 -0.0711835 -0.662383 0.000519238 0.749165 -0.209492 0.911817 -0.353132 0.90028 -0.358749 -0.246568 -0.64914 0.135756 -0.748456 -0.368649 0.599502 -0.710419 -0.0302877 0.901317 -0.4321 -0.650985 -0.215102 0.727976 -0.924004 -0.188217 0.332852 -0.466231 -0.367235 0.80484 -0.730769 -0.591369 0.340968 -0.872498 -0.485772 -0.0526598 -0.994734 0.0178309 0.100932 0.0752269 -0.655501 0.751439 -0.0932102 -0.971729 0.216919 -0.0580485 -0.962075 -0.266537 0.968799 0.143502 -0.202079 0.110787 0.99383 -0.00528452 0.217055 0.802775 0.555373 0.831654 0.480382 0.278541 0.250822 0.967763 -0.0228723 0.412759 0.713016 0.566779 0.256454 0.083882 0.96291 -0.0300735 0.221484 0.9747 0.322573 0.0438097 0.94553 -0.89508 -0.396171 0.204646 -0.870864 -0.126038 0.475089 -0.879284 -0.440602 0.180914 -0.867837 -0.13471 0.478239 0.0334087 -0.998522 -0.0428705 0.342494 -0.894048 0.288749 -0.152399 -0.784318 -0.601348 0.845737 0.46876 -0.254938 0.87609 0.342387 -0.339467 0.670063 0.192984 -0.716779 0.760955 0.551989 -0.340964 0.0532029 0.9766 -0.208377 -0.0319286 0.959244 0.280771 -0.0316656 0.630546 -0.775505 0.0655042 0.960276 0.271255 0.202474 -0.270098 -0.941303 0.227076 -0.7154 -0.660787 0.908511 -0.348337 0.230803 0.985096 -0.131414 0.110974 0.985096 -0.131414 0.110979 0.894465 -0.406287 -0.186716 0.899392 -0.390988 -0.195506 -0.351488 0.322473 0.878901 -0.371938 0.329193 0.867925 -0.18578 0.716675 0.672207 -0.136084 0.716458 0.684229 0.892082 0.407906 -0.194427 0.590494 -0.345957 -0.72913 -0.180004 -0.111593 -0.977315 0.729161 -0.60448 0.320825 -0.80904 0.194937 0.554485 0.879901 -0.454187 -0.139604 0.892747 -0.418583 -0.166706 0.910818 -0.352399 0.215002 -0.794251 0.427376 0.431875 -0.794327 0.171307 0.582837 -0.568664 -0.0717924 0.819431 0.883016 -0.405583 -0.236187 0.873465 -0.424239 -0.238914 0.873465 -0.424239 -0.238914 -0.695497 0.414682 0.58679 -0.36855 0.34649 0.862621 0.125359 -0.71991 -0.682653 -0.88113 -0.212111 -0.422633 0.91034 -0.382009 -0.159215 -0.779367 0.528879 0.335968 -0.814245 0.428254 0.391923 -0.814236 0.428276 0.391918 0.345375 -0.320441 -0.882062 -0.59418 0.102393 -0.797788 -0.947939 0.308857 0.0775795 -0.980489 0.0858671 -0.176825 0.637939 -0.618334 -0.459018 0.707581 -0.416758 -0.570651 0.707585 -0.416746 -0.570654 -0.874444 0.424002 0.235732 -0.897036 0.369043 -0.243174 0.984302 -0.156838 0.080938 0.988727 -0.0943376 0.116273 0.927837 -0.343554 0.145224 0.909069 -0.34923 0.227226 0.920215 -0.387724 0.053605 0.275068 -0.43448 -0.857651 -0.322495 -0.228478 -0.918583 -0.408571 -0.489231 -0.770534 0.134227 -0.670654 -0.729524 -0.374922 -0.915156 0.148064 -0.379783 -0.913534 0.145673 -0.365514 -0.917443 0.157153 -0.351854 -0.892349 0.282688 -0.358707 -0.88912 0.284244 -0.426048 -0.861803 0.275278 0.0313895 0.852786 0.521316 0.464306 0.723796 0.51043 0.451047 0.889195 0.0767402 0.293818 0.953296 0.0699862 0.0761242 -0.830145 -0.552326 -0.341259 -0.786364 -0.51495 -0.778362 -0.284444 -0.559682 -0.510458 0.135434 -0.84917 0.986785 -0.124224 -0.104033 0.887575 0.273085 -0.370993 0.830641 0.337773 -0.442656 0.950895 -0.218703 -0.219014 0.87529 -0.349976 -0.333744 0.864038 -0.270199 -0.424771 0.853112 -0.403061 -0.331275 0.838783 -0.428129 -0.336375 -0.173687 -0.350893 0.920167 0.200465 0.118634 0.972491 0.54485 0.789253 -0.283229 0.522335 0.808526 -0.271022 0.931763 -0.210702 -0.295672 0.965543 0.238079 -0.105097 0.93293 0.357495 -0.042887 0.965862 -0.218876 -0.13858 0.575981 0.80292 -0.153511 0.541997 0.812488 -0.214717 0.11319 -0.90738 0.404782 -0.115994 -0.871864 0.475813 -0.609972 -0.651706 -0.450791 -0.345842 -0.887089 0.305722 -0.348079 -0.891306 0.290541 -0.166432 -0.843431 -0.510807 -0.340616 -0.889843 0.303578 -0.325138 -0.894661 0.306378 -0.516077 -0.830866 0.20815 -0.240924 -0.958887 0.149973 -0.317652 -0.907357 0.275318 -0.334583 -0.898986 0.282629 -0.221825 -0.961025 0.164998 -0.151485 -0.958574 0.241223 -0.332622 -0.896225 0.293502 -0.345285 -0.892739 0.289474 -0.531531 -0.772795 0.346788 -0.534162 -0.803321 0.263336 0.188868 -0.954374 -0.231299 0.281882 -0.935241 0.214164 -0.725418 -0.479955 0.493367 -0.876074 -0.482155 0.00453999 -0.425801 -0.136083 -0.894525 -0.578678 -0.501452 -0.643178 -0.282648 -0.642833 -0.711952 -0.187108 -0.250103 -0.949968 -0.274668 0.202396 -0.939997 -0.0847566 0.604864 -0.791805 0.211138 0.46359 -0.860526 -0.0359974 0.0883831 -0.995436 -0.846762 -0.236162 0.476677 -0.970166 -0.242137 0.0121487 -0.385591 -0.735053 0.557689 -0.523488 -0.739593 0.423041 0.0695056 -0.797486 0.59932 -0.325168 -0.617789 0.715963 -0.245305 -0.433218 0.867264 -0.641986 -0.291624 0.709091 -0.868334 -0.347703 -0.353693 -0.0609346 -0.778089 -0.625192 0.29685 -0.864884 -0.40479 0.479516 -0.877493 -0.00838605 -0.310557 -0.908478 0.279683 -0.64879 -0.632932 -0.422455 -0.0574014 -0.957488 0.282705 0.477673 -0.795704 0.372402 -0.302699 0.887354 0.347816 -0.718134 0.582864 0.380201 -0.977335 0.211594 -0.00667922 -0.94364 -0.318325 -0.0906272 -0.790115 -0.301719 0.533558 -0.865628 0.224088 0.447741 -0.819934 0.571367 -0.0353229 -0.439701 0.872239 -0.214156 0.353555 -0.723129 -0.593366 0.697352 0.0907302 -0.710963 0.6548 -0.471945 -0.590343 0.091333 -0.900688 -0.424759 0.296782 -0.855222 -0.424871 -0.279708 -0.925485 -0.255422 -0.10462 -0.911635 -0.397463 -0.583493 -0.811368 -0.0348999 0.0577796 0.931841 -0.358237 0.566214 0.394212 -0.723877 0.667093 -0.0312254 -0.74432 0.272364 0.770795 -0.575928 0.430307 -0.511145 -0.74402 0.471207 0.527635 -0.706799 -0.0559936 -0.728051 -0.683233 0.542528 0.260206 -0.798721 -0.568066 -0.551753 -0.61063 0.501383 0.0726868 -0.862167 -0.810775 -0.0829371 -0.579453 0.457974 -0.0416136 -0.887991 -0.662874 0.429207 -0.613498 0.448052 -0.169595 -0.877774 -0.200488 0.697127 -0.688345 0.465446 -0.303881 -0.831274 0.286236 -0.88016 0.378665 0.256795 -0.690665 0.676046 -0.145711 -0.617985 0.772569 -0.363876 -0.762774 0.534575 -0.268166 -0.937063 0.223604 -0.0501585 -0.994014 -0.0970603 0.0897009 -0.900473 -0.425562 -0.0756733 -0.725031 -0.684547 -0.478166 -0.652343 -0.588053 -0.560409 -0.783083 -0.26967 -0.330106 -0.943469 -0.0299288 0.0118002 -0.987612 0.156473 0.366597 0.565553 -0.738753 0.479799 -0.48501 -0.731135 0.504095 -0.580803 -0.639183 0.296581 -0.803114 -0.516766 0.621484 0.136279 -0.771483 0.252854 0.563672 -0.786345 0.0280591 -0.933436 -0.357645 -0.307586 -0.933017 -0.186737 -0.575877 -0.817327 0.0184868 0.284062 0.827874 -0.483666 0.069977 0.956541 -0.283076 0.512269 0.601653 -0.612857 0.642147 0.312115 -0.700166 0.637551 0.0848064 -0.765726 0.600604 -0.0980536 -0.793511 0.551927 -0.286446 -0.783151 0.546193 -0.39856 -0.736765 0.71605 0.115569 -0.688416 0.580427 -0.393131 -0.713128 0.603063 -0.308616 -0.735575 0.695804 0.195748 -0.691043 0.278217 -0.854296 -0.439059 0.631236 -0.455611 -0.627662 -0.704856 0.296897 -0.644228 -0.755002 -0.247838 -0.607082 0.142247 -0.715599 -0.683874 -0.115686 -0.896766 -0.427115 -0.255313 0.642375 -0.722613 -0.395097 -0.668673 -0.6299 0.537871 0.415485 -0.733531 0.166385 -0.651276 -0.740375 0.401967 -0.0523422 -0.914157 0.522968 0.236202 -0.818971 0.681478 -0.0254569 -0.731395 0.3742 0.458526 -0.806057 0.215053 -0.888615 -0.405111 0.5948 -0.562111 -0.574669 -0.585559 0.359823 -0.726394 -0.697837 -0.177754 -0.69385 -0.230393 -0.913423 -0.335525 -0.129828 0.610846 -0.781033 -0.363795 -0.6073 -0.706286 0.478725 0.517215 -0.709444 0.373952 -0.489539 -0.787726 0.340537 -0.20518 -0.91757 -0.142486 -0.909337 -0.390903 0.200866 -0.772351 -0.602599 -0.508605 -0.855246 -0.0993717 0.185361 -0.0500318 -0.981396 0.0530987 -0.0514802 -0.997261 0.195619 -0.174618 -0.965009 0.434424 0.586575 -0.683524 0.142804 0.847131 -0.511836 0.0500365 -0.143163 -0.988433 -0.321664 0.932849 0.162252 -0.33421 0.937495 0.0969871 -0.342215 0.939391 0.0208391 -0.351246 0.9352 -0.0450105 -0.36382 0.927881 -0.0816834 -0.373873 0.924097 -0.0791429 -0.371285 0.927662 -0.039893 -0.352181 0.93564 0.0233852 -0.324097 0.941293 0.0944895 -0.301678 0.940367 0.157166 -0.295241 0.935178 0.195642 -0.305981 0.931138 0.198386 0.144905 -0.941036 -0.305703 0.383223 -0.788531 -0.480998 0.136495 -0.987671 -0.0766475 0.299859 -0.940601 -0.159229 -0.151729 -0.982636 -0.10679 -0.104462 -0.994311 0.0208105 -0.300657 -0.937746 0.173891 -0.111097 -0.988947 0.0981913 0.51014 0.768758 -0.385705 0.301192 0.937622 -0.173634 0.672037 0.710211 -0.209685 0.564475 0.815067 -0.130512 0.675275 0.504877 -0.537683 0.788373 0.547971 -0.279636 0.72426 0.22559 -0.65158 0.884032 0.329346 -0.331692 0.682144 0.00342327 -0.73121 0.929325 0.0779101 -0.36095 0.617978 -0.145514 -0.772612 0.911543 -0.190033 -0.364661 0.584231 -0.253012 -0.771141 0.824336 -0.450804 -0.342412 0.577344 -0.385184 -0.719936 0.672255 -0.678416 -0.296353 0.529108 -0.578542 -0.620753 0.468732 -0.852771 -0.230372 0.317488 -0.729064 -0.606355 0.669862 0.124952 -0.731896 0.652882 -0.444122 -0.613597 0.0583731 -0.89577 -0.440669 0.308757 -0.837104 -0.451581 -0.306603 -0.911662 -0.273617 -0.0882523 -0.903123 -0.420214 -0.603974 -0.795094 -0.0551345 0.133168 0.940423 -0.312844 0.566984 0.453476 -0.687669 0.696814 0.0221601 -0.716909 0.337265 0.765946 -0.547339 0.474814 -0.487754 -0.732562 0.522433 0.505437 -0.686729 -0.0103059 -0.733935 -0.679142 0.569027 0.234624 -0.788137 -0.51088 -0.607664 -0.608068 0.523427 0.0247009 -0.851712 -0.7991 -0.170253 -0.576588 0.460828 -0.119602 -0.879394 -0.701779 0.365249 -0.611637 0.420607 -0.239723 -0.874999 -0.279108 0.666725 -0.691069 0.403004 -0.369431 -0.837322 0.0989553 0.640357 -0.761676 0.413571 0.37041 -0.831719 0.678936 0.419085 -0.602838 0.685855 0.654333 -0.318516 0.52904 0.848441 -0.0162687 0.367455 0.875263 0.314469 0.431385 0.674729 0.598872 0.745949 0.404834 0.528838 0.875414 0.439414 0.20141 0.747784 0.660755 -0.0649706 0.467071 0.842056 -0.26979 0.170963 0.854941 -0.489742 0.286859 0.58852 -0.755881 0.408646 -0.521838 -0.748795 0.452418 -0.612256 -0.64843 0.294294 -0.803607 -0.517308 0.589558 0.169265 -0.789792 0.246843 0.564966 -0.787325 -0.0153101 -0.928308 -0.371496 -0.339755 -0.91864 -0.201661 -0.595438 -0.803383 0.00545123 0.346553 0.816079 -0.462511 0.146557 0.957064 -0.250099 0.556131 0.576771 -0.598376 0.654681 0.297123 -0.695061 0.645249 0.0639577 -0.761291 0.600041 -0.14125 -0.7874 0.532685 -0.332094 -0.778434 0.486524 -0.465871 -0.739093 0.736135 0.159055 -0.65788 0.623196 -0.364442 -0.69196 0.644231 -0.283078 -0.710516 0.711505 0.224986 -0.665689 0.290699 -0.83286 -0.470998 0.624742 -0.411264 -0.663746 -0.718036 0.270111 -0.641455 -0.745957 -0.283838 -0.602481 0.200713 -0.715438 -0.669226 -0.0989763 -0.886576 -0.45187 -0.295485 0.62462 -0.722868 -0.360786 -0.694068 -0.622979 0.539814 0.460554 -0.704621 0.226564 -0.653698 -0.722045 0.419923 -0.0631262 -0.905362 0.546832 0.23273 -0.804246 0.646832 0.011616 -0.762544 0.344367 0.465645 -0.815222 0.222354 -0.874337 -0.431385 0.591241 -0.540134 -0.598907 -0.612923 0.312492 -0.725723 -0.68927 -0.222799 -0.689396 -0.217916 -0.906763 -0.360962 -0.166447 0.596318 -0.785303 -0.324307 -0.639448 -0.697088 0.48075 0.5426 -0.688813 0.341167 -0.485014 -0.805212 0.287272 -0.21805 -0.9327 -0.158293 -0.895341 -0.416303 0.180559 -0.762429 -0.621369 -0.519732 -0.844761 -0.127506 0.142485 -0.0843174 -0.986199 0.0282871 -0.107741 -0.993777 0.213559 -0.202267 -0.955762 0.460229 0.591707 -0.66187 0.160674 0.856707 -0.490139 0.0539072 -0.188625 -0.980569 -0.322246 0.932634 0.162332 -0.334112 0.937531 0.0969777 -0.342016 0.939464 0.02082 -0.351083 0.935261 -0.0450329 -0.363676 0.927935 -0.0817137 -0.373767 0.924137 -0.0791745 -0.371158 0.92771 -0.0399408 -0.351991 0.935713 0.0233047 -0.323947 0.941351 0.0944258 -0.301612 0.940392 0.157141 -0.296254 0.934794 0.195945 -0.306009 0.931128 0.198392 0.120626 -0.941651 -0.314232 0.354479 -0.797141 -0.488785 0.104739 -0.991807 -0.0731404 0.275375 -0.948635 -0.155759 -0.178233 -0.976816 -0.118593 -0.137934 -0.990155 0.0238382 -0.327581 -0.931032 0.160843 -0.143383 -0.984481 0.101186 0.536065 0.757136 -0.373335 0.329112 0.930621 -0.160093 0.695932 0.686748 -0.209895 0.59321 0.794202 -0.131699 0.691197 0.491829 -0.529482 0.787798 0.54879 -0.27965 0.737316 0.206038 -0.643361 0.87938 0.34107 -0.332209 0.69324 -0.03587 -0.719813 0.932427 0.0461753 -0.358395 0.615528 -0.195445 -0.763496 0.906087 -0.220295 -0.361215 0.56579 -0.300361 -0.767897 0.812384 -0.474676 -0.338696 0.548223 -0.42096 -0.722665 0.65608 -0.695632 -0.29267 0.494229 -0.601503 -0.62764 0.443833 -0.867197 -0.225791 0.546216 -0.669343 -0.503614 0.792801 -0.0520512 -0.607254 0.651813 -0.432194 -0.623176 0.310925 -0.901263 -0.301747 -0.762077 0.641343 -0.088983 -0.176332 0.839412 -0.514096 0.255299 0.731518 -0.632221 -0.545346 0.76667 -0.338843 0.558567 0.28852 -0.777663 -0.253528 0.819962 -0.513211 0.508232 -0.254899 -0.822634 -0.0155732 0.747863 -0.663671 0.115459 -0.62845 -0.769233 0.134708 0.619715 -0.77318 -0.39397 -0.633233 -0.666186 0.213167 0.505463 -0.836103 -0.770832 -0.271413 -0.576327 0.293913 0.417634 -0.859766 -0.786913 0.300772 -0.538799 0.391683 0.384626 -0.835851 -0.396534 0.723392 -0.565212 0.555196 0.25965 -0.790151 0.149564 0.769535 -0.620843 0.686567 0.00312052 -0.72706 0.612298 -0.744801 -0.265258 0.855317 -0.514435 -0.0615564 0.940511 -0.272094 0.203478 0.806732 -0.259703 0.53079 0.546389 -0.581745 0.602521 0.520038 -0.792202 0.319336 0.674226 -0.738433 -0.0116665 0.793362 -0.520833 -0.315135 0.743996 -0.292411 -0.600804 0.474331 -0.294001 -0.829803 0.214062 -0.615955 -0.75814 0.323525 -0.81251 -0.484931 0.606829 0.462761 -0.646228 0.71164 -0.322408 -0.624197 0.723728 -0.400765 -0.561787 0.524482 -0.726444 -0.444069 0.774448 -0.0591725 -0.629864 0.566604 0.45846 -0.684671 0.299348 -0.919975 -0.253054 -0.576795 0.778964 -0.246013 -0.774378 0.631788 -0.034385 -0.285343 0.867399 -0.407676 -0.0245387 0.832851 -0.552953 0.183706 0.723841 -0.665061 0.32806 0.588058 -0.7393 0.436192 0.458416 -0.774333 0.533618 0.366815 -0.762036 0.662757 0.188092 -0.724827 0.741696 -0.091357 -0.664485 0.602087 -0.0767858 -0.794729 0.281746 -0.54027 -0.792924 0.25327 -0.463943 -0.848888 0.563991 -0.00258742 -0.825777 0.176515 0.812259 -0.555948 -0.178825 0.81234 -0.55509 -0.463005 0.631193 -0.622271 -0.77863 0.199711 -0.594854 -0.254224 -0.649981 -0.716167 0.539931 0.465328 -0.701387 0.0959153 0.74031 -0.665388 -0.705749 -0.326893 -0.628538 0.626773 -0.423847 -0.653842 -0.288151 -0.553571 -0.781363 0.0363625 0.149341 -0.988117 0.137783 0.264314 -0.954544 0.78704 -0.159669 -0.595881 0.671427 0.350761 -0.652803 0.105035 0.826509 -0.553037 -0.279103 0.801148 -0.5294 -0.312452 0.687699 -0.65532 -0.695893 0.304345 -0.650467 0.479681 0.528471 -0.700446 0.255764 0.702016 -0.664649 -0.693737 -0.204113 -0.6907 0.594091 -0.557446 -0.579923 0.596056 -0.501487 -0.62708 0.644673 -0.11069 -0.756402 -0.352368 0.797559 -0.489629 -0.703516 0.646851 -0.294364 -0.0254251 0.725326 -0.687936 0.47648 0.200816 -0.855944 0.214321 0.331666 -0.91873 -0.040834 0.177477 -0.983277 0.141775 0.494282 -0.857662 0.0106992 0.275202 -0.961327 0.965193 -0.177269 -0.192296 0.975416 -0.18041 -0.126552 0.980922 -0.173268 -0.0881497 0.982752 -0.162187 -0.08885 0.97901 -0.158619 -0.127983 0.966964 -0.16654 -0.192988 0.947203 -0.179077 -0.265967 0.926047 -0.185312 -0.328781 0.913128 -0.180154 -0.365706 0.914979 -0.16891 -0.366446 0.929685 -0.163271 -0.330195 0.948983 -0.168301 -0.266657 0.409098 -0.835877 -0.36599 0.634899 -0.769105 -0.0733603 0.709492 -0.615226 -0.343683 0.780936 -0.610956 -0.129889 0.820393 -0.533237 -0.206428 -0.41991 0.894047 -0.156061 -0.643649 0.762311 0.0678058 -0.253203 0.967334 0.0123476 -0.389886 0.915173 0.102213 -0.132996 0.928403 -0.346957 -0.0651731 0.994645 -0.0802077 0.114491 0.85013 -0.513975 0.147113 0.974788 -0.167766 0.280934 0.711914 -0.643626 0.378692 0.892014 -0.246785 0.370702 0.579414 -0.725851 0.605633 0.731882 -0.312341 0.43584 0.489212 -0.755457 0.774595 0.523603 -0.354743 0.541943 0.397467 -0.740484 0.886878 0.272346 -0.373196 0.679646 0.246984 -0.69071 0.930728 -0.000433875 -0.365712 0.790716 0.00108577 -0.612182 0.906009 -0.262068 -0.332367 0.8094 -0.309363 -0.499167 0.863655 -0.421133 -0.277032 -0.554015 -0.831675 -0.0372051 -0.684571 -0.672749 0.280664 -0.785857 -0.617802 0.0273771 -0.601918 -0.774598 -0.194145 -0.209701 -0.367511 -0.906069 -0.0666421 -0.728288 -0.682023 -0.0898036 -0.965516 -0.244366 -0.235118 -0.773933 -0.588003 -0.14057 -0.612758 -0.777668 0.288137 -0.578094 -0.763403 0.0372214 -0.773202 -0.633066 0.0249945 -0.23505 -0.971662 -0.000488249 -0.434815 -0.90052 0.0712731 -0.456532 -0.886847 0.182785 -0.282794 -0.941604 0.174271 0.274574 -0.945642 0.258271 0.44895 -0.855418 0.330099 0.427226 -0.841732 0.33204 0.226825 -0.915587 -0.178606 -0.659176 -0.73047 -0.0722401 -0.668012 -0.740636 -0.302904 -0.912196 0.275948 -0.270238 -0.95511 0.12139 -0.283159 -0.933996 -0.21788 -0.228319 -0.901133 -0.36855 -0.18255 -0.91498 -0.359845 -0.208712 -0.956529 -0.203695 -0.344659 -0.932585 0.107216 -0.348636 -0.898346 0.267259 -0.164392 -0.906714 -0.388387 0.0510466 -0.70205 -0.710296 0.00786908 -0.58393 -0.811766 -0.307553 -0.773447 -0.554249 0.0378321 -0.902803 -0.428387 -0.233428 -0.885068 -0.402698 0.286581 -0.449397 -0.846117 0.390753 -0.13994 -0.909796 0.336149 -0.00643405 -0.941787 -0.441527 0.00519359 -0.897233 -0.727854 0.24679 -0.639783 -0.590759 -0.22375 -0.775203 0.629211 0.197533 -0.751714 0.240394 -0.287417 -0.927147 0.649855 -0.0915731 -0.754521 0.457158 -0.870167 0.183889 0.0431906 -0.997461 -0.0566283 0.342881 -0.929355 -0.136866 -0.0828045 -0.739492 -0.668053 -0.407126 -0.79675 -0.446585 -0.717425 -0.62214 -0.313438 -0.272823 -0.640719 -0.717668 0.431148 -0.403159 -0.807202 0.53522 0.409516 -0.738807 -0.865444 -0.169743 0.471375 -0.997564 -0.0582017 -0.0384442 -0.598044 -0.20376 -0.775129 -0.117303 -0.407862 -0.905477 0.192393 -0.501527 -0.843479 0.605182 -0.567046 -0.558761 0.802501 -0.566943 0.185922 0.759884 -0.481324 0.436925 -0.6802 -0.613592 -0.40104 -0.198254 -0.91002 -0.364087 0.209625 -0.935051 -0.285897 0.655684 -0.737283 -0.162767 0.995989 -0.0357629 -0.082013 0.826648 0.54178 -0.152076 -0.888721 0.36591 -0.276198 -0.915055 0.13026 -0.381716 -0.718664 -0.208829 0.663259 0.669701 0.726649 -0.153235 -0.0179096 0.998256 0.0562439 -0.0846846 0.990967 -0.103983 -0.330158 0.937864 0.106804 -0.22226 0.905586 0.361269 0.0461054 0.505682 -0.861487 0.234732 0.829912 -0.50611 0.450794 0.879907 -0.150159 0.354624 0.709825 -0.608598 0.464935 0.686942 -0.558521 0.574907 0.400689 -0.713393 0.232829 0.661851 -0.712562 0.963429 -0.00781529 0.26785 0.994679 -0.00852272 0.102673 0.963534 -0.222399 0.148799 0.914645 -0.346053 0.208979 0.808362 -0.537189 0.240786 0.839604 -0.537903 0.0756662 0.927226 -0.346337 0.142485 0.950947 -0.222107 0.215334 0.224534 0.716731 -0.660213 0.319117 0.667865 -0.672399 0.228452 0.901094 0.368565 0.182623 0.914957 0.359864 0.20873 0.956523 0.203703 0.344656 0.932586 -0.107217 0.348585 0.898362 -0.267272 0.302823 0.91222 -0.275957 0.270222 0.955115 -0.121389 0.283187 0.933988 0.217879 0.360069 0.88441 -0.296934 0.172534 0.86534 -0.470551 0.343273 0.561013 -0.753278 0.440392 0.62718 -0.642417 0.529508 0.77594 -0.342839 0.290834 0.904704 -0.311328 0.506505 0.301585 -0.807774 0.429469 -0.00776207 -0.903048 0.312532 -0.0872102 -0.945896 -0.350027 0.317477 -0.8813 -0.355843 0.578066 -0.734313 -0.728321 0.245085 -0.639907 0.444445 -0.433569 -0.783891 0.61752 -0.202212 -0.760118 0.382685 0.198313 -0.902343 0.848414 0.465462 0.252069 0.792851 0.606608 -0.0584358 0.574881 0.817442 0.0360534 0.346709 0.726604 -0.593161 0.0982278 0.928363 -0.358459 -0.26081 0.936635 -0.233866 0.134836 0.750809 -0.64661 0.6023 0.181543 -0.777353 0.25077 -0.561792 -0.788355 -0.650593 0.563768 0.508817 -0.807874 0.58933 -0.00547525 -0.37263 0.565253 -0.73596 0.145301 0.489787 -0.859649 0.455197 0.395624 -0.79767 0.830096 0.201673 -0.519873 0.976027 0.0254296 0.216159 0.887141 -0.0468913 0.459111 -0.231565 0.917699 -0.322809 0.333006 0.903 -0.271474 0.687664 0.697196 -0.202574 0.953501 0.280271 -0.110831 0.860583 -0.49824 -0.105615 0.409045 -0.88438 -0.224841 -0.937951 0.197825 -0.284804 -0.830448 0.419128 -0.366998 -0.511358 0.499485 0.699305 0.177339 -0.954686 -0.239009 0.813452 -0.545312 -0.202315 0.979489 0.0576222 -0.193085 0.903299 -0.327408 -0.277226 0.557503 -0.823045 -0.10857 -0.737384 0.583968 -0.339478 -0.15788 0.845915 -0.509413 0.293203 0.856045 -0.425699 -0.439767 0.765346 -0.469947 0.759628 0.470086 -0.449428 -0.0906627 0.850857 -0.517516 0.847585 -0.102619 -0.520643 0.193113 0.790158 -0.581685 0.539207 -0.551465 -0.636508 0.369578 0.672145 -0.641587 0.0221016 -0.647766 -0.761518 0.476629 0.566951 -0.671857 -0.429708 -0.330746 -0.840213 0.556806 0.497253 -0.665362 -0.534339 0.228458 -0.813811 0.645766 0.462802 -0.60729 -0.223719 0.704292 -0.673737 0.77904 0.398893 -0.483716 0.316367 0.822978 -0.471824 0.920444 0.193502 -0.339616 0.304999 0.688035 -0.65847 0.65552 0.469585 -0.591426 0.795161 0.540112 -0.275678 0.652204 0.757899 -0.0148217 0.357812 0.913047 0.195744 0.0720358 0.899181 0.431607 0.0444805 0.694025 0.718576 0.394914 0.475579 0.786045 0.640329 0.543681 0.542578 0.60293 0.759025 0.245677 0.406058 0.911929 -0.0591879 0.226183 0.895624 -0.383013 0.784219 0.548149 -0.290747 0.960774 -0.15065 -0.232846 0.953508 -0.236675 -0.186566 0.78141 -0.603423 -0.158993 0.965591 0.0759039 -0.248743 0.735609 0.560781 -0.380005 0.534636 -0.842057 -0.0714396 -0.504156 0.755647 -0.418121 -0.766572 0.556936 -0.319673 -0.165577 0.880307 -0.444572 0.133664 0.863968 -0.485482 0.360974 0.773129 -0.521507 0.538488 0.652017 -0.533765 0.662855 0.532689 -0.526181 0.758 0.439288 -0.482144 0.861887 0.331296 -0.383919 0.957828 0.112046 -0.264595 0.889821 0.0902204 -0.447303 0.694335 -0.429593 -0.577363 0.663862 -0.367241 -0.651476 0.85595 0.151986 -0.494216 0.225125 0.882649 -0.412613 -0.093904 0.817109 -0.568784 -0.246565 0.613479 -0.750233 -0.490117 0.124712 -0.862689 0.186955 -0.643391 -0.742358 0.686373 0.61238 -0.392279 0.257682 0.783971 -0.564791 -0.318269 -0.401268 -0.858888 0.895056 -0.283008 -0.344646 0.157419 -0.548767 -0.82102 0.426517 0.201574 -0.881732 0.494115 0.3341 -0.802638 0.97372 -0.0107821 -0.227494 0.817204 0.474893 -0.32658 0.161506 0.885125 -0.436428 -0.194609 0.791131 -0.579861 -0.109319 0.683895 -0.721344 -0.409623 0.262476 -0.873679 0.626219 0.657763 -0.418566 0.390065 0.762242 -0.516563 -0.308892 -0.266007 -0.913141 0.857691 -0.418418 -0.298818 0.866166 -0.380495 -0.324006 0.905608 0.0176385 -0.42375 -0.240332 0.796651 -0.554606 -0.625251 0.583434 -0.51833 0.158557 0.771792 -0.615789 0.749952 0.308215 -0.5853 0.519968 0.406454 -0.751285 0.335696 0.226043 -0.914447 0.425662 0.57003 -0.702764 0.354983 0.343186 -0.869603 0.974277 -0.0311665 0.223188 0.957321 -0.0362507 0.286744 0.945654 -0.0303687 0.323752 0.945989 -0.0193282 0.323623 0.95805 -0.0141378 0.286251 0.974781 -0.0200586 0.222261 0.988443 -0.0312268 0.148341 0.995868 -0.0368151 0.0830205 0.998524 -0.0314101 0.0442979 0.998801 -0.0205251 0.0444468 0.996387 -0.0150319 0.0835827 0.988579 -0.0204447 0.149311 0.635077 -0.748274 -0.191738 0.698412 -0.696002 0.166739 0.860056 -0.509047 -0.034265 0.846964 -0.489816 0.206719 0.848329 -0.514541 0.124843 -0.433053 0.849971 -0.300023 -0.706989 0.683482 -0.181714 -0.436559 0.891484 -0.121132 -0.557373 0.825965 -0.0843607 -0.103637 0.925232 -0.364974 -0.21861 0.968174 -0.121854 0.209772 0.887111 -0.411133 0.0857873 0.992171 -0.090762 0.435496 0.772254 -0.462565 0.344186 0.936559 -0.0662798 0.554559 0.658078 -0.509311 0.580623 0.813337 -0.0368711 0.627834 0.585951 -0.512334 0.776328 0.630302 -0.00587063 0.731418 0.509046 -0.453762 0.91125 0.411196 0.0232544 0.861201 0.365339 -0.353356 0.98749 0.149426 0.0503565 0.962825 0.128793 -0.237445 0.986905 -0.145716 0.0691741 0.975625 -0.179535 -0.126184 0.923302 -0.373647 0.0888917 -0.925816 0.13104 -0.354533 -0.570205 0.597263 -0.564041 -0.206784 0.849896 -0.484681 -0.749989 0.426445 -0.50563 0.387694 0.785454 -0.482448 -0.472836 0.686426 -0.552489 0.794724 0.315561 -0.518493 -0.177338 0.76241 -0.62232 0.757423 -0.267661 -0.595541 0.0268004 0.715092 -0.698516 0.337451 -0.626202 -0.70285 0.133032 0.659392 -0.739936 -0.201039 -0.572544 -0.794844 0.227528 0.648754 -0.726188 -0.55668 -0.145755 -0.81784 0.350811 0.659931 -0.664396 -0.52909 0.413755 -0.740858 0.518399 0.652485 -0.552744 -0.133789 0.809967 -0.571011 0.72395 0.564619 -0.396361 0.415756 0.832572 -0.36602 0.915916 0.317703 -0.245282 -0.304827 -0.688136 0.658444 -0.655479 -0.469612 0.591449 -0.79512 -0.540142 0.275735 -0.652209 -0.757894 0.0148104 -0.357813 -0.913046 -0.195747 -0.0720644 -0.89917 -0.431625 -0.0445124 -0.694004 -0.718594 -0.394882 -0.475598 -0.78605 -0.640319 -0.543686 -0.542584 -0.602922 -0.759028 -0.245683 -0.406042 -0.911937 0.0591738 -0.226171 -0.89563 0.383006 0.842296 0.499259 -0.203171 0.985929 -0.0728946 -0.150434 0.963035 0.109242 -0.246233 0.898844 -0.437475 -0.026375 0.984162 -0.139057 -0.109945 0.88014 -0.474662 -0.00707752 0.927249 0.158352 -0.339313 0.813711 0.512332 -0.274574 -0.799691 0.385252 -0.460517 -0.936869 0.0952754 -0.336452 -0.552418 0.671598 -0.493752 -0.27268 0.793877 -0.543512 -0.046905 0.801782 -0.595773 0.124401 0.776464 -0.61776 0.288127 0.748306 -0.597512 0.455963 0.706531 -0.541213 0.619457 0.647019 -0.444567 0.795541 0.520302 -0.310483 0.94976 0.252593 -0.184805 0.83365 -0.0750156 -0.547174 0.514332 -0.52754 -0.676139 0.454443 -0.464602 -0.760018 0.785385 -0.029433 -0.618307 0.294274 0.837659 -0.460141 -0.242838 0.836931 -0.490487 -0.142591 0.761993 -0.631692 -0.499856 0.342522 -0.795502 -0.0425792 -0.589472 -0.806666 0.737357 0.481727 -0.473545 0.381477 0.813036 -0.439827 -0.46568 -0.216312 -0.858109 -0.489036 0.60409 -0.629222 -0.0902179 -0.477297 -0.874099 0.21019 0.27253 -0.938908 0.292391 0.301598 -0.907494 0.955822 0.0364167 -0.291682 0.859829 0.44532 -0.249768 0.222476 0.843659 -0.488614 -0.293412 0.805858 -0.514298 -0.0215222 0.807713 -0.589183 -0.416154 0.467788 -0.779737 0.677997 0.516657 -0.522864 0.488987 0.782583 -0.385299 -0.457987 -0.0674536 -0.886396 -0.557031 0.533294 -0.636643 0.924701 -0.355474 -0.136255 0.948306 0.0632452 -0.310991 -0.230369 0.701153 -0.67477 -0.592853 0.527917 -0.608136 0.106334 0.641732 -0.759521 0.789902 0.421923 -0.445011 0.514366 0.572996 -0.638046 0.168567 0.38214 -0.9086 0.288831 0.461748 -0.838669 0.271011 0.532223 -0.802055 -0.974277 0.0309087 -0.223224 -0.957323 0.0358997 -0.286781 -0.945658 0.0301705 -0.32376 -0.945995 0.0191465 -0.323616 -0.95806 0.013985 -0.286227 -0.974788 0.0199286 -0.222243 -0.988446 0.0311729 -0.148333 -0.995866 0.0368436 -0.0830234 -0.998528 0.0313175 -0.0442944 -0.998805 0.0203034 -0.0444554 -0.996388 0.0149578 -0.0835905 -0.988579 0.0202945 -0.149333 -0.823754 0.155343 -0.54525 -0.786297 0.501594 -0.36075 -0.946513 0.234227 -0.221927 -0.817864 0.542254 -0.192509 -0.890503 0.430695 -0.146651 -0.534893 0.720514 -0.441303 -0.683202 0.698763 -0.21205 -0.246722 0.831881 -0.497094 -0.44495 0.874186 -0.194468 0.0123073 0.840747 -0.541289 -0.156752 0.974471 -0.160731 0.183151 0.795117 -0.578139 0.109864 0.98586 -0.126531 0.281563 0.764906 -0.579345 0.368902 0.925629 -0.0843911 0.396281 0.757486 -0.518821 0.596234 0.801885 -0.0385503 0.575928 0.70784 -0.408986 0.769241 0.638905 0.00823927 0.78059 0.561148 -0.275304 0.908806 0.413339 0.0567663 0.94133 0.308688 -0.136419 0.985978 0.134861 0.0982903 0.99955 -0.0274137 -0.012167 0.988427 -0.0386326 0.146694 0.945851 -0.24464 0.213347 0.973918 -0.058661 0.219184 -0.237675 -0.747686 0.620062 0.0684661 -0.765822 -0.639398 0.456797 -0.852636 -0.253671 -0.354476 -0.675929 0.646117 0.489441 -0.815793 0.308105 -0.510064 -0.549777 0.661499 0.153451 -0.642804 0.750503 -0.706776 -0.370561 0.602621 -0.365478 -0.395273 0.842725 -0.904628 -0.187756 0.382616 -0.806559 -0.166251 0.567295 -0.998475 -0.0530089 0.0154261 -0.965998 -0.172076 0.192973 -0.933947 0.0912046 -0.34558 0.894994 -0.445739 0.01739 0.564273 -0.655935 0.501343 0.233973 -0.562849 0.792754 0.73257 -0.602483 0.31679 -0.360406 -0.501416 0.786568 0.477375 -0.642629 0.599284 -0.809737 -0.465695 0.357009 0.184309 -0.689708 0.700238 -0.832516 -0.503281 -0.231571 -0.0291006 -0.743908 0.667648 0.747376 -0.380727 0.544496 0.943103 -0.154217 0.294574 0.987397 0.138296 0.0769459 0.873191 0.467791 0.136779 0.693768 0.500653 0.517718 0.699761 0.189296 0.688841 0.819485 -0.13455 0.557082 0.869301 -0.406131 0.281734 0.755134 -0.654556 0.036462 0.47991 -0.87466 0.0682311 0.300683 -0.841383 0.449072 0.46856 -0.599848 0.648563 -0.459303 -0.621814 -0.63434 -0.142517 -0.771464 0.620106 -0.125575 -0.653449 0.746482 -0.288047 -0.618387 0.731182 -0.101249 -0.758982 -0.643191 -0.633424 -0.581093 -0.510984 -0.441828 -0.547283 0.710823 -0.598961 -0.432266 0.674086 -0.772476 -0.274289 0.572753 -0.936158 -0.115018 0.332232 -0.999187 -0.00317426 -0.0401932 -0.919023 0.116618 -0.376559 0.782753 -0.557788 0.275989 0.904645 -0.425816 -0.0172695 0.560479 -0.589728 0.58145 0.289372 -0.622452 0.727198 0.0568783 -0.651543 0.756477 -0.348224 -0.459562 0.817033 -0.791252 -0.227021 0.567787 -0.838646 -0.195253 0.508477 -0.451664 -0.393739 0.800605 0.448743 -0.860752 0.240284 0.357135 -0.879008 -0.31591 -0.732936 -0.438039 0.520505 -0.26047 -0.491573 0.830971 -0.941747 -0.254745 0.219587 0.149892 -0.697425 0.700808 -0.888097 -0.459115 -0.0222994 0.271738 -0.569326 0.775904 0.480058 -0.712984 0.511076 -0.974355 -0.198035 0.10684 -0.962723 -0.0193392 -0.269796 -0.965312 -0.221459 0.138306 -0.0274309 -0.844027 -0.535598 -0.558901 -0.683259 -0.46988 0.379104 -0.845376 0.376323 0.366808 -0.916192 -0.161382 -0.676889 -0.496461 0.543459 -0.192304 -0.527338 0.827607 0.0374155 -0.646103 0.762332 -0.83858 -0.544778 -0.000826504 0.314057 -0.596543 0.738583 0.539364 -0.721609 0.434011 -0.264722 -0.935792 0.232844 -0.344656 -0.899734 0.267751 -0.297655 -0.810332 0.504741 -0.215119 -0.914803 0.341848 -0.519706 -0.628296 0.578921 -0.321633 -0.844756 0.427714 -0.120661 -0.7936 0.596356 0.576374 -0.696477 0.427449 0.777555 -0.6276 0.039068 -0.78783 -0.399466 0.468777 0.22609 -0.743165 0.629753 0.462908 0.0586159 -0.884466 0.453013 0.0616318 -0.889371 0.439012 0.0256438 -0.898115 0.427458 -0.0399755 -0.903151 0.415602 -0.11582 -0.902142 0.399576 -0.180169 -0.89882 0.382008 -0.215084 -0.898782 0.37266 -0.211944 -0.90344 0.380872 -0.173574 -0.90819 0.406308 -0.111827 -0.906867 0.437202 -0.0420313 -0.89838 0.458337 0.0201129 -0.888551 -0.37452 -0.534539 0.75763 -0.266828 -0.605444 0.749827 -0.521762 -0.0423244 0.852041 -0.289404 -0.117748 0.949937 -0.546465 -0.405467 0.732784 -0.703606 0.031845 0.709876 -0.749643 -0.243368 0.615474 -0.857287 0.109208 0.503122 -0.918178 -0.0722353 0.389527 -0.954833 0.177844 0.238044 -0.99399 0.0825829 0.0718586 -0.96854 0.238959 0.0694929 -0.938701 0.316914 -0.135667 -0.949015 0.310999 0.0514707 0.789681 -0.466247 0.398771 0.937764 -0.323359 0.126642 0.840439 -0.305085 0.447868 0.906839 -0.258022 0.333268 0.552717 -0.539804 0.634914 0.719761 -0.323878 0.614042 0.271401 -0.576643 0.7706 0.501366 -0.297512 0.812477 0.0102361 -0.59706 0.802131 0.228088 -0.244975 0.942318 -0.166519 -0.615188 0.770594 -0.031582 -0.187549 0.981747 -0.895315 0.445065 -0.0181258 -0.733317 0.599695 -0.320332 -0.265381 0.549754 -0.79205 -0.575823 0.650011 -0.495897 -0.474181 0.626263 -0.618827 0.314251 0.483598 -0.816933 -0.174202 0.674603 -0.717331 0.803527 0.459079 -0.378935 0.0446177 0.732312 -0.679506 0.84068 0.49725 0.214474 0.162098 0.763324 -0.625348 0.475387 0.616584 0.62756 0.25543 0.743693 -0.6178 -0.0524704 0.763025 0.644236 0.370634 0.675333 -0.637618 -0.446334 0.853931 0.26756 0.524352 0.553509 -0.647058 -0.488366 0.823288 -0.289302 0.717415 0.379535 -0.584181 -0.164228 0.65945 -0.733591 0.906989 0.193711 -0.373962 0.353649 0.411567 -0.839967 -0.261302 0.551498 -0.792194 -0.166195 0.23598 -0.957441 0.0414679 -0.0966375 -0.994455 0.156065 -0.432928 -0.887816 -0.0388372 -0.682447 -0.729903 -0.439479 -0.566999 -0.696685 -0.495135 -0.246967 -0.832976 -0.240683 -0.0183419 -0.97043 0.114291 0.151959 -0.981757 0.388878 0.361913 -0.847226 0.354605 0.661026 -0.661286 -0.0458551 0.77681 -0.628063 0.997805 0.0662154 -0.0011982 0.798968 0.181104 -0.573456 0.931779 -0.0804633 0.353998 0.964507 0.176454 -0.196444 0.998461 0.0126009 0.0540028 0.784739 0.239112 -0.571847 0.938018 0.263086 -0.225629 0.916983 -0.110181 0.383408 -0.782745 0.557849 -0.27589 -0.905027 0.42505 0.016096 -0.559525 0.587384 -0.584732 -0.280757 0.612932 -0.738573 -0.0484671 0.645944 -0.761845 0.127731 0.65252 -0.746928 0.301815 0.614516 -0.728888 0.464018 0.544569 -0.698664 0.612831 0.433992 -0.66037 0.780789 0.278889 -0.559097 0.936681 0.115912 -0.330443 0.889675 0.456298 0.0164593 0.84572 0.533204 -0.0212434 0.586503 0.669975 0.455135 0.633748 0.580919 0.51078 -0.268682 0.570743 -0.775927 0.256782 0.489832 -0.833143 -0.446926 0.865836 -0.224911 -0.155448 0.706419 -0.690513 0.113023 0.755412 0.645429 0.727906 0.43301 -0.531653 0.344155 0.465148 -0.815595 -0.343059 0.878648 0.332096 -0.476911 0.714314 -0.512164 0.366963 0.888588 -0.275225 0.2876 0.930018 -0.228807 0.056881 0.837858 0.542916 0.833689 0.207467 -0.511781 0.972587 0.204502 -0.110696 -0.317377 0.594635 -0.738702 0.186541 0.523875 -0.831118 -0.377238 0.852631 -0.36154 -0.0411021 0.654338 -0.755084 0.671732 0.489923 -0.555654 0.448123 0.400234 -0.799374 -0.351333 0.918786 0.17999 -0.539127 0.721741 -0.434087 0.963435 0.23268 -0.13286 0.961743 0.0295158 0.272357 -0.578199 0.693589 -0.429675 -0.227562 0.738572 -0.634608 0.122491 0.785637 -0.606441 0.52188 0.634102 -0.570575 0.787706 0.406533 -0.462872 0.230604 0.915019 -0.331003 0.333251 0.833216 -0.441243 0.304456 0.814149 -0.494437 0.38269 -0.215269 -0.898447 0.399622 -0.180178 -0.898798 0.415552 -0.115812 -0.902166 0.427414 -0.0399689 -0.903172 0.439316 0.0255848 -0.897968 0.45292 0.0616572 -0.889417 0.462387 0.0588063 -0.884726 0.458337 0.020113 -0.888551 0.437171 -0.0420007 -0.898397 0.406429 -0.111888 -0.906806 0.380773 -0.173529 -0.90824 0.372776 -0.211986 -0.903382 -0.778393 0.626528 -0.0395758 -0.937555 0.324687 -0.124773 -0.789673 0.466171 -0.398876 -0.90784 0.258677 -0.330019 -0.840981 0.305387 -0.446642 -0.551359 0.537028 -0.638439 -0.71841 0.323265 -0.615944 -0.267763 0.572676 -0.774819 -0.497874 0.296126 -0.815127 -0.00488717 0.593243 -0.805009 -0.222895 0.243057 -0.944056 0.173761 0.611772 -0.771714 0.037274 0.185602 -0.981918 0.275691 0.603081 -0.748524 0.295519 0.1158 -0.948293 0.383415 0.533898 -0.753622 0.527702 0.040597 -0.848459 0.553379 0.406485 -0.727009 0.709058 -0.0331924 -0.704369 0.754078 0.245584 -0.609143 0.861094 -0.109891 -0.496428 0.920594 0.0753512 -0.383182 0.956463 -0.17781 -0.231433 0.994657 -0.0790553 -0.0663913 0.969064 -0.238517 -0.0634332 0.93908 -0.314043 0.139665 0.949404 -0.310607 -0.0464188 </float_array>
          <technique_common>
            <accessor count="2365" offset="0" source="#meshId1-tangents-array" stride="3">
              <param name="X" type="float" />
              <param name="Y" type="float" />
              <param name="Z" type="float" />
            </accessor>
          </technique_common>
        </source>
        <source id="meshId1-bitangents" name="meshId1-bitangents">
          <float_array id="meshId1-bitangents-array" count="7095"> 0.152732 0.678344 0.718695 -0.00329572 0.534212 0.845344 0.196422 0.916948 0.347311 0.187815 0.938693 0.289103 0.365807 0.900252 0.236073 0.0895098 0.978134 0.187728 0.138902 0.925077 0.353468 0.535705 0.717957 0.444475 -0.211365 0.975254 0.0648434 -0.0895812 0.995966 -0.00512779 -0.390419 0.698701 -0.599492 -0.339485 0.699169 -0.629215 0.116689 -0.00408632 0.99316 0.0915978 0.662702 0.743261 0.0406509 0.655293 0.75428 0.0506416 -0.00874761 0.998678 0.538889 0.00402261 -0.842367 0.705241 0.365973 -0.607205 0.423965 0.716439 -0.554047 0.373964 0.695958 -0.61302 0.146145 0.865098 0.47984 0.577384 0.500167 0.645337 -0.392579 0.540242 -0.744325 0.0747979 0.797279 -0.598959 0.0905186 0.733278 -0.673877 -0.35651 0.293825 -0.886886 0.0487946 0.997569 -0.049761 0.00916646 0.996984 -0.0770683 -0.00824569 0.998594 0.0523649 0.0409872 0.992538 0.114837 -0.238502 0.135017 -0.961711 0.128775 0.712202 -0.690062 0.0909769 0.676335 -0.730954 -0.0683194 0.0091881 -0.997621 -0.0243993 0.993372 0.112319 -0.0145724 0.985302 0.170198 0.0434438 0.671295 0.739916 0.0900299 0.761772 0.641559 0.0242373 0.998124 0.0562286 0.0241921 0.995385 0.0928606 0.0498565 0.756173 0.65247 0.121551 0.792083 0.598188 0.00161493 0.99692 -0.0784064 -0.0335076 0.998141 -0.0509194 0.0173479 0.998585 0.0502636 0.0483054 0.998833 -4.8534e-05 0.062586 0.997539 -0.0316216 0.0471342 0.992796 -0.110158 0.037002 0.99348 -0.107832 0.456454 0.00570264 -0.889729 0.349669 0.691401 -0.632215 0.289368 0.677861 -0.675848 0.377055 0.00446148 -0.92618 0.539973 0.683776 0.490795 0.14779 0.895616 0.41956 0.153677 0.826484 0.541578 0.57 0.468513 0.674979 0.053241 0.99729 -0.0507821 0.0452061 0.994287 -0.0966985 -0.453734 0.265272 0.850739 -0.0835373 0.760488 0.643956 -0.148776 0.825841 0.543924 -0.554027 0.457762 0.695347 0.195073 0.669859 -0.716405 0.256009 0.00408164 -0.966666 -0.121185 0.989382 0.0802348 -0.061253 0.988415 0.138865 -0.206408 0.904551 -0.373072 -0.340924 0.714135 -0.611378 0.47145 0.275485 0.837761 0.0282179 0.998933 0.0365618 0.11757 0.992948 -0.0152521 0.103681 0.994265 -0.0262021 0.0190409 0.999727 0.013507 -0.712531 0.28271 -0.642164 -0.496106 0.00646159 -0.868238 0.0345806 0.995776 -0.0850511 -0.371177 0.81022 -0.45362 -0.0351056 0.930239 -0.365271 0.0831108 0.994041 -0.0705388 0.0201748 0.99721 -0.0718732 -0.00382416 0.996475 -0.0838022 0.00489442 0.999735 -0.0225145 0.0160277 0.998964 -0.0425845 -0.0859631 0.996185 0.0150365 -0.0437829 0.971857 0.231467 -0.0687904 0.944284 0.321862 -0.0349658 0.998529 -0.0414459 -0.00251123 0.985115 0.171876 -0.0640458 0.992574 0.103421 -0.118 0.979628 0.162493 -0.153324 0.986398 -0.0592586 -0.0828047 0.989757 -0.116296 0.115971 -0.00309996 0.993248 0.0788616 0.626207 0.775658 0.10629 0.643744 0.757823 0.139592 -0.00457389 0.990199 0.0473854 0.993748 -0.101088 0.0976826 0.992587 -0.0723176 0.0790483 0.98764 0.135349 0.0466122 0.992953 0.108956 -0.0105555 0.742967 -0.669245 0.0335139 0.69287 -0.720283 0.0319698 0.99757 -0.0619041 0.00486984 0.996909 -0.0784188 -0.00868012 0.660201 0.751039 -0.0196167 -0.00404196 0.999799 0.0544624 -0.00481502 -0.998504 0.0427746 0.64461 -0.763314 -0.0798797 0.665561 -0.742057 -0.100366 -0.000641163 -0.99495 -0.190718 0.00409412 -0.981636 -0.142556 0.672729 -0.726026 -0.236447 0.684099 -0.690001 -0.311663 0.00459515 -0.950182 0.102295 -0.00384672 0.994747 0.0952529 0.512644 0.853302 0.379124 0.881922 0.28014 0.103832 0.960683 0.257503 -0.311947 0.7732 -0.552133 0.0776716 0.877779 -0.472726 0.176208 0.969935 0.167861 0.122008 0.986471 0.10949 0.146067 0.983409 -0.10757 0.213672 0.975705 -0.0484139 0.151334 0.988386 -0.0138379 0.180125 0.983136 0.0316075 0.14844 0.95268 0.265268 0.114808 0.974617 0.192203 0.243234 0.968517 0.0530204 0.206553 0.968586 0.138484 0.460628 0.647572 -0.60702 0.30087 0.918825 -0.255416 -0.0363326 0.996329 0.0775164 0.0280437 0.997669 0.0622066 -0.131423 0.945002 -0.299497 0.245237 0.92339 -0.295314 0.120889 0.992158 0.0317621 0.0510991 0.998693 0.000968773 0.0584385 0.998206 -0.0130475 0.166449 0.985026 0.0449291 0.100978 0.994669 -0.0209243 -0.00395059 0.999789 0.0201434 -0.07077 0.996354 0.0476513 0.0922038 0.995676 -0.0113356 -0.316622 0.795633 -0.516449 0.0602266 0.964071 -0.258728 0.0829672 0.994107 -0.0697761 0.0284493 0.995789 -0.0871498 0.506171 0.32061 0.800625 0.244781 0.066671 0.967284 0.0242849 0.99662 0.0784725 0.0271208 0.989633 -0.141036 0.00307225 0.996222 -0.0867904 0.0231225 0.992142 0.12296 0.198684 -0.000629106 -0.980063 0.160645 0.664782 -0.72956 0.0388291 0.999181 -0.0113461 0.0368961 0.98444 0.171804 0.0729669 0.997085 0.0223007 0.107187 0.991253 0.0770001 0.12762 0.98947 -0.0682741 0.0922125 0.991026 -0.0967725 -0.424211 0.268598 0.864812 -0.0313067 0.768808 0.638713 -0.0528058 0.842194 0.536582 -0.503895 0.437007 0.745061 -0.155586 0.676946 -0.7194 -0.200299 -0.000636185 -0.979735 0.311003 -0.00062667 -0.950409 0.247895 0.674948 -0.694977 0.0619066 0.998004 -0.0124477 0.079829 0.991531 -0.102435 0.0197614 0.995798 -0.0894177 0.0267965 0.999605 0.00842442 -0.149437 0.962131 0.227973 -0.135106 0.884426 0.446696 -0.198891 0.980021 0.000830077 -0.0330632 0.995755 -0.0859 0.283594 0.778931 0.559322 -0.0186622 0.910309 0.413508 0.0384299 0.995422 -0.0875125 0.486897 0.000267691 -0.873459 0.364286 0.646441 -0.67038 0.401138 -1.97778e-06 -0.916018 -0.287738 0.00133283 -0.957708 -0.220223 0.695664 -0.683779 -0.38391 -0.00658714 -0.923347 -0.00397751 0.996016 -0.0890851 0.0180255 0.996291 -0.0841381 0.0121957 0.999699 -0.0212994 -0.0148801 0.999868 0.00647476 0.164581 0.897229 0.409747 0.182696 0.931965 0.313151 0.24858 0.968348 0.0225884 0.220734 0.973689 0.0566161 -0.478243 0.693717 0.538554 -0.0404557 0.915563 0.400135 0.00272335 0.962958 0.269639 -0.33491 0.87575 0.347703 0.0724725 0.996777 -0.0344063 0.0744335 0.996765 -0.0303048 0.093228 0.991443 -0.0913711 0.0793118 0.994084 -0.0742089 -0.620126 0.259201 -0.740445 0.0212467 0.983977 0.177027 -0.210349 0.954165 0.212889 -0.0244275 0.999631 -0.0119031 0.178931 0.895814 0.406818 0.118885 0.989707 0.0796632 -0.0666888 0.94306 0.325869 -0.00225333 0.598524 0.801102 -0.0521501 0.564607 0.823711 -0.050296 0.978198 0.201492 -0.0884714 0.995981 -0.013965 -0.0143426 0.999189 0.0376136 -0.147226 0.988612 -0.0311572 -0.0498034 0.998593 -0.0182233 0.108935 0.974049 0.198398 0.253477 0.966442 0.0416935 -0.00696635 0.671617 0.740866 -0.0252831 0.669135 0.74271 0.110894 0.992146 -0.0578736 0.0246903 0.678662 -0.734036 0.205849 0.0415893 -0.9777 0.35042 0.199937 -0.915004 0.0222692 0.767312 -0.640887 -0.0114233 0.637829 0.770094 0.00988167 0.608378 0.793586 -0.305394 0.689025 -0.657251 0.0462326 0.915524 -0.399597 0.0460505 0.832999 -0.551354 -0.0825576 0.96349 0.254697 -0.147643 0.90458 0.39992 0.0551337 0.871978 0.486431 0.105657 0.993023 0.0523651 0.0657443 0.939124 -0.33723 -0.223499 0.965486 0.133738 -0.360426 0.887267 0.287837 -0.0616586 0.991113 0.117869 0.198984 0.974308 0.105498 0.054078 0.993943 0.0956708 0.0591037 0.97596 -0.209783 0.0481242 0.995877 -0.0768918 -0.0584127 0.921615 -0.383685 -0.0432195 0.998691 -0.0273749 0.144379 0.644522 0.75083 0.0177197 0.536971 0.843414 0.0320409 0.974541 -0.221909 -0.0161607 0.913396 -0.406752 -0.0136033 0.99922 -0.0370787 0.0586307 0.781939 -0.620592 0.0632603 0.74454 -0.664573 0.107643 0.988998 0.101464 0.0447446 0.74193 0.668982 0.0155338 0.669223 0.742899 0.0240379 0.691 0.722454 0.0243644 0.671053 0.741009 -0.163459 0.0435019 0.98559 -0.0317264 0.78517 -0.618468 -0.0511695 0.74759 -0.662186 0.0183064 0.65163 0.758316 0.0281352 0.649259 0.760047 0.0431532 0.782426 -0.621247 0.0392806 0.625101 0.779555 0.00708805 0.621582 0.783317 0.00435926 0.83851 -0.544868 0.0204028 0.843827 -0.536228 0.0332442 0.910093 -0.413068 -0.0140328 0.997433 -0.0702165 0.0542884 0.99684 -0.0579881 0.0766386 0.995992 0.0461072 0.191124 0.980274 0.0503412 0.687296 0.386438 -0.615053 -0.0170072 0.966945 -0.254417 -0.112615 0.932832 0.342262 0.463555 0.204127 0.862235 0.241143 0.762321 0.600597 0.422022 0.223149 0.878694 -0.0527362 0.782646 -0.620229 -0.15205 0.0461437 -0.987295 0.2053 0.0612499 -0.976781 -0.0336522 0.999038 -0.02812 -0.060679 0.997632 0.0323802 0.0536247 0.974723 -0.216885 0.0586603 0.997312 -0.0439127 0.0691649 0.996652 -0.0435947 0.0755283 0.993513 -0.0850201 0.0611564 0.997992 0.0164809 0.053432 0.997977 -0.0344637 -0.0295217 0.991562 -0.126228 -0.0347133 0.998508 -0.0421417 -0.0639082 0.997778 0.018819 0.0614867 0.997941 -0.018226 0.0305154 0.992352 0.119608 0.0731289 0.997281 -0.00906251 0.0711969 0.996708 -0.0387895 0.0493515 0.997849 -0.0431411 0.0637421 0.99477 -0.0798085 -0.120761 0.981319 0.149765 0.184017 0.948236 -0.258817 0.105058 0.98862 -0.107671 0.0265076 0.997798 0.060804 -0.121785 0.966837 -0.224488 -0.208171 0.903201 -0.375357 0.194249 0.953857 -0.228965 0.112579 0.987261 -0.112436 0.0323492 0.996819 0.0728423 0.113179 0.993522 0.0102531 -0.124601 0.990969 0.0495437 -0.0326128 0.998333 -0.0476283 -0.202851 0.05433 0.977701 0.207231 0.0553318 0.976726 -0.22207 0.0895339 0.970911 -0.340738 0.705804 0.621078 0.302332 0.864505 -0.40153 0.347452 0.812176 -0.468666 0.00873072 -0.00145047 0.999961 -0.0125284 -0.00521749 0.999908 -0.517111 0.705477 0.484662 0.447431 0.570749 -0.688513 -0.400233 0.00311073 -0.916408 0.0302523 0.00875484 -0.999504 0.425559 0.349208 -0.834837 -0.026578 -0.00442062 0.999637 0.105596 0.994303 -0.0145264 -0.121696 0.985345 -0.119522 -0.0369816 0.998642 0.0367037 -0.206767 0.942345 -0.263122 -0.418053 0.142206 0.897223 -0.318746 0.703046 0.63571 -0.0346426 -0.000848422 0.9994 0.32786 0.810372 -0.485597 -0.341498 0.217041 -0.91448 0.0329776 0.000565317 0.999456 0.0213844 -0.00128919 0.999771 0.0321129 -9.82088e-05 0.999484 0.0218455 0.000542048 0.999761 -0.315388 0.828422 -0.462869 0.0234709 0.00595889 0.999707 -0.418774 0.363478 -0.832173 -0.425775 0.616628 -0.662182 0.0157501 0.000575154 0.999876 0.0323585 0.000621095 0.999476 0.0345044 0.00481931 0.999393 0.414692 0.35981 -0.835803 0.345448 0.219598 -0.912383 0.433043 0.579564 -0.690347 0.952139 0.150841 -0.265855 0.943928 0.0617881 -0.324317 0.896377 -0.399977 -0.191121 0.903366 -0.355517 -0.239871 0.588946 -0.803752 -0.084414 0.625539 -0.77017 -0.124653 0.119993 -0.991246 0.0550752 0.182623 -0.982026 0.0476833 -0.372332 -0.904944 0.206022 -0.310796 -0.92221 0.230076 -0.765114 -0.563059 0.312353 -0.710949 -0.597909 0.370211 -0.940951 -0.0522624 0.334484 -0.900265 -0.100114 0.423675 -0.841217 0.474593 0.259067 -0.825014 0.427856 0.369178 -0.50252 0.858293 0.103955 -0.508935 0.83283 0.217668 -0.0326421 0.995077 -0.0935742 -0.0476917 0.998786 0.0123654 0.43245 0.860576 -0.269066 0.423869 0.885743 -0.189195 0.778244 0.513553 -0.361386 0.415253 0.864264 -0.283923 0.75619 0.517995 -0.399823 0.776431 0.536499 -0.330641 0.95352 0.0788468 -0.29083 0.921251 0.0452924 -0.386322 0.951506 0.297826 -0.0770397 0.919742 0.240597 0.310141 0.867506 0.207214 0.452213 0.867501 0.207225 0.452216 0.919756 0.240619 0.310082 0.951458 0.297995 -0.0769881 0.734827 0.297987 -0.609288 0.441877 0.240615 -0.864204 0.305279 0.207255 -0.929435 0.305316 0.207243 -0.929426 0.441917 0.240492 -0.864218 0.734892 0.297964 -0.609222 -0.74395 -0.555799 0.37098 -0.333779 -0.900848 0.277607 -0.386818 -0.871964 0.300085 -0.757185 -0.535069 0.374663 0.942582 -0.323681 -0.0822799 0.658745 -0.752323 0.00812836 -0.0419246 0.995306 -0.0872271 -0.50034 0.85723 0.121724 -0.829874 0.479396 0.285462 -0.925263 -0.0428545 0.376898 0.181098 -0.974385 0.133329 0.940743 0.0882263 -0.327444 0.974495 0.159777 -0.157579 0.874264 -0.484356 0.0325888 0.547364 -0.833205 0.0785052 0.710578 -0.666145 -0.22656 0.74034 -0.659166 -0.131901 0.753965 -0.652283 -0.0778691 0.753899 -0.652362 -0.0778516 0.740256 -0.659272 -0.131838 0.7104 -0.666402 -0.226364 0.666634 -0.666417 -0.333899 0.622017 -0.659279 -0.422429 0.594086 -0.652365 -0.470618 0.594103 -0.652356 -0.470609 0.622146 -0.659094 -0.422527 0.666674 -0.666354 -0.333943 -0.562802 0.819647 0.106928 -0.127939 0.986913 -0.0981573 -0.928923 -0.0566678 0.365911 0.087932 -0.979767 0.179792 0.650764 0.569123 -0.502599 0.768599 0.110311 -0.630149 0.31848 0.893522 -0.316525 -0.857584 0.437837 0.269903 0.991711 -0.048627 0.118928 0.853202 -0.467204 0.231877 0.704577 -0.700443 0.1138 0.653267 -0.753403 -0.0750058 0.578368 -0.806166 -0.124851 0.370274 -0.917 0.148349 0.31569 -0.94645 -0.0676226 -0.0472774 -0.972288 0.228955 -0.0521533 -0.997351 0.050714 -0.465049 -0.820243 0.333064 -0.45311 -0.869696 0.195755 -0.778957 -0.477696 0.406242 -0.767783 -0.561887 0.307882 -0.915202 -0.0286567 0.401975 -0.924184 -0.141023 0.354961 -0.847217 0.428188 0.31445 -0.891554 0.313784 0.326606 -0.585763 0.794908 0.15812 -0.664915 0.712901 0.222844 -0.19425 0.979873 -0.0459931 -0.298657 0.952377 0.061495 0.214492 0.939288 -0.267826 0.103622 0.987368 -0.119864 0.505168 0.714395 -0.484196 0.434844 0.854868 -0.283039 0.549562 0.457336 -0.699161 0.522224 0.759418 -0.388029 0.973953 -0.0176896 -0.226059 0.97131 -0.0129052 -0.237466 0.880698 -0.461345 -0.10738 0.835475 -0.510947 -0.202275 0.902453 -0.42098 -0.0913984 0.866205 -0.477459 -0.147382 0.568914 -0.822386 0.00427914 0.580522 -0.813427 -0.0364682 0.087341 -0.994765 0.0530444 0.107362 -0.993466 0.0387252 -0.422402 -0.901952 0.0897763 -0.403044 -0.908886 0.107148 -0.825074 -0.555862 0.10134 -0.807119 -0.57049 0.151989 -0.995441 -0.0446101 0.084307 -0.984945 -0.0677605 0.159033 -0.87562 0.481862 0.0331438 -0.881008 0.45723 0.121514 -0.504929 0.862247 -0.0397118 -0.523316 0.850887 0.0461726 0.000874855 0.992443 -0.122707 -0.0183529 0.998686 -0.0478538 0.495766 0.845763 -0.197235 0.487313 0.862048 -0.139281 0.846735 0.468698 -0.251716 0.464494 0.873263 -0.147165 0.83022 0.511247 -0.222175 0.849898 0.485657 -0.204478 -0.243194 -0.651874 -0.718274 -0.243154 -0.651894 -0.718269 -0.248866 -0.756878 -0.604319 -0.236533 -0.937306 -0.255948 -0.153692 -0.937322 0.312739 -0.0661649 -0.756852 0.650229 -0.0281938 -0.651872 0.757805 -0.0281973 -0.651885 0.757794 -0.0661684 -0.756868 0.65021 -0.153803 -0.937234 0.312948 -0.236741 -0.937345 -0.255614 -0.248911 -0.756861 -0.604321 -0.808134 -0.55788 0.188918 -0.392301 -0.900753 0.1864 -0.446657 -0.867203 0.220131 -0.823263 -0.531668 0.198914 0.91676 -0.398931 -0.0201482 0.62492 -0.771026 0.122449 -0.0329245 0.997917 -0.0554683 -0.525083 0.850389 0.0335665 -0.877788 0.464894 0.115597 -0.984225 -0.0535099 0.168637 0.142997 -0.974845 0.170962 0.968261 0.0195825 -0.249171 0.87962 -0.450059 -0.153999 0.835986 -0.484202 0.258216 0.511297 -0.832124 0.214814 0.906096 0.307559 -0.290512 0.930499 0.310599 -0.194166 0.947273 0.310464 -0.0792795 0.951438 0.307193 0.0199281 0.949661 0.303939 0.0759304 0.949651 0.30397 0.075927 0.951455 0.30714 0.0199337 0.947293 0.310392 -0.0793309 0.930505 0.310599 -0.194138 0.906281 0.307006 -0.290519 0.888566 0.303895 -0.343653 0.888546 0.303972 -0.343638 -0.5608 0.827871 0.0115521 -0.0824157 0.993901 -0.0732722 -0.985989 -0.0514818 0.158667 0.0401742 -0.972468 0.229549 0.771651 0.566744 -0.288714 0.92367 0.099148 -0.370141 0.40707 0.896131 -0.176755 -0.890142 0.445705 0.0948337 0.816804 -0.370734 -0.442026 0.845914 0.327029 -0.421285 0.814079 0.0311024 -0.57992 0.82303 0.520514 -0.227346 0.876484 0.3784 -0.297641 0.507813 -0.747588 0.428065 0.293539 -0.917292 0.269091 0.26395 -0.955711 0.130182 0.196463 -0.978831 0.0573838 -0.128298 -0.959852 0.249449 -0.127785 -0.989893 0.06151 -0.545695 -0.802864 0.240055 -0.50675 -0.857385 0.0899721 -0.856257 -0.467213 0.220309 -0.817675 -0.564237 0.114214 -0.983637 -0.0212279 0.178909 -0.981666 -0.146467 0.121984 -0.894101 0.434363 0.109144 -0.944236 0.312614 0.103398 -0.595934 0.802666 0.0242838 -0.699807 0.712052 0.0570266 -0.140109 0.988253 -0.0610359 -0.283163 0.959019 -0.0100782 0.339419 0.92754 -0.156409 0.202014 0.975553 -0.0865249 0.683407 0.672673 -0.283665 0.596776 0.786242 -0.160255 -0.977953 -0.0568277 -0.200945 -0.820027 -0.547291 -0.167413 -0.846745 -0.52636 -0.0772531 -0.971784 -0.0855694 -0.219803 -0.892687 -0.447643 -0.0522055 -0.563368 -0.825911 0.0220723 -0.514426 -0.855271 0.0622764 -0.83931 -0.534968 -0.0967867 -0.0875109 -0.988998 0.119265 -0.0207546 -0.991534 0.128181 0.41678 -0.884403 0.210062 0.478491 -0.858622 0.183888 0.804492 -0.528769 0.270548 0.851094 -0.482342 0.207327 0.959133 -0.0200934 0.282242 0.980284 0.0365664 0.194181 0.834882 0.497567 0.235369 0.825763 0.547413 0.135847 0.465971 0.874009 0.137764 0.434366 0.899923 0.0382695 -0.0391144 0.999129 0.0145659 -0.0759538 0.994262 -0.0753251 -0.532566 0.840216 -0.102027 -0.557755 0.811474 -0.174409 -0.881126 0.407581 -0.239783 -0.869971 0.443307 -0.215941 -0.535997 0.834103 -0.130303 -0.874735 0.449806 -0.180314 0.83501 0.298047 0.462522 0.594499 0.240548 0.767273 0.472347 0.207199 0.856713 0.472356 0.207181 0.856712 0.594484 0.240518 0.767294 0.83509 0.297869 0.462492 0.949266 0.297883 -0.100792 0.846342 0.24053 -0.475237 0.768637 0.207157 -0.605213 0.76863 0.207239 -0.605194 0.846315 0.240531 -0.475285 0.949256 0.2979 -0.100835 0.833888 -0.476037 0.27932 0.858919 -0.432375 0.274427 0.521091 -0.805774 0.281411 0.45401 -0.852278 0.259804 -0.573301 -0.800088 0.176591 -0.891131 -0.452277 0.0364938 -0.0577019 0.997969 -0.0270002 0.437445 0.895539 0.0815616 0.816941 0.546466 0.184341 0.965108 0.0392962 0.258888 -0.0762211 -0.969673 0.232219 -0.970112 -0.0590881 -0.235352 -0.847614 -0.517634 -0.11664 -0.422572 -0.864614 0.271802 -0.764859 -0.558236 0.321502 0.255871 -0.928765 0.268188 0.269893 -0.938644 0.214723 0.292914 -0.948754 0.118605 0.315896 -0.948782 0.00483649 0.33224 -0.938627 -0.0927176 0.340039 -0.928784 -0.147423 0.340062 -0.928775 -0.147426 0.332309 -0.938603 -0.0927089 0.315904 -0.948779 0.00479624 0.292735 -0.948819 0.118526 0.269848 -0.938653 0.21474 0.255824 -0.928782 0.268176 -0.0298178 0.997313 -0.0669099 0.455995 0.888204 0.0562324 0.96652 0.0645915 0.248329 0.0501731 -0.956758 0.286526 -0.934721 -0.0215665 -0.354726 -0.836933 0.468809 -0.28242 -0.504726 0.843414 -0.18413 0.819298 0.547232 0.171135 -0.773383 -0.489522 -0.402798 -0.806326 -0.136206 -0.575574 -0.8946 0.164156 -0.415624 -0.919086 0.19154 -0.344374 -0.898654 0.343787 -0.272455 -0.160998 -0.928678 0.334121 -0.370623 -0.791689 0.485661 -0.0195766 -0.994875 0.0992041 -0.110988 -0.981477 0.156153 0.235828 -0.920897 0.310376 0.276421 -0.954587 0.111152 0.62183 -0.719793 0.308588 0.616306 -0.773139 0.149746 0.888302 -0.351625 0.295431 0.882001 -0.434128 0.183321 0.955456 0.122987 0.268288 0.981038 0.0254409 0.192139 0.790015 0.578547 0.202876 0.858337 0.488045 0.158333 0.439269 0.893547 0.0928289 0.543318 0.835278 0.084356 -0.0132055 0.999144 -0.0392063 0.103606 0.99452 -0.0140124 -0.454133 0.873758 -0.174098 -0.349038 0.929774 -0.117017 -0.777757 0.556008 -0.29317 -0.702578 0.681129 -0.206029 -0.990358 -0.123378 0.0629909 -0.795067 -0.605897 0.0275276 -0.802388 -0.596681 0.0120261 -0.990588 -0.135738 0.0176298 -0.391777 -0.919595 -0.0292602 -0.435998 -0.897845 0.0614802 -0.478048 -0.869885 0.12153 0.0157085 -0.998524 0.0519858 0.0383892 -0.997309 0.0624571 -0.431837 -0.901021 0.040968 0.509088 -0.86047 -0.0205306 0.522271 -0.852091 -0.0342749 0.870216 -0.485929 -0.0812284 0.87374 -0.469389 -0.127481 0.993239 0.0273125 -0.112833 0.982783 0.0512719 -0.177507 0.837563 0.535727 -0.107172 0.811206 0.558166 -0.17434 0.44353 0.89361 -0.0688622 0.409815 0.903373 -0.126371 -0.0782228 0.996847 -0.0133126 -0.108904 0.992236 -0.0600652 -0.579123 0.814354 0.0379991 -0.599238 0.80057 -0.000603691 -0.923518 0.382584 0.0272945 -0.896377 0.436695 0.0761973 -0.539125 0.838927 0.0744701 -0.914185 0.399773 0.0666883 0.942318 0.297731 0.152945 0.818735 0.240574 0.521341 0.734006 0.207164 0.646775 0.733991 0.207185 0.646786 0.81873 0.240575 0.52135 0.942222 0.297939 0.153133 0.859405 0.297926 -0.415528 0.636029 0.240573 -0.733206 0.519001 0.207211 -0.829278 0.518999 0.207179 -0.829287 0.636008 0.240514 -0.733244 0.859393 0.297902 -0.415571 0.87866 -0.477222 -0.0147118 0.90228 -0.430502 -0.0236269 0.587086 -0.803791 0.0961805 0.517133 -0.851934 0.082355 -0.444681 -0.895635 0.00983073 -0.820348 -0.571849 -0.00436389 -0.047985 0.998715 0.0163206 0.450811 0.891073 -0.0525113 0.83698 0.540159 -0.0877088 0.996442 0.0365038 -0.0759601 0.0204104 -0.98471 0.173 -0.99537 -0.0863909 0.0421418 -0.468453 -0.866698 0.171423 -0.526589 -0.810714 -0.255827 -0.863928 -0.49006 -0.116057 0.331368 -0.928782 0.166008 0.326574 -0.93864 0.110931 0.315645 -0.948793 0.0126733 0.299039 -0.948757 -0.102155 0.28152 -0.93859 -0.199489 0.270299 -0.928772 -0.253615 0.270264 -0.928781 -0.25362 0.281436 -0.938614 -0.199494 0.29891 -0.948795 -0.102175 0.315516 -0.948835 0.0127097 0.326677 -0.938605 0.11092 0.331386 -0.928778 0.165995 -0.0533989 0.998572 -0.00155754 0.447125 0.892613 -0.0576404 0.993862 0.0652426 -0.0893356 0.137853 -0.96229 0.234508 -0.299229 -0.861047 0.411168 -0.999452 -0.0198294 -0.0265111 -0.883617 0.467333 0.028632 -0.539557 0.840966 0.0406706 0.829404 0.550296 -0.0962461 -0.94997 -0.269937 -0.157137 -0.992051 0.119182 -0.0403847 -0.995985 -0.0812577 0.0375684 -0.957572 0.281014 0.0639285 -0.79216 -0.504825 -0.342978 -0.968321 -0.248276 -0.0266989 0.364852 -0.898595 0.243742 0.130437 -0.875466 0.465345 0.43607 -0.899633 0.022429 0.358865 -0.926711 0.111458 0.697205 -0.711208 0.0899357 0.6539 -0.753872 -0.063971 0.934681 -0.354603 -0.0250576 0.89183 -0.434625 -0.125463 0.990424 0.103816 -0.0910045 0.987425 -0.00770146 -0.157898 0.817727 0.568484 -0.09027 0.876276 0.45758 -0.15087 0.431608 0.901175 -0.0399802 0.545659 0.831199 -0.106605 -0.056063 0.998367 0.0109817 0.081734 0.995683 -0.043975 -0.517413 0.854829 0.0393827 -0.393962 0.91895 0.0180183 -0.849494 0.526784 0.0293097 -0.763246 0.643382 0.0592826 -0.979277 -0.0474183 -0.196895 -0.814734 -0.548979 -0.186632 -0.804136 -0.552185 -0.220128 -0.972414 -0.0615204 -0.225004 -0.426384 -0.894081 -0.137173 -0.438006 -0.885486 -0.155132 0.0734351 -0.995255 -0.0638372 -0.00213838 -0.99999 0.00388009 -0.0661971 -0.996146 0.0575455 0.433577 -0.891615 0.130513 0.451151 -0.882661 0.131804 0.0108257 -0.999749 -0.0196424 0.816923 -0.546728 0.183646 0.831919 -0.531265 0.160211 0.978892 -0.048806 0.198465 0.988927 -0.0220336 0.146755 0.867708 0.468026 0.167437 0.86155 0.497577 0.100737 0.5083 0.855753 0.0965292 0.488085 0.872185 0.0326619 0.00212443 0.999992 0.00332534 -0.0180447 0.998904 -0.0431959 -0.504917 0.858454 -0.0900899 -0.517648 0.846951 -0.121299 -0.870136 0.455077 -0.189127 -0.850101 0.517562 -0.0972503 -0.47823 0.877873 -0.0251952 -0.866647 0.47171 -0.162522 0.0641018 0.643445 0.762804 0.0640784 0.643442 0.762808 0.107548 0.747068 0.65599 0.204294 0.9252 0.319794 0.286415 0.925198 -0.248947 0.288675 0.747049 -0.598819 0.277183 0.643449 -0.713543 0.277205 0.64343 -0.713551 0.288686 0.747075 -0.598781 0.286374 0.925211 -0.248946 0.204512 0.925204 0.319645 0.107556 0.747046 0.656014 0.798564 -0.535821 0.274211 0.836771 -0.463377 0.291711 0.486205 -0.815141 0.314881 0.415605 -0.878181 0.236793 -0.445691 -0.876207 -0.183358 -0.828322 -0.51836 -0.212569 0.0141497 0.998987 0.0427265 0.502499 0.856704 0.116421 0.856564 0.48048 0.188247 0.968571 -0.0339418 0.246412 -0.0421115 -0.995611 0.0835834 -0.984864 -0.00157284 -0.173322 0.0158755 -0.999377 -0.0315096 -0.486942 -0.817531 -0.307457 -0.837711 -0.464682 -0.286899 0.275851 0.95386 -0.118569 0.264014 0.964301 -0.0205205 0.247583 0.964257 0.0944041 0.230685 0.953941 0.191782 0.220015 0.94398 0.245957 0.220124 0.943952 0.245967 0.230692 0.953948 0.191738 0.24735 0.964321 0.0943548 0.264008 0.964302 -0.0205192 0.275385 0.953976 -0.118715 0.280634 0.943967 -0.173699 0.280695 0.943947 -0.173711 -0.00718944 0.999767 0.020354 0.486591 0.868295 0.0964042 0.970061 0.0200755 0.242031 -0.0161762 -0.951909 -0.305955 -0.975859 0.0151595 -0.217874 -0.856574 0.500409 -0.125986 -0.501391 0.863717 -0.0509871 0.842952 0.508459 0.175785 0.0190649 -0.932529 0.360591 -0.888299 -0.348881 -0.298676 -0.975402 0.0650552 -0.210614 -0.955286 -0.211085 -0.207053 -0.962912 0.197523 -0.183807 -0.643502 -0.665657 -0.377897 -0.814807 -0.535735 -0.221534 -0.351653 -0.790619 -0.501261 -0.706643 -0.65426 -0.269445 0.647052 -0.656317 0.388035 0.377033 -0.754325 0.537439 0.76899 -0.608113 0.197112 0.691097 -0.673011 0.263518 0.888774 -0.331087 0.316956 0.914604 -0.36922 0.164852 0.958559 0.114244 0.260985 0.98811 0.0331389 0.150137 0.807044 0.558363 0.192122 0.877191 0.465503 0.117652 0.45168 0.885352 0.110169 0.567378 0.821049 0.0629307 -0.0408897 0.998633 0.0325492 0.0975012 0.995207 -0.00757808 -0.524033 0.850554 -0.044132 -0.401041 0.91246 -0.0811338 -0.856684 0.500612 -0.124421 -0.777323 0.612643 -0.142959 0.932508 -0.0610492 -0.355952 0.918296 -0.0728008 -0.389143 0.770946 -0.547537 -0.32534 0.770496 -0.554983 -0.313575 0.475641 -0.869774 -0.131374 0.400398 -0.894271 -0.199903 0.541848 -0.834948 -0.0962424 0.465697 -0.872945 -0.145236 0.0539032 -0.996067 0.0703136 0.0750261 -0.996045 0.0475907 -0.43218 -0.88149 0.19025 -0.410248 -0.891272 0.193211 -0.813811 -0.520938 0.257558 -0.786737 -0.540997 0.297265 -0.965259 -0.00551293 0.261236 -0.943961 -0.035294 0.328165 -0.836366 0.513372 0.192203 -0.831235 0.484045 0.273402 -0.469538 0.880454 0.0658397 -0.47842 0.86619 0.144326 0.0218111 0.995961 -0.0870939 0.0111761 0.999621 -0.0251502 0.498827 0.834362 -0.234546 0.495066 0.847428 -0.191767 0.828441 0.439279 -0.347448 0.47739 0.862361 -0.168621 0.820561 0.487418 -0.298501 0.833649 0.455437 -0.312421 0.96879 0.24778 0.00705612 0.898561 0.200211 0.390517 0.831791 0.172416 0.527633 0.8318 0.172386 0.527628 0.898571 0.200138 0.390532 0.968766 0.247872 0.00722309 0.802451 0.247879 -0.542796 0.531586 0.200151 -0.823016 0.400008 0.172393 -0.900152 0.400009 0.172374 -0.900156 0.531594 0.200194 -0.823001 0.80238 0.247872 -0.542906 -0.778279 -0.522763 0.347853 -0.378823 -0.878141 0.292166 -0.44533 -0.830113 0.335551 -0.803652 -0.478966 0.353177 0.782606 -0.520634 -0.341276 0.465105 -0.867519 -0.176321 0.00318041 0.999822 -0.0185883 -0.473536 0.870743 0.132552 -0.82406 0.503577 0.25949 -0.941286 -0.0100979 0.33746 0.118171 -0.978923 0.166571 0.928488 -0.0254113 -0.370493 0.553181 -0.832245 -0.0368582 0.76507 -0.449407 -0.461196 0.415989 -0.791627 -0.447526 -0.867718 -0.255636 0.426282 -0.906205 -0.258416 0.334685 -0.939782 -0.258503 0.223574 -0.95854 -0.255599 0.125976 -0.964934 -0.252905 0.0703032 -0.964919 -0.252967 0.0702771 -0.958499 -0.255765 0.125952 -0.939782 -0.258538 0.223536 -0.906235 -0.258254 0.334727 -0.867722 -0.255592 0.4263 -0.842167 -0.253027 0.476164 -0.842165 -0.252971 0.476198 -0.491675 0.862731 0.118109 -0.0166703 0.999372 -0.0312656 -0.944936 0.00789384 0.32716 0.488154 -0.834588 0.255283 0.0266915 -0.961658 0.27295 0.793216 0.512727 -0.328512 0.899559 0.0311459 -0.435687 0.457362 0.869621 -0.185958 -0.830433 0.499329 0.247088 0.891196 0.14458 -0.429961 0.810871 -0.235376 -0.535805 0.893948 0.293031 -0.339102 0.92154 -0.0506453 -0.384966 0.597179 -0.474669 -0.646581 0.87659 -0.199387 -0.437989 0.113087 -0.87095 0.478182 -0.189537 -0.90487 0.381165 -0.203154 -0.952703 0.226019 -0.349411 -0.915906 0.197558 -0.560037 -0.733954 0.384279 -0.608612 -0.760435 0.226561 -0.836976 -0.396964 0.376685 -0.840904 -0.473913 0.261319 -0.935233 0.0596228 0.348977 -0.959151 -0.0479925 0.278795 -0.809657 0.520388 0.271389 -0.878242 0.412194 0.242462 -0.482405 0.864335 0.14216 -0.595911 0.789264 0.148161 -0.0136046 0.999877 -0.00782581 -0.154981 0.987853 0.0112915 0.454629 0.876068 -0.160678 0.326749 0.935143 -0.136902 0.778132 0.550447 -0.302521 0.697507 0.667942 -0.259494 -0.194919 0.881221 0.430647 0.332546 0.496175 0.802012 -0.204367 0.625128 0.753293 -0.45501 0.767792 0.451066 0.338295 0.274714 0.900049 -0.215634 0.544296 0.810706 -0.505776 0.760398 0.407414 -0.516598 0.760745 0.39293 -0.621353 0.719121 0.311103 0.0842181 -0.906045 0.414716 0.360264 -0.929097 -0.0836029 0.632765 -0.77249 -0.053551 0.171515 -0.898132 0.404897 0.585405 -0.293011 -0.75594 0.950523 -0.128366 -0.282893 0.98177 -0.159833 0.102868 0.758344 -0.614301 0.218058 0.263285 -0.861041 0.435074 0.313103 0.0955589 0.944899 0.559777 0.607757 0.563277 0.15963 0.853816 0.495496 0.0893824 0.650236 0.754456 0.460591 0.875382 0.14684 0.24273 0.954287 0.17441 -0.009141 0.99472 0.10222 -0.166822 0.949437 0.265968 -0.134054 0.901581 0.411316 0.968487 0.248711 -0.0132344 0.773589 0.566607 -0.283754 0.879023 0.4291 -0.207825 0.972287 0.230946 0.0363584 0.58621 0.475567 -0.655892 0.84392 0.449696 -0.292526 0.892539 0.449425 -0.0373044 0.941837 0.33354 0.0411644 0.960764 0.221079 0.167504 -0.732376 0.395942 0.553946 -0.457585 0.210071 0.863995 -0.340527 0.631962 0.696179 -0.578342 0.631952 0.515904 -0.319934 0.883009 0.343419 -0.464756 0.835545 0.293028 -0.0687981 0.97211 -0.224206 -0.153543 0.988117 -0.00698094 -0.378017 0.925285 -0.030831 -0.30197 0.911339 -0.279775 -0.120899 0.855327 0.503785 -0.417644 0.902267 0.107183 -0.575289 0.806257 -0.137811 -0.490493 0.834227 -0.251955 -0.410023 0.821758 -0.395722 0.302432 0.837171 -0.455719 0.0982272 0.911463 -0.399483 -0.125522 0.776344 -0.617684 0.248782 0.578066 -0.777141 -0.385751 0.513204 -0.766693 -0.215069 -0.0568762 -0.974941 -0.56277 0.719411 0.40711 -0.713449 0.699118 -0.0471603 -0.374028 0.813767 -0.444844 -0.749649 0.473462 0.46245 -0.458969 0.80001 -0.386435 0.0612375 0.610643 -0.789535 0.150007 0.843418 -0.515892 -0.872582 0.32719 0.362695 0.318814 -0.10491 0.941993 0.721354 -0.349743 0.597769 0.932498 -0.0287336 0.36003 0.797747 0.077916 0.597937 0.88857 -0.354772 0.290827 0.979819 -0.0847568 0.18103 -0.870129 0.424886 0.249693 -0.796644 0.427524 0.427296 -0.662787 0.604312 0.442177 -0.807636 0.504043 0.306046 -0.493582 0.821958 0.284186 -0.653471 0.708493 0.266483 -0.358474 0.929544 0.0862778 -0.188169 0.980648 -0.0540487 -0.413987 0.763787 -0.495221 -0.485103 0.874445 -0.00443846 -0.428346 -0.878058 -0.213384 -0.943277 0.191272 0.271371 0.438927 0.870014 -0.224541 0.821754 0.563674 0.0836241 -0.561639 0.821479 0.0986626 -0.689679 0.720709 0.0701545 -0.508945 0.859834 0.0407434 -0.494865 0.868511 -0.0282464 -0.540996 0.828785 -0.142963 -0.409103 -0.722649 0.557147 -0.62445 -0.771605 0.121194 -0.276571 -0.955205 0.105315 -0.151733 -0.853789 0.498018 -0.733113 -0.530645 -0.425395 0.00282933 -0.878789 -0.477201 -0.921729 0.330424 -0.203066 -0.820371 0.0898278 -0.564732 -0.650091 0.542708 -0.531836 -0.763936 0.58363 -0.275279 -0.276732 -0.0240969 -0.960645 0.176329 -0.371559 -0.911511 0.50065 0.0467444 -0.864387 0.299446 0.227984 -0.926475 0.584312 -0.414192 -0.697871 0.711238 -0.0776622 -0.698648 0.655726 0.506287 -0.560086 0.668006 0.459913 -0.58502 0.63552 0.430239 -0.6411 -0.323032 0.783757 0.530448 -0.131258 0.85066 0.509067 0.38135 0.131998 0.914958 -0.297144 0.270233 0.915795 0.442369 0.495442 0.747561 0.916845 -0.141865 0.373188 0.436495 -0.761415 0.47929 -0.414885 -0.436132 0.798536 0.538481 0.84257 0.0106831 0.613871 0.761787 -0.206985 0.601407 0.749914 -0.27557 0.42626 0.882192 -0.2001 0.613435 0.710851 -0.344076 0.651899 0.610533 -0.449753 -0.0613751 0.973574 -0.219968 0.0354387 0.996354 -0.0776142 -0.323034 0.946185 0.0195678 -0.479056 0.856733 -0.191085 0.044245 0.992416 0.114682 -0.234882 0.969598 0.068624 -0.121664 0.955379 0.269162 -0.395561 0.893888 0.210943 -0.537043 0.843276 -0.0216933 0.972947 -0.0672473 -0.221024 0.679963 -0.710316 -0.181942 0.557629 -0.830007 -0.0117296 0.819655 -0.13167 -0.557521 0.594895 -0.639652 -0.48677 0.163414 -0.894255 -0.416659 0.121695 -0.939806 -0.319304 0.106154 -0.953777 -0.281143 -0.723515 0.690304 -0.00240041 -0.585992 0.801189 -0.121281 -0.351373 0.931878 0.090219 -0.53634 0.832198 0.140661 0.110445 0.621767 -0.775376 -0.141042 0.839813 -0.524235 -0.461815 0.660313 -0.592211 -0.0906301 0.469327 -0.878361 -0.545325 0.821088 -0.168624 -0.402051 0.862268 -0.307976 0.450245 0.885026 0.118356 0.303958 0.951898 -0.0387228 0.747874 0.657969 0.0880943 0.807743 0.544792 -0.225287 0.818842 -0.132092 -0.558614 0.821646 -0.132122 -0.554474 0.97374 -0.124033 -0.19091 0.731356 0.525614 -0.434567 0.451662 0.673794 0.584811 0.798255 0.503481 0.3306 0.528596 0.847589 -0.0466764 0.441549 0.895239 0.0598465 0.478558 0.863249 -0.16057 0.359967 0.91814 -0.165662 0.317421 0.212298 0.924215 0.798489 -0.0399317 0.600684 0.688931 0.711347 0.139138 0.468349 0.817664 0.334776 0.719132 0.686758 -0.105895 0.651865 0.71526 -0.251945 0.497005 0.787765 -0.363884 0.352777 0.920332 -0.16893 0.306692 0.925318 -0.222996 0.429228 0.880174 -0.202627 -0.041436 0.314555 -0.948334 0.352418 0.885285 -0.303433 0.397267 0.911425 0.10716 0.0460405 -0.991493 0.121744 -0.544112 -0.779082 0.311407 -0.120011 -0.95916 -0.256144 -0.549526 -0.816628 -0.176465 -0.908206 0.409593 0.0859978 -0.920397 0.382235 -0.0822543 -0.796947 0.57611 -0.181583 -0.859533 0.51096 0.0110845 0.870148 -0.42485 -0.249689 0.8283 -0.22553 -0.51289 -0.907039 0.410531 0.0935088 -0.339727 0.318543 0.884938 -0.626256 -0.0372248 0.778728 -0.279543 -0.313474 0.907519 -0.584376 0.625377 -0.517116 -0.897789 -0.0362789 0.43893 0.1966 0.840441 -0.504982 -0.652513 0.406328 0.639628 -0.802675 0.180161 0.568555 -0.921461 0.142323 0.361462 -0.361487 0.931134 -0.0481249 -0.203962 0.978897 -0.0126679 -0.740635 0.659588 -0.128078 -0.611758 0.788971 0.0572478 -0.479687 0.831052 0.281519 0.0441416 0.963275 0.264863 -0.885098 0.303195 0.353093 -0.948364 0.152993 0.277847 -0.993965 0.0308036 0.105287 -0.154392 0.987235 -0.039116 -0.970799 0.109355 0.21352 -0.970596 0.238141 0.0351103 -0.507714 0.860965 0.0310539 -0.944585 0.249847 0.212923 -0.906128 0.384658 0.175987 -0.286789 0.957968 -0.00707029 -0.898018 0.422224 -0.123651 -0.862341 0.425476 0.274479 -0.401825 0.915594 0.014983 -0.298986 0.903016 -0.308494 -0.426766 0.897461 0.111514 -0.308903 0.900187 -0.306988 -0.977078 -0.0416544 0.208766 -0.855136 -0.169344 0.489965 -0.983455 0.180641 0.0136319 -0.486312 0.87376 -0.00669882 -0.473363 0.744589 -0.470653 -0.606554 0.698985 -0.37883 -0.577645 0.815686 0.0313464 -0.951029 0.113182 0.287634 -0.995444 -0.0557715 0.0773416 -0.886982 0.339919 0.312598 -0.993788 0.0382703 0.104504 0.897864 -0.332535 0.288548 0.95867 0.0447671 0.280975 0.147528 -0.249387 -0.957101 -0.0140876 -0.704664 -0.709401 -0.0140809 -0.70465 -0.709416 -0.412972 -0.590552 -0.693327 -0.427855 -0.879043 -0.210294 -0.850654 0.282035 -0.443671 -0.841913 0.274161 -0.464777 -0.967522 -0.0140726 -0.252394 -0.975753 0.0225774 -0.217705 -0.193367 -0.0442848 -0.980127 -0.731594 0.151958 -0.66459 -0.902638 0.413617 0.119022 -0.4984 -0.147809 0.854254 -0.354305 0.590967 -0.724724 -0.0765047 -0.425391 0.90177 0.223961 0.0912182 0.97032 -0.132539 0.243614 0.960774 -0.465104 0.0297049 -0.884757 -0.386164 0.598245 -0.702125 -0.663021 0.629613 -0.404958 -0.0189811 0.471959 -0.881416 -0.290198 -0.0596107 -0.955108 -0.290198 -0.0596107 -0.955108 -0.60286 0.107569 -0.790562 -0.831758 0.291497 -0.472449 -0.977687 0.0272634 -0.208289 -0.44173 0.688194 0.575554 -0.378076 -0.611141 -0.695389 -0.60353 -0.489603 -0.629318 -0.429164 0.0105714 -0.903165 -0.429158 0.0105829 -0.903167 -0.853154 0.284341 -0.437354 -0.702941 0.415967 0.576927 0.269974 0.650219 0.710162 -0.0606231 0.723611 0.687541 0.751366 0.369142 0.546977 0.588647 -0.0991265 0.802289 0.588649 -0.099124 0.802289 0.287284 0.0610322 0.955899 -0.149977 0.263385 0.952961 -0.0538631 -0.703663 -0.708489 0.0157167 -0.706872 -0.707167 0.0748004 -0.210056 -0.974824 0.144144 -0.248075 -0.957957 -0.0194855 -0.182162 -0.983075 0.431963 0.852804 -0.293484 0.340659 0.877394 -0.337832 0.218668 0.767159 -0.603035 0.489822 0.684866 -0.539475 0.342555 -0.285169 -0.895173 0.343539 -0.285488 -0.894694 0.751453 -0.390482 -0.531829 -0.301504 -0.177863 -0.936728 -0.302293 -0.17745 -0.936552 0.284143 -0.416344 -0.863667 0.511145 0.434515 -0.741571 0.0668696 0.546024 -0.835096 -0.148257 0.159437 -0.976012 0.423317 -0.0641262 -0.903709 0.423032 0.528497 -0.736026 -0.0520057 0.562794 -0.82496 -0.551712 0.735338 0.393563 -0.646092 0.591255 0.482682 -0.160333 -0.65584 -0.737677 -0.108199 -0.659232 -0.744114 -0.42085 -0.139684 -0.896311 -0.240914 -0.0787477 -0.967346 0.118093 -0.514548 0.84929 0.224033 -0.549231 0.80508 0.371373 0.0231602 0.928195 0.378944 0.0154323 0.925291 -0.782875 0.616046 0.0871484 -0.801224 0.591084 0.0930544 0.229542 -0.465248 -0.854901 -0.293998 -0.127591 -0.947252 0.152839 -0.511065 0.845845 0.224751 -0.559241 0.797958 0.048551 -0.00687899 0.998797 0.162866 0.0970375 0.981865 0.650398 -0.336354 0.681064 0.262331 0.0791589 0.961725 0.796857 0.326248 0.508508 0.323457 0.419776 0.848035 0.768321 -0.34716 -0.537739 0.714963 -0.46015 -0.526393 0.93633 -0.315294 0.154516 0.92543 -0.312446 0.214378 -0.938271 0.30102 -0.170398 -0.692853 0.445866 0.566708 -0.641748 0.536019 0.548492 -0.961029 0.214113 -0.174867 0.112384 -0.324336 -0.939242 -0.592181 -0.0327281 -0.80514 -0.629706 0.0119912 -0.776741 0.0625304 -0.252844 -0.965484 -0.0206208 0.318061 0.947846 0.648421 -0.00394481 0.761271 0.58303 -0.0368007 0.811616 -0.0651384 0.349684 0.934601 0.552163 -0.0915675 0.828693 -0.121363 0.186666 0.974898 -0.604638 0.101828 -0.789964 0.0997854 -0.190506 -0.976601 -0.478179 0.873132 0.0947887 -0.744475 0.646803 0.165538 -0.958782 0.166804 0.230031 -0.952693 -0.189584 0.237558 -0.952696 -0.18956 0.237564 -0.958778 0.166801 0.23005 -0.744489 0.646733 0.165746 -0.478194 0.873121 0.0948157 0.515816 -0.145344 0.84428 -0.0375703 0.199658 0.979145 0.60504 -0.657768 -0.448629 0.851912 -0.445945 0.274554 -0.72883 0.369619 0.576359 -0.933704 0.329739 -0.139534 0.733941 -0.667459 -0.125816 0.717142 -0.555553 0.420796 -0.495124 0.565828 0.659311 -0.940956 0.253744 -0.224089 -0.567311 0.181256 -0.803308 0.00548646 0.0125541 -0.999906 0.730981 -0.416334 -0.540679 0.735836 -0.380313 -0.560275 0.715164 -0.237018 -0.657543 0.608829 -0.00577888 -0.79328 -0.0505948 0.349461 -0.935584 0.142501 0.65793 -0.739474 0.149509 0.667547 -0.729403 -0.0369227 0.373356 -0.926953 -0.391385 -0.421582 -0.817977 -0.461596 -0.70358 -0.540281 -0.460247 -0.69465 -0.552842 -0.383689 -0.398013 -0.833288 -0.923084 -0.167063 -0.346419 -0.548468 0.706122 -0.447855 -0.0409478 0.757782 -0.651222 -0.891014 0.116563 -0.438757 0.353011 0.511654 -0.783322 -0.767134 0.375409 -0.520167 0.557315 0.277264 -0.782639 -0.629026 0.478709 -0.612507 0.856037 0.138389 0.498045 0.0307672 0.867497 0.49649 0.466415 0.796579 0.384604 0.923276 -0.0408487 0.38196 0.874452 0.44056 0.203076 0.87782 -0.358674 0.317467 0.986889 -0.144109 0.0726823 0.701982 -0.662672 0.260935 0.692494 -0.721383 0.00760338 0.423149 -0.889765 0.171064 0.0968237 -0.995277 0.00697757 0.0543701 -0.995722 0.0747031 -0.544734 -0.838607 0.00188239 -0.347555 -0.937652 0.00375709 -0.941501 -0.331373 -0.0613779 -0.667769 -0.737 -0.104479 0.590346 -0.149277 -0.793226 0.849219 -0.172694 -0.499003 0.985582 -0.158559 0.0590539 0.891187 -0.118193 0.437967 0.815 -0.0969095 0.5713 0.814994 -0.0969104 0.571309 0.89118 -0.118212 0.437978 0.985575 -0.158606 0.0590356 0.849228 -0.172661 -0.498998 0.590336 -0.149307 -0.793228 0.461059 -0.133489 -0.877272 0.461039 -0.133484 -0.877283 -0.926396 0.29529 -0.233653 -0.848306 -0.469178 -0.245455 -0.829382 -0.531957 -0.170726 -0.952035 -0.205973 -0.226284 -0.630596 0.671355 -0.389398 -0.964622 0.209561 -0.159962 -0.946217 0.0905623 -0.310599 -0.846776 0.357918 -0.393529 -0.723635 0.499079 -0.476731 0.942525 -0.14854 0.299304 0.922163 0.046188 0.384034 0.849732 -0.458636 0.260015 0.627137 -0.739149 0.245677 0.346923 -0.919049 0.187064 0.000973303 -0.992361 0.123362 -0.372691 -0.924869 0.075626 -0.639117 -0.766846 -0.0589704 0.374512 0.768644 0.518582 0.784572 0.504494 0.36046 0.771507 0.459988 0.439531 0.390282 0.704654 0.592574 0.314338 0.512916 -0.798817 -0.0947327 0.757918 -0.645435 -0.449443 -0.889558 0.081781 0.227745 -0.967298 0.111658 0.974744 -0.0188979 0.222522 0.527724 0.308803 -0.791295 -0.920313 -0.390561 -0.0220295 0.785063 -0.601849 0.146474 0.0507022 0.852597 0.520104 0.961613 -0.0589899 0.267995 0.795036 -0.475328 0.376804 0.852056 -0.119552 0.509615 -0.561861 0.622176 -0.545169 -0.926106 0.229743 -0.299241 0.240499 0.45023 -0.859915 -0.0983714 0.658606 -0.746031 -0.516884 -0.856024 -0.0073657 0.169931 -0.982146 0.0807046 0.42538 0.215575 -0.878965 -0.92687 -0.354575 -0.123244 0.753883 -0.637309 0.159679 0.0696468 0.783136 0.617938 -0.869017 0.111759 -0.481996 -0.927745 -0.23184 -0.292471 -0.481333 0.408747 -0.775399 -0.688884 0.325981 -0.647437 -0.355682 0.313808 -0.880349 -0.773549 -0.623339 -0.114326 -0.40142 -0.915528 0.0258876 0.527492 -0.810812 0.253645 0.764802 0.160621 0.623922 0.603983 0.335097 0.723128 0.0847849 -0.985492 0.147029 0.930588 0.343088 -0.127655 0.935161 0.342663 -0.0897526 0.93516 0.342664 -0.0897654 0.930502 0.34334 -0.12761 0.919087 0.343349 -0.193368 0.900724 0.341414 -0.268576 0.880554 0.33815 -0.332085 0.867252 0.33563 -0.367732 0.867288 0.335531 -0.367738 0.880597 0.33801 -0.332111 0.900966 0.340658 -0.268723 0.919129 0.343234 -0.193373 -0.941419 -0.0360368 -0.335309 -0.921402 -0.290004 -0.258682 -0.983662 -0.144295 0.107644 -0.937842 -0.321224 0.131407 -0.897996 0.182186 -0.400513 -0.990314 0.105921 0.089772 -0.882781 0.204617 -0.422882 -0.988365 0.120276 0.093106 0.844645 -0.363174 0.393292 0.882599 -0.205186 0.422987 0.724881 -0.688805 -0.00977796 0.818886 -0.572842 -0.0357321 0.726061 -0.583287 0.364159 0.574066 -0.818686 0.0141681 0.533384 -0.782153 0.322083 0.362926 -0.930824 0.0430373 0.276278 -0.92707 0.253399 0.111854 -0.990959 0.0740902 -0.0325124 -0.986612 0.159814 -0.162225 -0.981071 0.105744 -0.34742 -0.936672 0.0441106 -0.432355 -0.891805 0.13324 -0.617008 -0.783306 -0.0757135 -0.668566 -0.728256 0.150541 -0.81311 -0.554898 -0.1759 -0.847769 -0.507552 0.153879 -0.936102 -0.138891 -0.323145 -0.581722 0.700876 -0.412761 -0.0646938 0.774417 -0.629359 -0.893779 0.149738 -0.422775 0.342586 0.540788 -0.768234 -0.756786 0.407832 -0.510831 0.56014 0.303845 -0.770663 -0.609387 0.505276 -0.611018 0.847587 0.0555387 0.527742 -0.00860973 0.838041 0.545539 0.42072 0.796882 0.433559 0.901594 -0.0955023 0.421908 0.851107 0.466324 0.241161 0.848332 -0.389332 0.358822 0.988423 -0.110294 0.104193 0.680679 -0.672155 0.291347 0.735696 -0.674959 0.0564009 0.395555 -0.892388 0.217211 0.16784 -0.984108 0.0579737 0.0182733 -0.989389 0.144138 -0.493603 -0.868374 0.0477861 -0.380309 -0.922218 0.0698468 -0.921259 -0.388936 -0.00315769 -0.707208 -0.706422 -0.0287018 -0.648574 0.62202 0.438683 -0.784905 0.607978 -0.119527 -0.729143 0.481055 -0.486761 -0.675443 0.409442 -0.613298 -0.675466 0.409423 -0.613285 -0.729183 0.481008 -0.486748 -0.784955 0.607919 -0.119497 -0.648572 0.622041 0.438656 -0.428348 0.512131 0.744473 -0.321519 0.445998 0.835291 -0.321544 0.445977 0.835293 -0.428332 0.512123 0.744488 -0.954105 0.246354 -0.170276 -0.884782 -0.427841 -0.184696 -0.858665 -0.495433 -0.131307 -0.952745 -0.204044 -0.225042 -0.660537 0.663794 -0.350811 -0.966178 0.206047 -0.155063 -0.946509 0.133222 -0.293891 -0.834383 0.393352 -0.386107 -0.707626 0.52123 -0.477058 0.921382 -0.203663 0.331024 0.913128 -0.0336599 0.406281 0.821695 -0.489561 0.2918 0.614041 -0.745302 0.259768 0.332386 -0.920735 0.204368 -0.0252212 -0.987139 0.157861 -0.399683 -0.909475 0.114494 -0.685639 -0.727903 0.00748183 0.333252 0.760837 0.556839 0.75105 0.525594 0.399594 0.737479 0.47613 0.478983 0.360877 0.695879 0.620903 0.302832 0.547037 -0.780412 -0.130883 0.782869 -0.608265 -0.428116 -0.898055 0.101064 0.25582 -0.957353 0.134282 0.964404 0.0242488 0.263319 0.531111 0.336945 -0.777424 -0.908215 -0.418392 0.00972208 0.80141 -0.572376 0.17357 0.0218206 0.829119 0.558646 0.949237 -0.0178923 0.314051 0.7857 -0.474017 0.397472 0.836941 -0.126178 0.53255 -0.601422 0.622588 -0.500675 -0.937609 0.214949 -0.273289 0.233766 0.477366 -0.847039 -0.117891 0.676746 -0.726716 -0.484099 -0.874416 0.0323362 0.201889 -0.972917 0.112574 0.431904 0.242064 -0.868829 -0.920998 -0.378498 -0.092204 0.771679 -0.605054 0.196015 0.0539219 0.765767 0.640854 -0.882403 0.130001 -0.452177 -0.945596 -0.219813 -0.239855 -0.476345 0.438557 -0.762078 -0.694495 0.348523 -0.629451 -0.339216 0.341029 -0.876716 -0.782584 -0.619638 -0.0600897 -0.403928 -0.910623 0.0872286 0.520487 -0.804361 0.286525 0.749557 0.140544 0.646847 0.599477 0.309797 0.738006 0.0823781 -0.977809 0.192623 0.930387 0.343671 -0.127554 0.935196 0.342565 -0.0897628 0.935232 0.342465 -0.0897698 0.930563 0.343176 -0.127602 0.919144 0.343204 -0.193355 0.900767 0.341306 -0.268567 0.880607 0.338016 -0.332079 0.867329 0.335425 -0.367738 0.867344 0.335368 -0.367754 0.88062 0.33794 -0.332123 0.900634 0.34171 -0.268502 0.919119 0.343263 -0.193366 -0.944837 -0.0118032 -0.327329 -0.932838 -0.265423 -0.243648 -0.987549 -0.112406 0.110057 -0.945321 -0.296662 0.135502 -0.893114 0.211181 -0.397178 -0.986209 0.139527 0.0890159 -0.873148 0.233272 -0.428014 -0.984199 0.152576 0.0898428 0.828434 -0.386818 0.405054 0.872572 -0.234904 0.428296 0.701971 -0.7122 -0.00275135 0.798317 -0.601436 -0.0310731 0.71092 -0.594331 0.375983 0.574855 -0.818138 0.0138885 0.515193 -0.787514 0.338226 0.374057 -0.926592 0.0388466 0.24712 -0.926383 0.284161 0.0820729 -0.992944 0.0855969 -0.0638631 -0.977946 0.198856 -0.190349 -0.974723 0.116976 -0.376707 -0.922579 0.0833047 -0.454416 -0.879331 0.14242 -0.643021 -0.764675 -0.042373 -0.684446 -0.71183 0.157583 -0.834769 -0.529921 -0.149477 -0.861066 -0.482491 0.160526 -0.823853 -0.320632 -0.467399 -0.398225 0.710022 -0.580763 -0.0746983 0.781136 -0.619876 -0.839984 -0.11203 -0.53092 0.470623 0.643043 0.60416 -0.631939 0.303897 0.712951 -0.384081 0.676813 0.628017 0.607724 0.640056 0.470106 0.0977182 0.908136 0.407113 0.819672 0.463833 0.336151 0.635811 0.75534 0.158763 0.962485 0.191036 0.192685 0.96773 0.245791 -0.0555543 0.987146 -0.151656 0.0504322 0.906572 -0.387093 -0.168184 0.861206 -0.501347 -0.0835199 0.456142 -0.866695 -0.201927 0.586562 -0.789017 -0.18275 -0.217941 -0.952361 -0.213332 0.243476 -0.919379 -0.308968 -0.760854 -0.603476 -0.238575 -0.115337 -0.916807 -0.382311 -0.950921 -0.0600759 -0.303546 -0.437243 -0.797184 -0.416312 0.23565 0.492175 -0.837993 0.235687 0.492136 -0.838006 0.328697 0.577071 -0.747628 0.52517 0.726875 -0.442548 0.661511 0.740981 0.115547 0.629516 0.60817 0.483569 0.589632 0.528718 0.610566 0.589629 0.528733 0.610557 0.629524 0.60816 0.483571 0.661487 0.740996 0.115582 0.525093 0.727016 -0.442408 0.328675 0.577081 -0.74763 -0.790166 0.439202 -0.427481 -0.665883 -0.592803 -0.452973 -0.646687 -0.67801 -0.349425 -0.848086 -0.39962 -0.347929 -0.42909 0.682475 -0.591701 -0.820604 0.389204 -0.418483 -0.898056 -0.182071 -0.400431 0.69206 0.625972 0.359462 0.544475 0.693071 0.47244 0.879694 0.405862 0.24782 0.984095 0.11747 0.133261 0.975047 -0.219973 0.0299174 0.835482 -0.545844 -0.0634377 0.580141 -0.801061 -0.147439 0.275642 -0.927277 -0.253336 -0.065217 -0.949764 -0.306095 -0.395845 -0.85938 -0.323688 0.538949 0.773474 0.333576 0.934381 0.342309 0.0987728 0.945919 0.302639 0.116819 0.564257 0.73134 0.383086 -0.380862 0.577183 0.72236 -0.612743 0.349463 0.708817 -0.69605 -0.693583 -0.185628 -0.125027 -0.978368 -0.164816 0.951699 -0.29994 -0.065612 0.0187069 0.826449 0.5627 -0.950245 -0.130931 -0.282651 0.523779 -0.838145 -0.152215 -0.120781 0.776128 -0.618899 0.93239 -0.348138 -0.0972026 0.890133 -0.454284 -0.0359024 0.990208 -0.014903 0.138804 -0.400848 0.601862 -0.690712 -0.739516 0.374159 -0.559572 -0.30505 0.556081 0.773122 -0.534384 0.32847 0.778808 -0.715821 -0.623959 -0.31349 -0.177724 -0.950569 -0.254624 0.062726 0.775585 0.628119 -0.90029 -0.0775298 -0.42833 0.468418 -0.856338 -0.217417 -0.102569 0.662559 -0.741954 -0.734675 -0.025494 -0.67794 -0.749043 -0.289171 -0.596084 0.357488 0.59822 0.717172 0.14133 0.533268 0.834057 0.620115 0.551202 0.558242 -0.636951 -0.592228 -0.493517 -0.343547 -0.854892 -0.388762 0.561112 -0.810191 -0.169538 0.868071 0.354337 0.347704 0.0978655 -0.957055 -0.27289 -0.194589 -0.978004 -0.075124 -0.18651 -0.981717 -0.0380342 -0.17154 -0.984811 0.0268649 -0.152991 -0.982943 0.102059 -0.136473 -0.976571 0.166384 -0.126743 -0.970971 0.202861 -0.126627 -0.970996 0.202813 -0.136361 -0.976591 0.166363 -0.153047 -0.982934 0.10207 -0.171097 -0.984891 0.026764 -0.185993 -0.981808 -0.0382016 -0.194559 -0.97801 -0.0751266 -0.589532 0.064029 -0.805203 -0.71005 -0.543438 -0.447777 -0.701757 -0.572171 -0.424449 -0.613483 -0.789334 0.0243073 -0.544442 -0.838793 0.00299887 0.808143 0.446593 0.384004 0.702128 0.552927 0.448652 0.96308 0.253255 -0.0913216 0.913352 0.398465 -0.0837528 0.923043 0.243522 0.297805 0.992451 0.0562411 -0.108982 0.980081 -0.0121487 0.198224 0.977468 -0.169231 -0.126166 0.950913 -0.297158 0.0863738 0.898708 -0.418127 -0.132266 0.819531 -0.571781 -0.0378809 0.739213 -0.662759 -0.119644 0.593038 -0.787491 -0.16782 0.525509 -0.844932 -0.0996561 0.298749 -0.914657 -0.27231 0.265847 -0.961479 -0.0698855 -0.01038 -0.938279 -0.345723 -0.0143771 -0.99927 -0.0354038 -0.297941 -0.872893 -0.38638 -0.279382 -0.960169 -0.00449429 -0.534766 -0.739539 -0.408789 -0.438773 -0.898596 -0.00187608 0.832334 -0.552438 -0.0450798 0.717729 -0.689357 0.0982388 0.552983 -0.682209 0.47833 0.702167 -0.629176 0.333314 0.698517 0.592118 -0.401834 0.0932444 0.676005 -0.730974 0.717699 0.107381 -0.688025 0.788276 0.20209 -0.581189 -0.330309 0.76949 -0.546608 -0.775092 0.327352 -0.540438 -0.758621 0.390498 -0.521542 -0.813669 0.559901 -0.156373 -0.915289 0.362921 -0.17474 -0.96151 0.205095 -0.182853 -0.982449 -0.0162971 -0.185819 -0.982458 -0.0162548 -0.185775 -0.961548 0.205057 -0.182694 -0.915291 0.362913 -0.174747 -0.813673 0.559896 -0.156374 0.982539 -0.158821 -0.0969194 0.80958 -0.472992 0.347647 -0.952861 0.284576 -0.105224 -0.95901 0.278194 0.053921 -0.959018 0.278161 0.0539423 -0.952894 0.284467 -0.105219 -0.925011 0.283868 -0.252533 -0.872596 0.276188 -0.402861 -0.8726 0.276175 -0.40286 -0.925018 0.283864 -0.252513 -0.984347 0.176162 0.00538114 -0.997833 -0.0654119 -0.00705851 -0.548496 -0.681293 0.484759 -0.79648 -0.109433 0.59468 -0.354341 0.388717 -0.850495 -0.852453 0.385504 -0.353144 -0.954204 -0.0547753 -0.294098 0.755655 -0.515636 0.403863 0.941692 -0.0134845 0.336207 0.897125 -0.0140091 -0.441555 0.680924 0.3704 -0.631781 0.405088 0.748661 -0.524795 0.669118 -0.629743 0.394594 0.152049 -0.932216 0.328412 0.0813699 -0.978628 0.188854 0.880215 0.413054 -0.233683 0.998923 0.0440759 -0.0144791 0.554066 0.317737 -0.769451 0.295312 -0.658455 0.692263 0.196233 -0.553824 0.80918 0.0187143 -0.46698 0.88407 0.960651 -0.221847 -0.167133 -0.737273 -0.673135 -0.057598 0.840815 -0.174348 0.512478 0.492225 -0.463456 0.736833 -0.0214259 -0.268826 0.96295 -0.8006 0.196773 0.565969 -0.956985 0.29006 -0.00667869 -0.89484 0.263148 -0.360574 -0.54446 0.217249 -0.810164 0.358199 0.208587 -0.910047 0.6077 0.287324 -0.740369 -0.585074 0.784049 -0.207257 -0.921773 0.299387 -0.246377 -0.957181 -0.136536 -0.255272 -0.754966 -0.637289 -0.154559 -0.0270936 -0.994157 0.104484 0.562448 -0.787121 0.253165 0.432875 0.868167 -0.242703 0.207114 0.963857 -0.167582 0.655931 -0.52021 0.546933 0.727122 -0.599654 0.334229 0.999696 0.0188316 -0.0159069 0.920952 0.117681 0.371481 0.819854 0.228844 0.524852 0.972915 0.181852 0.142713 0.280682 -0.834219 -0.474654 0.57118 -0.539049 -0.619015 0.565633 -0.411721 -0.714525 -0.265244 -0.547789 -0.793456 -0.834881 0.130242 -0.5348 -0.814193 0.193777 -0.547302 -0.67741 -0.415344 -0.607129 0.259605 0.27495 -0.925747 0.0960747 -0.283135 -0.954256 0.0344526 -0.448343 -0.893197 0.0344514 -0.448338 -0.8932 0.0960876 -0.283135 -0.954254 0.259576 0.274943 -0.925757 0.294914 0.44077 -0.847789 0.294922 0.440764 -0.84779 0.91575 -0.386821 -0.108495 0.926962 -0.0722949 0.368124 -0.952863 0.284592 -0.105168 -0.924997 0.28394 -0.252505 -0.872591 0.276208 -0.402857 -0.872602 0.276172 -0.402859 -0.925037 0.283815 -0.252498 -0.952887 0.284498 -0.105201 -0.959014 0.278179 0.053923 -0.95901 0.278189 0.0539488 -0.924188 0.381607 0.0159151 -0.628322 0.46459 0.623994 -0.108629 0.820344 0.561458 -0.805095 0.59255 0.0265838 -0.484428 -0.0551853 -0.873089 -0.915856 0.169105 -0.364158 -0.766214 0.587078 -0.261257 0.902959 -0.0127663 0.429537 0.791219 -0.527122 0.310025 0.775361 -0.429735 -0.462757 -0.047326 -0.795882 -0.6036 0.391585 -0.617483 -0.682185 0.891686 0.130288 0.4335 0.590044 0.75812 0.277672 0.620848 0.668087 0.410132 0.525505 -0.79781 -0.295539 0.316791 -0.492161 -0.810815 0.818061 -0.573288 -0.046006 0.584154 0.327508 0.742632 0.441125 0.282262 0.851902 0.242831 0.29811 0.923127 0.933184 -0.315626 -0.171894 -0.257231 0.965992 0.0262929 0.787975 -0.354601 0.503343 0.64381 0.0540875 0.763271 0.100114 0.146383 0.984149 -0.795903 0.213125 0.566671 -0.962087 0.272647 -0.00727371 -0.88548 0.295104 -0.358942 -0.553651 0.187047 -0.81147 0.214446 -0.282119 -0.935105 0.377579 -0.498271 -0.780487 -0.909175 -0.322204 -0.26379 -0.930759 0.268693 -0.247975 -0.725819 0.653455 -0.214903 -0.289075 0.954503 -0.0732081 0.509208 0.837544 0.198059 0.890404 0.332917 0.310398 -0.0960129 -0.937355 -0.334884 -0.339617 -0.903083 -0.262871 0.817372 0.0314178 0.575253 0.926025 0.0796426 0.368966 -0.476171 -0.424624 -0.770036 -0.179761 0.682821 -0.708125 0.0974026 0.785838 -0.610714 -0.502641 -0.230565 -0.833181 0.140435 0.624135 0.768592 -0.894713 0.0957309 0.436262 -0.742695 0.484331 0.462414 0.304708 0.619372 0.723555 -0.269701 0.85652 0.44004 0.543411 0.477742 0.690266 0.361468 0.829955 0.424871 0.751097 0.262403 0.605804 0.84074 0.396547 0.368655 0.882115 -0.0367839 0.469596 0.942313 -0.240975 0.232328 0.874378 -0.384879 0.295519 0.615475 -0.788144 -0.00452194 0.717916 -0.690997 0.0843753 0.0269109 -0.957696 -0.286519 0.469628 -0.867873 -0.162004 -0.503453 -0.675402 -0.538858 0.207049 -0.891903 -0.402044 -0.708061 -0.126143 -0.694793 -0.0429165 -0.81358 -0.579866 -0.855811 0.501343 0.127447 -0.749671 0.499054 -0.434671 -0.531445 0.40176 -0.745758 -0.419606 0.344667 -0.839724 -0.41891 0.344297 -0.840222 -0.530145 0.40106 -0.747059 -0.749319 0.498891 -0.435463 -0.855854 0.501492 0.12657 -0.76653 0.407154 0.496647 -0.696804 0.351052 0.625482 -0.69634 0.350704 0.626192 -0.765771 0.406507 0.498344 -0.547463 0.390723 -0.740013 -0.272949 -0.66232 -0.697733 -0.301366 -0.750079 -0.588694 -0.534336 -0.515425 -0.669942 -0.237282 0.648633 -0.723169 -0.611338 0.307929 -0.729004 -0.597533 -0.316894 -0.736568 0.424274 0.638415 0.642198 0.235052 0.706615 0.667418 0.64817 0.436894 0.623698 0.808967 0.187853 0.557031 0.887354 -0.112719 0.4471 0.84186 -0.443411 0.307665 0.68097 -0.721061 0.127871 0.456631 -0.885228 -0.0886542 0.220288 -0.926528 -0.30499 -0.0277246 -0.880506 -0.473223 0.19085 0.816819 0.54441 0.716941 0.482496 0.503183 0.742035 0.431923 0.512666 0.208271 0.773508 0.598588 -0.737847 0.431012 0.519433 -0.890211 0.186887 0.415449 -0.456158 -0.756482 -0.468673 0.0991329 -0.975315 -0.197314 0.923235 -0.143151 0.356574 -0.37147 0.758941 0.534807 -0.720199 -0.233839 -0.653171 0.665494 -0.739805 0.0990275 0.01294 0.788987 -0.614274 0.928397 -0.201137 0.312446 0.877579 -0.328208 0.349476 0.827091 0.103842 0.552392 -0.179573 0.578043 -0.796003 -0.498276 0.297363 -0.81443 -0.682819 0.419514 0.598135 -0.840013 0.170819 0.514975 -0.4274 -0.687525 -0.587059 0.075659 -0.94464 -0.319267 -0.341672 0.714097 0.611003 -0.631762 -0.186581 -0.752373 0.640594 -0.767848 0.00698455 0.0886566 0.692816 -0.715644 -0.383006 -0.0889315 -0.919455 -0.390412 -0.355664 -0.849165 -0.0464266 0.561264 0.826334 -0.259222 0.471198 0.843076 0.245462 0.573286 0.781724 -0.286586 -0.646078 -0.707426 -0.024698 -0.872011 -0.488862 0.696753 -0.712886 0.0795603 0.575113 0.429174 0.696458 0.349326 -0.911499 -0.217121 0.000631673 -0.990009 -0.141005 -0.00650203 -0.994553 -0.104026 -0.0188286 -0.999073 -0.0387186 -0.0332171 -0.998746 0.037448 -0.0454164 -0.993652 0.102928 -0.052253 -0.988781 0.139933 -0.0522249 -0.988795 0.139843 -0.0453069 -0.993666 0.102839 -0.0330835 -0.998747 0.037563 -0.0188129 -0.999077 -0.0386034 -0.006278 -0.994555 -0.104025 0.000829443 -0.990002 -0.14105 -0.23412 0.0500852 -0.970917 -0.409745 -0.579862 -0.70418 -0.397497 -0.626456 -0.670484 -0.446272 -0.866332 -0.2243 -0.479118 -0.846366 -0.232614 0.519355 0.507337 0.687662 0.394762 0.594568 0.700465 0.839067 0.452023 0.302724 0.778358 0.555187 0.293132 0.677671 0.334281 0.654994 0.920982 0.245981 0.302135 0.799895 0.0861093 0.59393 0.955282 -0.0560382 0.290338 0.853787 -0.191493 0.484125 0.91349 -0.317722 0.254142 0.831676 -0.458849 0.312686 0.801638 -0.563182 0.200503 0.720366 -0.686727 0.0973634 0.625395 -0.769056 0.132037 0.517145 -0.847794 -0.1175 0.409595 -0.910714 0.0532214 0.261684 -0.914707 -0.30795 0.151066 -0.988053 -0.0304952 0.00378138 -0.885357 -0.464896 -0.137279 -0.983937 -0.114115 -0.219341 -0.780314 -0.585661 -0.353274 -0.917011 -0.185168 -0.176941 0.678601 0.712877 -0.816442 -0.335919 0.46966 -0.884691 0.0491236 0.463583 -0.0312245 0.740748 0.671057 -0.698039 0.59199 0.402853 0.25038 0.70583 0.662657 -0.134855 0.924678 0.356069 0.521599 0.609038 0.597501 0.524757 0.792284 0.311313 0.775062 0.426438 0.466294 0.940061 0.263123 0.216912 0.94711 0.135404 0.290944 0.920883 -0.387122 0.0459346 0.969507 -0.220642 0.106649 0.503553 -0.842211 -0.192655 0.838074 -0.537799 -0.0916695 -0.0795509 -0.893411 -0.442141 0.607311 -0.735971 -0.299199 -0.53443 -0.544195 -0.646712 0.354499 -0.797378 -0.488383 -0.654665 -0.00539774 -0.7559 0.100785 -0.773577 -0.625637 0.855872 -0.501204 -0.127579 0.749706 -0.499029 0.434639 0.531506 -0.401719 0.745737 0.419597 -0.344677 0.839724 0.418909 -0.3443 0.840222 0.530161 -0.401085 0.747034 0.749317 -0.498921 0.435432 0.855869 -0.501474 -0.12654 0.766538 -0.407147 -0.49664 0.69681 -0.351044 -0.625479 0.696349 -0.350684 -0.626194 0.765775 -0.406493 -0.49835 -0.453048 0.451522 -0.768684 -0.159789 -0.675314 -0.720013 -0.253528 0.676484 -0.691442 -0.283766 -0.535056 -0.795733 -0.177269 -0.774142 -0.607684 -0.348526 -0.635987 -0.688513 -0.358994 0.63357 -0.685356 -0.502722 0.383159 -0.774893 0.0581043 0.813058 0.579276 -0.135623 0.787849 0.60075 0.359219 0.726315 0.586028 0.610907 0.57929 0.539644 0.818592 0.372659 0.437072 0.949854 0.0868187 0.300399 0.956912 -0.248502 0.150218 0.83378 -0.551805 -0.0179136 0.63194 -0.746973 -0.206597 0.398108 -0.835163 -0.37949 0.127124 -0.850906 -0.509703 0.365009 0.818356 0.443917 0.855317 0.372927 0.359664 0.885895 0.324914 0.331089 0.398995 0.787749 0.469312 -0.713093 0.512999 0.477839 -0.861582 0.0462639 0.505506 -0.498551 -0.606633 -0.619228 -0.0145698 -0.921673 -0.387693 0.941013 -0.294935 0.165853 -0.255696 0.847905 0.464411 -0.662995 -0.0909074 -0.743084 0.572132 -0.813354 -0.105455 -0.865744 -0.248116 0.434657 0.937317 -0.337327 0.0874526 0.952829 -0.272176 0.134304 0.918007 0.177325 0.354711 -0.25842 0.576995 -0.774788 -0.420469 0.340057 -0.84117 -0.665471 0.497673 0.5563 -0.810804 0.0752369 0.580462 -0.440634 -0.536658 -0.719611 -0.018204 -0.861633 -0.507205 -0.22188 0.821983 0.524513 -0.558717 -0.0582139 -0.827312 0.544081 -0.809815 -0.219492 -0.818592 -0.223264 0.529207 -0.204608 -0.162245 -0.965304 -0.270669 -0.35044 -0.896621 -0.0827341 0.676797 0.731506 -0.326588 0.53266 0.780778 0.272185 0.715891 0.642974 -0.143575 -0.578268 -0.803114 0.0800291 -0.772841 -0.629533 0.754812 -0.642861 -0.130339 0.654614 0.54398 0.524944 0.41783 -0.815689 -0.400087 -0.000885379 0.990017 0.140946 0.00616426 0.994566 0.103924 0.0186409 0.999079 0.0386544 0.033045 0.99875 -0.0375069 0.0452672 0.993654 -0.102969 0.0521249 0.988784 -0.139962 0.052171 0.988797 -0.139851 0.0453354 0.993665 -0.102837 0.032991 0.998749 -0.0375671 0.0185913 0.999082 0.0385935 0.00620377 0.994556 0.104019 -0.000979451 0.990005 0.141027 -0.467296 0.358545 0.808134 0.19341 0.754362 0.62732 0.0425954 0.772472 0.633618 0.497599 0.834513 0.236609 0.395249 0.891959 0.219519 0.413707 0.678751 0.606749 0.654103 0.714702 0.247688 0.639615 0.52514 0.561356 0.835475 0.48339 0.261373 0.826853 0.295847 0.478319 0.946233 0.194806 0.258252 0.940779 0.0289041 0.337786 0.969978 -0.0785547 0.230155 0.959136 -0.241926 0.146728 0.918509 -0.349145 0.185578 0.86952 -0.491066 -0.0528156 0.798943 -0.587969 0.126421 0.686089 -0.69054 -0.22899 0.637505 -0.768298 0.0574926 0.448134 -0.80949 -0.379344 0.414763 -0.909796 -0.0155988 0.202349 -0.839737 -0.503883 0.143791 -0.985484 -0.0902573 -0.0292382 -0.800232 -0.598977 -0.0173359 -0.989459 -0.143769 -0.0553772 -0.769238 -0.636558 -0.026438 -0.988761 -0.147151 -0.970402 0.210891 -0.117666 -0.943507 0.158567 -0.290949 -0.596055 -0.0816869 -0.798778 -0.887838 0.0264747 -0.459394 -0.0480615 -0.378015 -0.924551 -0.697054 -0.186371 -0.692374 0.415557 -0.647095 -0.639202 -0.468723 -0.392739 -0.791236 0.57839 -0.805796 -0.127112 -0.224082 -0.554114 -0.801714 0.41976 -0.836778 0.351574 0.0248102 -0.680452 -0.732372 0.254985 -0.757561 0.600902 0.150454 -0.776729 -0.611601 0.306396 0.642606 0.702267 0.824479 0.416243 -0.383375 0.926912 0.37521 -0.00717205 0.165184 0.608831 0.775912 0.784957 0.292524 0.546143 -0.118217 0.628842 0.768494 0.25211 0.273291 0.928306 -0.402822 0.596852 0.693904 -0.418906 0.298333 0.857622 -0.683566 0.502144 0.529706 0.0733051 -0.767273 -0.637118 0.073821 -0.766709 -0.637736 0.15038 -0.668356 -0.728482 0.325733 -0.351377 -0.877743 0.487769 0.202251 -0.849221 0.506344 0.548776 -0.665177 0.492294 0.662931 -0.564065 0.492428 0.662244 -0.564754 0.506467 0.547168 -0.666407 0.487643 0.201291 -0.849522 0.325307 -0.352144 -0.877593 0.149379 -0.669774 -0.727385 -0.886909 0.281376 0.366359 -0.898012 0.364251 0.246772 -0.902305 0.38801 0.187865 -0.952639 0.262788 -0.15304 -0.942178 0.280748 -0.182976 -0.770757 0.415252 0.483217 -0.877674 0.0997024 -0.468773 -0.71418 -0.0923976 -0.693837 -0.506121 -0.278838 -0.816144 -0.253883 -0.432539 -0.865132 0.0349963 -0.563303 -0.825509 0.208102 -0.667763 -0.714693 0.0723679 0.52205 0.849839 0.263681 0.527435 0.807641 -0.232342 0.561925 0.793887 -0.499767 0.549689 0.669383 -0.73481 0.48563 0.473516 0.575176 -0.792979 -0.200889 0.4491 -0.845921 0.287624 0.359068 -0.900153 0.246567 0.466646 -0.869077 -0.164154 -0.107897 -0.319093 -0.941561 -0.652006 0.00757866 -0.758176 0.376495 0.376081 0.846649 0.800174 0.3717 0.470701 0.335262 -0.762906 0.552788 0.377645 -0.614687 -0.692492 -0.237851 0.417495 0.876998 0.90675 0.421589 -0.00821842 0.87683 0.372257 -0.304293 0.224821 -0.836935 0.498994 0.0878784 -0.965695 -0.244358 0.142673 -0.891028 -0.430945 -0.951573 0.186169 -0.244641 -0.821535 0.379201 0.425777 -0.109421 -0.44478 -0.88893 -0.631342 -0.117748 -0.766513 0.344211 0.439124 0.829872 0.759127 0.454505 0.465995 0.317116 -0.715759 -0.622195 -0.286316 0.439437 0.851422 0.867214 0.496869 0.0325622 0.84202 0.46793 -0.26841 -0.958951 0.230003 -0.165863 -0.861455 0.416471 0.290598 -0.528211 -0.300616 -0.794117 -0.821108 -0.0200714 -0.57042 -0.211737 -0.561757 -0.799748 -0.550397 0.534361 0.6415 -0.141776 0.608363 0.780893 0.448694 0.706896 0.546782 0.574428 0.734206 0.361904 0.00977738 -0.769149 -0.638994 0.215824 0.668642 0.711574 0.850372 -0.310977 0.424454 0.872161 -0.237323 0.427801 0.886883 -0.172462 0.428598 0.893283 -0.134945 0.42876 0.893235 -0.135032 0.428834 0.886751 -0.172609 0.42881 0.872312 -0.237248 0.427533 0.850717 -0.310868 0.423841 0.828014 -0.373101 0.418556 0.813338 -0.408032 0.414718 0.813296 -0.40795 0.414882 0.828015 -0.372971 0.418669 -0.911616 0.0630107 -0.406184 -0.957982 0.251578 -0.137765 -0.832856 0.241515 -0.498017 -0.923938 0.293731 -0.245074 -0.765111 -0.114102 -0.633708 -0.695867 0.171425 -0.697411 -0.554576 -0.276567 -0.784829 -0.495715 0.0887796 -0.863936 -0.32604 -0.420764 -0.846555 -0.242665 -0.00437582 -0.9701 -0.1052 -0.539071 -0.835665 -0.0889912 -0.0717878 -0.993442 -0.0790077 -0.580844 -0.810171 -0.0789239 -0.0763361 -0.993954 -0.0618699 0.586142 0.807843 0.0894492 0.577281 0.811631 -0.395294 0.220188 0.891774 -0.290692 0.189664 0.93783 -0.288375 0.590911 0.753435 -0.55912 0.253841 0.789272 -0.531026 0.578045 0.619577 -0.758443 0.300803 0.578171 -0.745563 0.530004 0.404019 -0.894747 0.328902 0.302078 -0.896435 0.419959 0.141554 -0.945878 0.323012 0.031279 -0.305458 -0.643073 -0.702248 -0.161836 -0.611577 -0.774456 -0.918413 -0.394147 0.034146 -0.816454 -0.425435 0.390394 0.130441 -0.645142 -0.752846 -0.804547 -0.321126 -0.499582 0.407294 -0.613873 -0.676218 -0.271253 -0.284264 -0.919574 0.682729 -0.51891 -0.514406 0.402271 -0.30828 -0.862057 0.894684 -0.381015 -0.233168 0.878394 -0.292659 -0.377856 0.96588 -0.224566 0.129016 0.944531 -0.17152 0.280074 0.881215 -0.0388165 0.471119 0.603929 0.0668069 0.794233 0.686371 0.174976 0.705888 0.0579719 0.361402 0.930606 0.45227 0.384073 0.804947 -0.411417 0.630124 0.658544 0.214329 0.55206 0.805787 -0.585698 0.797597 0.144212 -0.919582 -0.391703 0.03063 -0.847602 -0.530379 0.0164062 -0.847062 -0.531244 0.0163026 -0.918808 -0.393533 0.0303859 -0.998028 -0.0095604 0.0620426 -0.837706 0.538645 0.0900592 -0.564611 0.820163 0.0924465 -0.428875 0.898931 0.0893779 -0.427987 0.899355 0.0893805 -0.562924 0.82132 0.092464 -0.837252 0.539333 0.0901569 -0.998031 -0.00869519 0.062112 -0.0441991 0.679294 0.732534 -0.434035 0.833689 -0.341432 -0.163344 0.777915 0.606768 -0.260568 0.756554 -0.599776 -0.0517132 0.563171 0.824721 -0.460385 0.842583 -0.279464 -0.345557 0.76007 -0.550349 -0.216925 0.66887 0.711025 -0.0724593 -0.521985 -0.849872 -0.262375 -0.528072 -0.807651 0.234643 -0.564378 -0.791467 0.504657 -0.560285 -0.656812 0.735413 -0.493053 -0.464829 0.902002 -0.38957 -0.186081 0.948367 -0.271717 0.163614 0.866146 -0.113597 0.48671 0.702314 0.0839152 0.706904 0.4932 0.274237 0.825559 0.251947 0.432301 0.865817 0.231933 -0.420576 -0.877111 0.264483 -0.45341 -0.851157 0.802063 -0.402207 -0.441502 0.770491 -0.415497 -0.483432 -0.90766 -0.419669 0.00560471 -0.801389 -0.373939 -0.466846 0.115194 0.305027 0.945351 -0.375392 0.604329 0.702757 0.940839 -0.290217 0.174919 -0.386161 -0.38183 -0.839693 -0.57762 0.789716 0.206651 0.659532 -0.0264222 0.751212 -0.878546 -0.369697 0.302458 0.852191 -0.439751 -0.28353 0.95234 -0.252337 0.171389 0.950268 -0.212213 0.22794 -0.370432 0.897416 -0.239635 -0.232349 0.835379 -0.498152 -0.866005 -0.499151 -0.0297321 -0.760563 -0.458492 -0.459705 0.115688 0.43071 0.895045 -0.316683 0.708228 0.630972 -0.354169 -0.446408 -0.821757 -0.470005 0.866106 0.170165 0.640083 0.0954142 0.762358 -0.842172 -0.467727 0.268287 -0.154837 0.888164 0.432655 -0.0980277 0.96543 0.241528 -0.44634 -0.709731 -0.545035 -0.214271 -0.673712 -0.707248 0.140198 -0.618613 -0.773087 0.206322 0.555194 0.805723 -0.017033 0.765437 0.643285 0.816894 0.00277291 0.576781 0.543442 -0.552183 -0.63227 0.524321 0.29012 0.800574 0.872014 -0.23708 0.428235 0.88673 -0.1726 0.428857 0.893258 -0.135038 0.428783 0.893304 -0.134947 0.428716 0.886733 -0.172471 0.428905 0.872209 -0.237317 0.427706 0.850655 -0.310941 0.423913 0.828015 -0.372971 0.418669 0.813325 -0.407929 0.414845 0.813277 -0.408016 0.414853 0.828059 -0.373122 0.418447 0.850666 -0.31084 0.423964 -0.573292 -0.735111 -0.361868 -0.0916086 -0.576535 -0.811921 0.0619722 -0.586202 -0.807791 0.287551 -0.188769 -0.938978 0.394139 -0.219768 -0.892388 0.290963 -0.593436 -0.75045 0.560854 -0.254621 -0.787788 0.532869 -0.581975 -0.614293 0.760741 -0.302167 -0.574429 0.745617 -0.534274 -0.398254 0.896066 -0.330293 -0.296601 0.89506 -0.42492 -0.135319 0.945671 -0.324135 -0.0253699 0.955466 -0.257199 0.144687 0.922 -0.294504 0.251362 0.907911 -0.0682342 0.413572 0.829106 -0.241811 0.504095 0.760125 0.110422 0.640326 0.690311 -0.171169 0.702973 0.54853 0.274601 0.789752 0.489072 -0.0879326 0.8678 0.319174 0.420203 0.849445 0.236158 0.00558664 0.971699 0.0986965 0.539599 0.836117 0.083083 0.0732438 0.993847 0.0743718 0.582402 0.809492 0.0741 0.0779157 0.994202 </float_array>
          <technique_common>
            <accessor count="2365" offset="0" source="#meshId1-bitangents-array" stride="3">
              <param name="X" type="float" />
              <param name="Y" type="float" />
              <param name="Z" type="float" />
            </accessor>
          </technique_common>
        </source>
        <source id="meshId1-tex0" name="meshId1-tex0">
          <float_array id="meshId1-tex0-array" count="4730"> 0.761244 0.409898 0.734494 0.419909 0.726796 0.419973 0.760146 0.408887 0.440923 0.165386 0.429595 0.162064 0.453512 0.117367 0.464071 0.123276 0.313652 0.456197 0.347322 0.449644 0.348021 0.451461 0.311154 0.458856 0.542236 0.456795 0.541147 0.444403 0.585016 0.443441 0.585639 0.45627 0.0508224 0.462334 0.0130149 0.450509 0.0241 0.444202 0.0652328 0.453856 0.489146 0.0745748 0.498237 0.0829226 0.689823 0.0789641 0.681791 0.0887553 0.63901 0.0490511 0.64448 0.0371232 0.154831 0.0456095 0.122937 0.066537 0.115951 0.0540945 0.149155 0.0327313 0.606764 0.0160731 0.60348 0.0297513 0.556991 0.0140895 0.556114 0.00048194 0.232605 0.0332885 0.191768 0.0157417 0.19179 0.0141603 0.233394 0.0316303 0.519236 0.0503103 0.556588 0.0297013 0.556644 0.0317945 0.520161 0.0520965 0.258428 0.0673349 0.226836 0.0460755 0.265501 0.0549404 0.488047 0.0728613 0.452138 0.115857 0.443026 0.10549 0.480846 0.0612576 0.076461 0.468384 0.0824455 0.458579 0.118234 0.467132 0.113704 0.476999 0.318492 0.0901821 0.307438 0.0971833 0.266486 0.0533328 0.275483 0.0439785 0.428068 0.160754 0.418057 0.151896 0.141873 0.019413 0.148379 0.031058 0.114972 0.0524729 0.105975 0.043023 0.146106 0.472136 0.143039 0.482512 0.44852 0.423713 0.417934 0.418768 0.42092 0.416932 0.445648 0.421231 0.240015 0.0201149 0.336087 0.434055 0.351567 0.327904 0.364267 0.324015 0.347953 0.44744 0.359021 0.45867 0.321617 0.468582 0.379757 0.324867 0.360907 0.456571 0.349721 0.449631 0.366368 0.323337 0.348109 0.257859 0.323683 0.156817 0.334128 0.146754 0.360303 0.252552 0.475475 0.427309 0.469022 0.439601 0.440389 0.435894 0.512805 0.429056 0.508903 0.441842 0.215739 0.461339 0.242281 0.458225 0.247163 0.469348 0.218451 0.472535 0.467474 0.453855 0.468019 0.441717 0.508316 0.444055 0.509345 0.456401 0.584221 0.427847 0.62502 0.425137 0.628374 0.437871 0.584899 0.44115 0.512257 0.0359835 0.555504 0.0142195 0.555608 0.0161427 0.513193 0.0378832 0.628894 0.44009 0.629081 0.452628 0.583493 0.413036 0.584104 0.425592 0.543738 0.427017 0.545319 0.414943 0.221334 0.485217 0.218929 0.474407 0.248039 0.471194 0.252066 0.481805 0.437984 0.450291 0.435205 0.437256 0.347606 0.141184 0.335672 0.145397 0.71937 0.125 0.709339 0.132326 0.124502 0.455118 0.150018 0.459594 0.146695 0.470341 0.11919 0.465429 0.655633 0.42182 0.694211 0.414613 0.702256 0.426745 0.661012 0.434057 0.717367 0.409676 0.748259 0.399572 0.718457 0.407262 0.746652 0.397976 0.7326 0.305736 0.744378 0.305276 0.747358 0.395782 0.735831 0.391488 0.748559 0.39784 0.745912 0.304524 0.757178 0.299274 0.760435 0.407105 0.406664 0.322479 0.417524 0.417117 0.407661 0.427329 0.395226 0.318902 0.428918 0.408708 0.419074 0.415266 0.408396 0.322988 0.420203 0.321849 0.527086 0.0620633 0.557304 0.0466856 0.182629 0.462834 0.182307 0.473558 0.543368 0.429231 0.541428 0.442157 0.62151 0.411024 0.624417 0.422965 0.190359 0.0284939 0.190365 0.0157218 0.632395 0.0634245 0.598471 0.0450189 0.602795 0.0317837 0.638152 0.050976 0.592326 0.0577986 0.597785 0.0469308 0.631506 0.0652666 0.623478 0.0746903 0.513533 0.426926 0.516542 0.415213 0.650269 0.408224 0.654647 0.419787 0.673096 0.101995 0.680644 0.0905203 0.296558 0.110123 0.306111 0.0986859 0.278092 0.451613 0.303623 0.445603 0.285738 0.462797 0.771465 0.297633 0.771465 0.417188 0.762274 0.40855 0.759038 0.298302 0.709156 0.398714 0.699968 0.41136 0.687938 0.402058 0.480134 0.41385 0.476572 0.425347 0.45435 0.411502 0.084659 0.108837 0.0606328 0.154943 0.0505519 0.144812 0.075567 0.0972665 0.0706111 0.440538 0.0915871 0.446791 0.0837751 0.456991 0.0606635 0.4506 0.66192 0.110546 0.671934 0.103687 0.698017 0.145646 0.686935 0.150223 0.734161 0.239992 0.699353 0.144124 0.707984 0.133934 0.745234 0.233856 0.43035 0.410354 0.732342 0.240728 0.720607 0.243121 0.191554 0.028511 0.333233 0.431933 0.349568 0.328464 0.408088 0.428995 0.298236 0.444794 0.330412 0.434457 0.335567 0.436233 0.0276341 0.324758 0.0368315 0.427706 0.0241052 0.440109 0.0151281 0.320613 0.037329 0.429934 0.0247032 0.442366 0.406558 0.430012 0.190353 0.0141207 0.557143 0.0160385 0.182249 0.475348 0.554417 0.00060518 0.507206 0.0230497 0.479774 0.0594711 0.661858 0.43621 0.7035 0.428747 0.287022 0.464561 0.416503 0.150529 0.441638 0.10389 0.0490425 0.143416 0.074298 0.0957576 0.405336 0.428892 0.393166 0.318202 0.746916 0.232653 0.00672848 0.248125 0.0370813 0.139253 0.0192654 0.249773 0.374749 0.250255 0.362065 0.251626 0.39597 0.252592 0.397731 0.253574 0.0230037 0.442353 0.0132418 0.319849 0.040936 0.428443 0.0744826 0.439546 0.346402 0.258431 0.322267 0.15821 0.0210334 0.250688 0.190278 0.0300633 0.155496 0.047174 0.557949 0.0296071 0.558202 0.0317435 0.150498 0.457867 0.182676 0.461134 0.21535 0.459549 0.558906 0.0466935 0.257571 0.0689128 0.226158 0.0476304 0.241562 0.456399 0.125303 0.453412 0.123783 0.0681233 0.0980034 0.446542 0.276966 0.44982 0.295382 0.111607 0.0857829 0.110342 0.0620047 0.156354 0.0333846 0.256042 0.40905 0.258204 0.410867 0.258688 0.422539 0.259276 0.735048 0.393305 0.0351246 0.256628 0.0385656 0.425771 0.0488808 0.419287 0.0481921 0.417424 0.769827 0.419353 0.191597 0.0300573 0.190149 0.0423268 0.191276 0.0424057 0.015623 0.28401 0.0138037 0.283243 0.754909 0.264052 0.75311 0.265064 0.394625 0.285072 0.392715 0.284294 0.366688 0.285776 0.364793 0.286536 0.0302719 0.289804 0.0284637 0.289144 0.0293514 0.325349 0.741736 0.270837 0.739982 0.27165 0.407969 0.289795 0.406121 0.289226 0.351993 0.291454 0.350105 0.292097 0.728127 0.273144 0.334335 0.261466 0.337715 0.293007 0.33682 0.327162 0.766629 0.261399 0.758149 0.228261 0.384341 0.249939 0.380931 0.283293 0.380721 0.319306 0.379757 0.285705 0.00104795 0.28293 0.00048194 0.320799 0.190278 0.00048194 0.192089 0.000495226 0.399833 0.440351 0.397655 0.438346 0.0116231 0.448603 0.405818 0.144569 0.729721 0.434365 0.70446 0.441112 0.0631738 0.089017 0.432721 0.0950168 0.291772 0.475425 0.181897 0.486174 0.472955 0.0484 0.662229 0.448741 0.419717 0.289512 0.042383 0.291217 0.0414675 0.324763 0.0469737 0.259984 0.321288 0.422571 0.323421 0.419877 0.0730507 0.427907 0.311342 0.16456 0.159955 0.0587857 0.241487 0.445188 0.275672 0.438381 0.09297 0.434145 0.125965 0.442594 0.0729305 0.162617 0.30033 0.433051 0.129992 0.0789375 0.0947088 0.119228 0.150951 0.447271 0.215432 0.44867 0.182938 0.451116 0.251181 0.0797053 0.221631 0.0591766 0.28663 0.120545 0.724816 0.457759 0.728651 0.458223 0.728471 0.459217 0.724696 0.458751 0.728292 0.460158 0.724587 0.459701 0.728162 0.461056 0.724474 0.460646 0.72802 0.461925 0.724379 0.461593 0.727927 0.4628 0.724285 0.462547 0.72788 0.463676 0.724209 0.463508 0.727875 0.46456 0.724168 0.464474 0.72789 0.465458 0.724131 0.465452 0.727911 0.466393 0.724113 0.46644 0.728043 0.467364 0.724115 0.467435 0.728178 0.46839 0.728829 0.467202 0.728957 0.468181 0.724131 0.468435 0.728222 0.469448 0.724143 0.469491 0.479489 0.48441 0.479038 0.485192 0.478256 0.485643 0.477354 0.485643 0.476572 0.485191 0.476121 0.48441 0.476121 0.483507 0.476572 0.482726 0.477354 0.482275 0.478256 0.482275 0.479038 0.482726 0.479489 0.483508 0.728476 0.462945 0.728539 0.462049 0.728942 0.462095 0.728867 0.462954 0.729139 0.459239 0.728854 0.46021 0.72872 0.466303 0.728621 0.465457 0.728538 0.464631 0.728484 0.463801 0.728653 0.461135 0.729079 0.469403 0.729507 0.458088 0.729591 0.459384 0.729278 0.460314 0.522129 0.484286 0.522431 0.483762 0.522955 0.48346 0.523559 0.48346 0.524083 0.483762 0.524385 0.484286 0.524385 0.48489 0.524083 0.485414 0.523559 0.485716 0.522955 0.485716 0.522431 0.485414 0.522129 0.48489 0.729001 0.465407 0.729107 0.466242 0.728864 0.463781 0.72907 0.46121 0.729436 0.468089 0.729716 0.469322 0.729248 0.467125 0.728913 0.464592 0.730058 0.458304 0.730857 0.458833 0.730264 0.45971 0.731454 0.459623 0.731012 0.460169 0.72993 0.460524 0.730757 0.460824 0.729722 0.461339 0.730617 0.461536 0.729589 0.462169 0.730563 0.462304 0.729508 0.462994 0.730407 0.463061 0.729483 0.463778 0.730307 0.463781 0.729524 0.464545 0.730397 0.464491 0.729617 0.465323 0.730527 0.465225 0.729754 0.466135 0.730692 0.465982 0.729927 0.46699 0.730905 0.466748 0.730181 0.467883 0.731058 0.467518 0.730644 0.46889 0.731454 0.468154 0.732667 0.48121 0.736587 0.480883 0.73669 0.48189 0.732742 0.482183 0.732609 0.470494 0.736567 0.470651 0.736468 0.471687 0.73257 0.471478 0.736362 0.472667 0.732521 0.472455 0.736218 0.473597 0.732473 0.473429 0.736134 0.474506 0.732431 0.4744 0.73609 0.475398 0.732403 0.47537 0.736082 0.476279 0.732395 0.47634 0.736102 0.477163 0.732408 0.477313 0.73613 0.478066 0.732443 0.478288 0.736269 0.478976 0.732502 0.479264 0.736415 0.47991 0.736992 0.478822 0.737108 0.479686 0.732579 0.480236 0.481686 0.482275 0.482588 0.482275 0.48337 0.482726 0.483821 0.483507 0.483821 0.48441 0.48337 0.485191 0.482588 0.485643 0.481686 0.485643 0.480904 0.485191 0.480453 0.48441 0.480453 0.483507 0.480904 0.482726 0.7367 0.474655 0.736764 0.473727 0.73719 0.473772 0.737105 0.474668 0.737369 0.470455 0.737109 0.471705 0.7369 0.477984 0.736813 0.477165 0.73674 0.476354 0.736696 0.475528 0.736898 0.472746 0.737254 0.480629 0.737429 0.481799 0.737998 0.470605 0.737596 0.471836 0.532091 0.485414 0.531789 0.48489 0.531789 0.484286 0.532091 0.483762 0.532614 0.48346 0.533219 0.48346 0.533742 0.483762 0.534045 0.484286 0.534045 0.48489 0.533742 0.485414 0.533219 0.485716 0.532614 0.485716 0.737187 0.477137 0.737271 0.477951 0.737086 0.475522 0.737349 0.472836 0.737516 0.479626 0.737707 0.480549 0.737377 0.478776 0.737112 0.476338 0.738004 0.481682 0.738406 0.480307 0.738894 0.481284 0.739244 0.479914 0.739662 0.480522 0.7389 0.471114 0.738359 0.472101 0.739662 0.471909 0.739222 0.472522 0.738053 0.473015 0.739023 0.473282 0.737864 0.473889 0.738807 0.474038 0.737753 0.474728 0.73867 0.47479 0.737709 0.475532 0.73859 0.475529 0.737724 0.476302 0.73855 0.476248 0.737794 0.47707 0.7387 0.476971 0.737897 0.477875 0.738885 0.477746 0.738003 0.478687 0.738901 0.478538 0.738155 0.479478 0.73897 0.479262 0.724114 0.481117 0.724116 0.482178 0.728212 0.482172 0.72818 0.481112 0.724963 0.470455 0.724839 0.471395 0.728568 0.471916 0.728748 0.470951 0.724707 0.472332 0.728401 0.472835 0.724574 0.473272 0.728215 0.473713 0.724448 0.47422 0.728089 0.474592 0.724352 0.475174 0.728012 0.475473 0.724259 0.47614 0.727957 0.476356 0.724187 0.477118 0.727924 0.477248 0.724137 0.478107 0.727897 0.478164 0.724113 0.479105 0.72798 0.479105 0.728079 0.48009 0.728808 0.479897 0.72874 0.478987 0.724116 0.48011 0.484785 0.48441 0.485236 0.485191 0.486018 0.485643 0.48692 0.485643 0.487702 0.485192 0.488153 0.48441 0.488153 0.483507 0.487702 0.482726 0.486921 0.482275 0.486018 0.482275 0.485236 0.482726 0.484785 0.483507 0.728639 0.474757 0.729042 0.474787 0.729139 0.473915 0.728733 0.47386 0.729167 0.471982 0.729512 0.470845 0.728688 0.478124 0.728643 0.477292 0.728616 0.476469 0.728613 0.475628 0.728901 0.472941 0.728902 0.480901 0.72899 0.482137 0.729611 0.472139 0.730077 0.47104 0.519735 0.48346 0.519211 0.483762 0.518909 0.484286 0.518909 0.48489 0.519211 0.485414 0.519735 0.485716 0.520339 0.485716 0.520863 0.485414 0.521165 0.48489 0.521165 0.484286 0.520863 0.483762 0.520339 0.48346 0.729078 0.4781 0.729021 0.477268 0.728997 0.475637 0.729317 0.473047 0.729388 0.480849 0.729236 0.479858 0.729143 0.47896 0.728994 0.476456 0.729602 0.482063 0.730566 0.481722 0.730148 0.480656 0.731431 0.481004 0.731057 0.480332 0.730284 0.472426 0.73085 0.47159 0.731014 0.472868 0.731431 0.47234 0.729964 0.473227 0.730773 0.47351 0.72978 0.474031 0.730644 0.474208 0.729681 0.474841 0.730595 0.474946 0.729634 0.475661 0.730607 0.475725 0.729616 0.47646 0.730475 0.476486 0.729639 0.477242 0.730541 0.477225 0.729702 0.478042 0.730636 0.477986 0.729799 0.478873 0.730762 0.478763 0.729936 0.479748 0.730938 0.479549 0.748999 0.480289 0.749083 0.48126 0.752976 0.480913 0.75281 0.479957 0.749166 0.482233 0.753096 0.481909 0.749047 0.470455 0.748991 0.471478 0.752908 0.471695 0.752999 0.470668 0.748935 0.472457 0.752754 0.472659 0.748878 0.473437 0.752648 0.473595 0.748832 0.474417 0.752579 0.474515 0.748803 0.475398 0.752536 0.475428 0.748793 0.476381 0.75251 0.476334 0.748807 0.477363 0.752488 0.477236 0.748848 0.478342 0.752575 0.478131 0.752673 0.479033 0.753339 0.478853 0.753284 0.478027 0.748911 0.479316 0.616767 0.484206 0.617218 0.484987 0.618 0.485438 0.618903 0.485439 0.619684 0.484987 0.620135 0.484206 0.620135 0.483303 0.619684 0.482522 0.618903 0.48207 0.618 0.48207 0.617219 0.482522 0.616767 0.483303 0.753231 0.473762 0.753651 0.473801 0.753765 0.472868 0.753319 0.472804 0.753777 0.481859 0.753586 0.480682 0.753255 0.47721 0.75323 0.476386 0.753214 0.475542 0.753203 0.474671 0.753488 0.471779 0.753427 0.47972 0.753734 0.470545 0.754355 0.481734 0.754047 0.480595 0.529395 0.48346 0.528871 0.483762 0.528569 0.484286 0.528569 0.48489 0.528871 0.485414 0.529395 0.485716 0.529999 0.485716 0.530522 0.485414 0.530825 0.48489 0.530825 0.484286 0.530523 0.483762 0.529999 0.48346 0.753633 0.477198 0.75361 0.476372 0.753606 0.474688 0.753971 0.471879 0.754336 0.470689 0.753838 0.479657 0.753718 0.478814 0.753657 0.478013 0.753597 0.475541 0.754747 0.480352 0.754483 0.479518 0.755611 0.47995 0.75533 0.479286 0.755241 0.481327 0.75599 0.48059 0.754713 0.472121 0.755217 0.471152 0.755576 0.472518 0.75599 0.471906 0.754457 0.473008 0.755323 0.4732 0.754321 0.473859 0.755292 0.473963 0.754265 0.474704 0.755178 0.47473 0.754252 0.475541 0.755281 0.475536 0.754243 0.476379 0.755211 0.476359 0.754242 0.477189 0.755162 0.477147 0.754265 0.477972 0.755134 0.4779 0.754335 0.478737 0.755138 0.478614 0.740729 0.479333 0.740796 0.4803 0.744599 0.480019 0.744494 0.479095 0.740869 0.481267 0.744735 0.480971 0.74094 0.482235 0.744837 0.481958 0.740948 0.470455 0.740876 0.471482 0.744788 0.471749 0.744917 0.470733 0.740805 0.472466 0.744631 0.472715 0.740737 0.473448 0.744511 0.473651 0.74068 0.47443 0.744428 0.474566 0.740642 0.475414 0.744369 0.475472 0.740626 0.4764 0.744314 0.476381 0.740637 0.477384 0.744359 0.477287 0.744414 0.478188 0.745081 0.47805 0.745073 0.47722 0.740674 0.478361 0.613668 0.485438 0.614571 0.485438 0.615352 0.484987 0.615803 0.484206 0.615803 0.483303 0.615352 0.482522 0.614571 0.48207 0.613668 0.48207 0.612886 0.482522 0.612435 0.483303 0.612435 0.484206 0.612886 0.484987 0.745219 0.472923 0.745647 0.472979 0.745852 0.472014 0.745377 0.47192 0.745318 0.480821 0.745182 0.479823 0.74509 0.476386 0.74509 0.475546 0.7451 0.474708 0.745132 0.473842 0.745594 0.470699 0.745114 0.478911 0.745483 0.482005 0.74579 0.480725 0.745606 0.479759 0.491071 0.484228 0.491373 0.483705 0.491373 0.4831 0.491071 0.482577 0.490547 0.482275 0.489943 0.482275 0.489419 0.482577 0.489117 0.4831 0.489117 0.483705 0.48942 0.484228 0.489943 0.484531 0.490547 0.484531 0.745469 0.47638 0.745471 0.475544 0.745533 0.473867 0.746081 0.481907 0.745512 0.478881 0.745465 0.478047 0.745459 0.477218 0.745487 0.474713 0.746194 0.470833 0.746267 0.479616 0.746139 0.478815 0.747136 0.479406 0.746961 0.478718 0.746521 0.480486 0.747406 0.480092 0.747014 0.48151 0.74783 0.480734 0.746576 0.472243 0.747068 0.471287 0.747422 0.472633 0.74783 0.47203 0.746322 0.473103 0.747169 0.473299 0.746188 0.473933 0.747131 0.474049 0.746124 0.474749 0.746996 0.474797 0.746108 0.475553 0.747062 0.475566 0.746105 0.476389 0.747157 0.476395 0.746091 0.477227 0.747054 0.477226 0.746089 0.478035 0.746984 0.477997 0.75712 0.480296 0.760961 0.480003 0.761102 0.480962 0.757195 0.481269 0.761205 0.481962 0.757268 0.482243 0.757275 0.470455 0.761214 0.470724 0.761105 0.471745 0.757205 0.471475 0.760934 0.472702 0.757135 0.472451 0.760815 0.473628 0.757067 0.473428 0.760738 0.474536 0.75701 0.474405 0.760696 0.475435 0.756971 0.475385 0.760678 0.476334 0.756954 0.476369 0.760663 0.477243 0.756961 0.477355 0.76075 0.478154 0.756994 0.47834 0.760843 0.479071 0.761473 0.47805 0.761519 0.478899 0.75705 0.47932 0.492232 0.480078 0.491781 0.480859 0.491 0.481311 0.490097 0.481311 0.489315 0.480859 0.488864 0.480078 0.488864 0.479175 0.489315 0.478394 0.490097 0.477942 0.491 0.477942 0.491781 0.478394 0.492232 0.479175 0.761386 0.473801 0.761492 0.472858 0.761927 0.472926 0.761797 0.47383 0.761713 0.480745 0.761884 0.481924 0.761441 0.477208 0.761397 0.476372 0.761364 0.475541 0.761351 0.474691 0.761682 0.47184 0.761595 0.479784 0.76195 0.470616 0.762177 0.480669 0.762462 0.481811 0.527303 0.483762 0.527605 0.484286 0.527605 0.48489 0.527303 0.485414 0.526779 0.485716 0.526175 0.485716 0.525651 0.485414 0.525349 0.48489 0.525349 0.484286 0.525651 0.483762 0.526175 0.48346 0.526779 0.48346 0.761776 0.476349 0.761819 0.477182 0.761742 0.474692 0.762547 0.470773 0.762161 0.47195 0.761911 0.478857 0.762011 0.479722 0.761856 0.47802 0.761746 0.475525 0.762661 0.479598 0.762887 0.480439 0.763476 0.479408 0.763733 0.480064 0.763359 0.481425 0.764139 0.48068 0.763408 0.471255 0.762888 0.4722 0.764139 0.471993 0.763756 0.472621 0.762604 0.473071 0.76348 0.473299 0.762452 0.473897 0.763308 0.473998 0.762389 0.474714 0.763343 0.474756 0.762379 0.475523 0.763252 0.475518 0.762409 0.476323 0.76336 0.476282 0.762454 0.477155 0.763496 0.477102 0.76249 0.477991 0.763442 0.477929 0.762543 0.478803 0.763428 0.478695 0.394218 0.703156 0.392919 0.704581 0.392807 0.703808 0.393885 0.702783 0.392349 0.706597 0.391676 0.705938 0.390979 0.705264 0.392591 0.703074 0.393536 0.702461 0.398861 0.695556 0.399809 0.693604 0.401041 0.69473 0.400003 0.696143 0.405251 0.691728 0.405632 0.694063 0.405253 0.69562 0.401747 0.695902 0.400824 0.696539 0.401924 0.652027 0.412974 0.661438 0.410044 0.664807 0.401559 0.658376 0.419897 0.683856 0.417821 0.684628 0.415425 0.685848 0.406961 0.668743 0.401255 0.663326 0.389861 0.69903 0.389606 0.69949 0.389044 0.699216 0.389526 0.698663 0.388382 0.701746 0.387061 0.701721 0.386163 0.701102 0.388534 0.698691 0.389172 0.698326 0.386051 0.666404 0.391065 0.658073 0.394108 0.662734 0.38993 0.669106 0.396948 0.667187 0.393413 0.67234 0.384127 0.726892 0.387882 0.72525 0.398408 0.741312 0.393663 0.745869 0.392759 0.725245 0.402958 0.737446 0.408421 0.742576 0.404482 0.747889 0.399796 0.751842 0.379097 0.729249 0.381424 0.72832 0.39033 0.750058 0.387204 0.753641 0.399459 0.757075 0.39901 0.76369 0.391388 0.699014 0.391114 0.700775 0.390393 0.700663 0.391059 0.699125 0.389871 0.703105 0.388615 0.70313 0.39001 0.700126 0.390793 0.699183 0.389294 0.697575 0.389964 0.698031 0.389738 0.698338 0.389216 0.697975 0.390302 0.698598 0.390056 0.698781 0.383724 0.68788 0.384693 0.673258 0.387938 0.674638 0.38537 0.688089 0.391148 0.676888 0.38711 0.688634 0.402661 0.67307 0.412148 0.687277 0.407972 0.687365 0.398592 0.676824 0.390445 0.699296 0.390588 0.699225 0.389996 0.699583 0.390088 0.699285 0.39228 0.702115 0.393495 0.701535 0.390256 0.704425 0.392033 0.701151 0.393083 0.700534 0.394191 0.695435 0.393625 0.694177 0.398408 0.693239 0.397784 0.694984 0.392966 0.692861 0.399404 0.690751 0.415975 0.749145 0.410487 0.757648 0.407424 0.752702 0.412022 0.746167 0.413527 0.711738 0.413002 0.711545 0.4131 0.711319 0.413502 0.711458 0.412731 0.711214 0.412856 0.711101 0.412908 0.710957 0.413169 0.711089 0.41346 0.711223 0.412314 0.723581 0.403244 0.730242 0.402151 0.725622 0.411048 0.722296 0.392815 0.721136 0.396226 0.720348 0.402884 0.722101 0.410253 0.72096 0.412926 0.708664 0.413914 0.708217 0.413307 0.710637 0.412866 0.710655 0.414778 0.708431 0.41379 0.710835 0.410028 0.706971 0.410758 0.707274 0.409837 0.709804 0.409465 0.709195 0.411448 0.708203 0.410202 0.710439 0.409427 0.711203 0.408995 0.710557 0.408841 0.70987 0.395884 0.717493 0.401467 0.717366 0.40276 0.718815 0.396593 0.715655 0.400745 0.715955 0.401969 0.715183 0.402918 0.715743 0.404094 0.716638 0.416254 0.725727 0.41104 0.737879 0.407041 0.734577 0.414076 0.724741 0.409093 0.706587 0.409514 0.706795 0.409242 0.708702 0.409108 0.708129 0.40854 0.709712 0.408246 0.709505 0.385257 0.708238 0.38408 0.708421 0.386296 0.707958 0.387418 0.707448 0.390979 0.705264 0.38837 0.706803 0.387418 0.707448 0.38837 0.706803 0.38523 0.700014 0.38564 0.700501 0.379709 0.708342 0.378673 0.70815 0.380966 0.708499 0.38263 0.708547 0.40456 0.697765 0.404871 0.696755 0.408015 0.701978 0.407115 0.702164 0.40903 0.701752 0.410316 0.701441 0.411646 0.701167 0.415427 0.700857 0.414027 0.700951 0.416949 0.700868 0.407924 0.690828 0.412802 0.701035 0.412302 0.70759 0.404295 0.719436 0.409774 0.719644 0.405209 0.71755 0.40947 0.718456 0.419897 0.726795 0.417701 0.742092 0.414368 0.740459 0.418128 0.726441 0.412721 0.710953 0.412773 0.710954 0.412721 0.710953 0.413221 0.711089 0.413086 0.711262 0.412773 0.710954 0.412773 0.710954 0.412898 0.711447 0.412767 0.710901 0.416378 0.71432 0.415762 0.714557 0.41504 0.714771 0.411085 0.71041 0.410486 0.710975 0.411465 0.711979 0.411056 0.712133 0.410659 0.71226 0.410024 0.71152 0.411679 0.714955 0.4109 0.71485 0.410119 0.71471 0.412638 0.710757 0.412586 0.711615 0.412229 0.711729 0.412326 0.710427 0.414122 0.714945 0.413257 0.715017 0.411778 0.710213 0.411856 0.71184 0.412455 0.715014 0.391854 0.700393 0.392392 0.699888 0.39177 0.698851 0.392177 0.698665 0.391981 0.697596 0.392558 0.697728 0.391394 0.6975 0.394923 0.679697 0.398558 0.683405 0.390774 0.690396 0.389111 0.689415 0.389526 0.697532 0.388846 0.697705 0.390175 0.697454 0.390445 0.699296 0.390373 0.699028 0.390216 0.699113 0.390369 0.699477 0.390386 0.699385 0.390216 0.699113 0.390386 0.699385 0.390088 0.699285 0.390369 0.699477 0.387853 0.698154 0.388311 0.697918 0.390386 0.699385 0.399789 0.687527 0.392062 0.691572 0.390795 0.697449 0.393076 0.697851 0.392551 0.698479 0.394697 0.696514 0.39516 0.69753 0.393576 0.69797 0.392926 0.698273 0.392691 0.699271 0.394127 0.700108 0.392551 0.698479 0.392926 0.698273 0.392646 0.698316 0.392646 0.698316 0.395766 0.699577 0.409433 0.714568 0.410348 0.712337 0.409293 0.717519 0.409293 0.717519 0.409213 0.716694 0.40878 0.714423 0.40878 0.714423 0.410081 0.712402 0.409739 0.712018 0.408706 0.711788 0.410348 0.712337 0.410081 0.712402 0.409694 0.712561 0.409694 0.712561 0.40766 0.712666 0.405768 0.716245 0.404637 0.715257 0.405217 0.713885 0.406286 0.715204 0.409213 0.716694 0.418066 0.700968 0.418966 0.701095 0.415766 0.709011 0.415334 0.708748 0.391676 0.705938 0.388964 0.706174 0.38837 0.706803 0.392349 0.706597 0.389397 0.705547 0.388964 0.706174 0.388964 0.706174 0.389397 0.705547 0.397971 0.713438 0.397332 0.714444 0.41406 0.711127 0.414262 0.711403 0.408348 0.710777 0.407741 0.710869 0.403204 0.714699 0.401849 0.714568 0.401695 0.713998 0.403309 0.713832 0.397363 0.696224 0.398547 0.696719 0.398207 0.697763 0.396895 0.697371 0.394361 0.701515 0.395149 0.701637 0.400342 0.715033 0.399912 0.714274 0.399954 0.696956 0.400979 0.697 0.401133 0.697405 0.400143 0.697574 0.402101 0.696714 0.402423 0.697405 0.388324 0.698177 0.388186 0.697724 0.492242 0.474083 0.469926 0.47439 0.469929 0.469449 0.491902 0.46914 0.469504 0.460844 0.46943 0.466423 0.450206 0.465723 0.449973 0.462098 0.469964 0.458245 0.469578 0.460337 0.450034 0.461648 0.450103 0.459889 0.469487 0.466922 0.469867 0.468972 0.450479 0.467727 0.450289 0.466141 0.491872 0.468626 0.491826 0.466517 0.49217 0.460991 0.492242 0.458898 0.445631 0.481288 0.44598 0.481636 0.44598 0.484537 0.445631 0.484885 0.444549 0.484885 0.444201 0.484537 0.444201 0.481636 0.444549 0.481288 0.44799 0.467516 0.447901 0.46626 0.449089 0.472886 0.450471 0.468196 0.491835 0.466036 0.492135 0.461482 0.446944 0.471091 0.447885 0.468029 0.447827 0.465714 0.447316 0.462304 0.447376 0.461699 0.447392 0.460364 0.47001 0.457758 0.492239 0.458394 0.450064 0.459387 0.44723 0.45983 0.475157 0.484677 0.474811 0.485024 0.469943 0.485024 0.469596 0.484677 0.469596 0.482622 0.469943 0.482275 0.474811 0.482275 0.475157 0.482622 0.642069 0.46323 0.640164 0.461681 0.64166 0.460129 0.643251 0.461942 0.643317 0.458863 0.644711 0.460874 0.644973 0.457758 0.646376 0.459863 0.645061 0.477818 0.642648 0.47995 0.641005 0.477965 0.643355 0.476192 0.639687 0.47591 0.642087 0.474542 0.638716 0.473821 0.641151 0.472868 0.638091 0.471712 0.640501 0.471209 0.637831 0.469613 0.640231 0.469504 0.637889 0.467575 0.640233 0.467866 0.63825 0.465569 0.64047 0.466215 0.773804 0.481329 0.77289 0.479746 0.77289 0.477917 0.773804 0.476334 0.775388 0.475419 0.777216 0.475419 0.7788 0.476334 0.779714 0.477917 0.779714 0.479745 0.7788 0.481329 0.777216 0.482243 0.775388 0.482243 0.638956 0.463525 0.641154 0.464674 0.641981 0.465115 0.642766 0.4638 0.642941 0.463936 0.642169 0.465223 0.643829 0.462621 0.645212 0.46166 0.64664 0.460834 0.64421 0.475428 0.645633 0.476726 0.64296 0.473972 0.642044 0.472462 0.641352 0.470983 0.64111 0.469449 0.641026 0.467925 0.641286 0.46645 0.644416 0.47523 0.643171 0.473819 0.644037 0.473041 0.645303 0.474222 0.645346 0.461877 0.643977 0.462795 0.64124 0.467939 0.64133 0.469422 0.642259 0.472344 0.646757 0.46103 0.641485 0.466518 0.641564 0.470916 0.645816 0.476527 0.643122 0.471847 0.643438 0.471654 0.644336 0.472769 0.643684 0.464604 0.642939 0.465654 0.645942 0.462816 0.644674 0.463665 0.642211 0.468056 0.642222 0.469319 0.647683 0.461948 0.642452 0.466817 0.64256 0.470579 0.647053 0.475611 0.643933 0.464829 0.64322 0.465813 0.646146 0.463179 0.644896 0.463953 0.647909 0.462425 0.642757 0.46691 0.642529 0.468082 0.642875 0.470459 0.645596 0.473854 0.647421 0.475108 0.642545 0.46927 0.608197 0.465996 0.607894 0.466171 0.607544 0.466171 0.607241 0.465996 0.607066 0.465693 0.607066 0.465343 0.607241 0.46504 0.607544 0.464865 0.607894 0.464865 0.608197 0.46504 0.608372 0.465343 0.608372 0.465693 0.645558 0.46493 0.644712 0.465582 0.646528 0.466995 0.646189 0.467185 0.64666 0.464464 0.646916 0.466849 0.648146 0.464296 0.647346 0.46687 0.646366 0.472482 0.648146 0.472958 0.646999 0.469826 0.64747 0.46982 0.645198 0.471787 0.64658 0.469679 0.644393 0.470965 0.646234 0.469426 0.643875 0.470058 0.645977 0.469101 0.643594 0.469113 0.645899 0.468694 0.643552 0.468154 0.645826 0.46829 0.643723 0.467222 0.645851 0.467889 0.64411 0.466351 0.645974 0.467512 0.630615 0.463564 0.628478 0.462051 0.629996 0.460359 0.631748 0.462192 0.631672 0.458975 0.633206 0.461017 0.633354 0.457758 0.6349 0.459895 0.634163 0.477818 0.631955 0.480108 0.630189 0.478276 0.632375 0.476392 0.628767 0.476314 0.63104 0.474854 0.627732 0.474287 0.630043 0.473266 0.627065 0.472263 0.629369 0.471619 0.626651 0.470232 0.629068 0.469951 0.626598 0.468187 0.628967 0.468334 0.62684 0.466176 0.629109 0.466678 0.771926 0.477917 0.771926 0.479746 0.771012 0.481329 0.769429 0.482243 0.7676 0.482243 0.766017 0.481329 0.765103 0.479746 0.765103 0.477917 0.766017 0.476334 0.7676 0.475419 0.769429 0.475419 0.771012 0.476334 0.627396 0.464085 0.629645 0.465033 0.630474 0.465434 0.631344 0.464143 0.631526 0.46428 0.630664 0.465531 0.632376 0.462873 0.633757 0.461811 0.63521 0.460897 0.633142 0.475599 0.634622 0.476704 0.63186 0.474259 0.630883 0.472847 0.630242 0.471375 0.629927 0.469863 0.629757 0.468356 0.629965 0.466855 0.633324 0.475396 0.632057 0.474101 0.632876 0.473274 0.634167 0.474383 0.633906 0.462028 0.632536 0.463042 0.629971 0.468364 0.630141 0.469831 0.631089 0.472731 0.635334 0.4611 0.630172 0.46691 0.630451 0.471305 0.63478 0.476498 0.631954 0.472117 0.632256 0.471925 0.633163 0.472999 0.63228 0.464872 0.63158 0.465999 0.634552 0.462974 0.633277 0.463894 0.630926 0.468459 0.631002 0.469695 0.636325 0.462017 0.631112 0.467209 0.63135 0.470915 0.635874 0.475657 0.632548 0.465091 0.631875 0.466143 0.634777 0.463342 0.633518 0.46418 0.636571 0.462504 0.631428 0.467285 0.631243 0.468464 0.631655 0.470791 0.634441 0.474015 0.636216 0.475166 0.631316 0.469635 0.489995 0.476484 0.489692 0.476659 0.489342 0.476659 0.489039 0.476484 0.488864 0.476181 0.488864 0.475831 0.489039 0.475529 0.489342 0.475354 0.489692 0.475354 0.489995 0.475529 0.490169 0.475831 0.490169 0.476181 0.634229 0.465151 0.633388 0.465831 0.635304 0.467229 0.634958 0.467432 0.635343 0.464639 0.635695 0.467067 0.636867 0.464413 0.636135 0.467074 0.635135 0.472659 0.636867 0.473059 0.635641 0.470085 0.636093 0.470063 0.633982 0.472016 0.635236 0.469957 0.633173 0.471231 0.634938 0.469655 0.632635 0.470355 0.634677 0.469342 0.632337 0.469428 0.63459 0.468944 0.632267 0.468485 0.634513 0.46855 0.632423 0.46755 0.634628 0.468161 0.632793 0.46665 0.634744 0.467773 0.621907 0.460922 0.620369 0.458991 0.621999 0.457758 0.623566 0.45983 0.6228 0.477784 0.620588 0.480095 0.61881 0.478255 0.621012 0.476384 0.617387 0.476255 0.619696 0.474804 0.616357 0.474202 0.61875 0.473186 0.615678 0.472113 0.618054 0.471541 0.615361 0.470048 0.61777 0.469853 0.615328 0.468013 0.617651 0.468186 0.615585 0.465892 0.61792 0.46653 0.616364 0.463892 0.618573 0.464994 0.617428 0.462073 0.619393 0.463523 0.766754 0.466893 0.764926 0.466893 0.763342 0.465979 0.762428 0.464396 0.762428 0.462567 0.763342 0.460984 0.764926 0.460069 0.766754 0.460069 0.768337 0.460984 0.769252 0.462567 0.769252 0.464396 0.768338 0.465979 0.61878 0.460419 0.620498 0.462139 0.621202 0.462832 0.622469 0.461703 0.622625 0.461901 0.621364 0.462997 0.623866 0.460721 0.621786 0.475578 0.623226 0.476758 0.620522 0.474219 0.619539 0.472781 0.618952 0.471266 0.618602 0.469744 0.618517 0.468215 0.618753 0.466759 0.619323 0.465362 0.620137 0.464023 0.619752 0.472672 0.619163 0.471203 0.620063 0.470827 0.620655 0.472054 0.621973 0.47538 0.623393 0.476551 0.619522 0.465465 0.61895 0.466815 0.618826 0.469717 0.620723 0.474063 0.620314 0.464159 0.61873 0.46823 0.624005 0.460917 0.61972 0.469587 0.62004 0.469532 0.620372 0.470705 0.623274 0.462916 0.622025 0.463824 0.622834 0.474391 0.624551 0.475726 0.620336 0.465891 0.619896 0.467089 0.621569 0.473243 0.621063 0.464816 0.619677 0.468335 0.625074 0.461873 0.623507 0.463274 0.62227 0.464105 0.62313 0.474029 0.624893 0.475239 0.621859 0.472963 0.621322 0.465035 0.620626 0.466045 0.619994 0.468348 0.620958 0.471859 0.620203 0.467168 0.605625 0.464865 0.605928 0.46504 0.606103 0.465343 0.606103 0.465693 0.605928 0.465996 0.605625 0.466171 0.605275 0.466171 0.604972 0.465996 0.604797 0.465693 0.604797 0.465343 0.604972 0.46504 0.605275 0.464865 0.625335 0.462375 0.625634 0.464354 0.624083 0.464573 0.624817 0.467019 0.624373 0.466999 0.623875 0.472662 0.625634 0.473116 0.624465 0.470017 0.624933 0.470004 0.622709 0.471983 0.624044 0.46988 0.6219 0.471175 0.623695 0.469637 0.621369 0.470279 0.6235 0.469265 0.621079 0.469339 0.623322 0.468892 0.621022 0.468381 0.623336 0.468483 0.621184 0.467428 0.623356 0.468075 0.621552 0.466538 0.623474 0.467691 0.622135 0.465755 0.623685 0.467354 0.622953 0.465083 0.623986 0.467091 0.631921 0.930097 0.611038 0.922424 0.62039 0.905504 0.635742 0.912883 0.652131 0.869376 0.647737 0.873036 0.640689 0.863722 0.645225 0.861721 0.667926 0.883676 0.667466 0.88532 0.647179 0.875571 0.658362 0.457758 0.658929 0.45901 0.658929 0.478195 0.658362 0.479447 0.649676 0.479447 0.64911 0.478195 0.64911 0.45901 0.649676 0.457758 0.638154 0.931064 0.639687 0.914819 0.716614 0.478196 0.715848 0.479447 0.712143 0.479447 0.711377 0.478196 0.711377 0.45901 0.712143 0.457759 0.715848 0.457759 0.716614 0.45901 0.623903 0.896968 0.64404 0.903041 0.644023 0.905241 0.623836 0.89843 0.624041 0.878502 0.62405 0.88 0.663655 0.90134 0.647277 0.911216 0.649843 0.930988 0.653532 0.86773 0.67154 0.879518 0.669951 0.880748 0.664615 0.907454 0.646641 0.909428 0.663972 0.905919 0.619986 0.870265 0.639914 0.86185 0.62127 0.871612 0.639574 0.913411 0.636435 0.911555 0.621219 0.904388 0.64585 0.859661 0.663477 0.902814 0.671542 0.926706 0.61995 0.905417 0.620697 0.904326 0.623366 0.898098 0.623513 0.896797 0.623642 0.880162 0.623563 0.878817 0.620613 0.871744 0.619488 0.870563 0.668402 0.884109 0.66782 0.885549 0.664074 0.901294 0.66397 0.902653 0.66458 0.905929 0.665089 0.907421 0.671908 0.879977 0.67049 0.881027 0.610778 0.922016 0.671908 0.926295 0.694015 0.930097 0.697835 0.912883 0.682483 0.905505 0.673132 0.922425 0.714223 0.869376 0.707317 0.861721 0.702781 0.863722 0.709829 0.873036 0.709271 0.875571 0.729558 0.88532 0.730019 0.883676 0.468632 0.484607 0.468632 0.47592 0.467381 0.475354 0.448195 0.475354 0.446944 0.47592 0.446944 0.484607 0.448195 0.485173 0.467381 0.485173 0.700248 0.931065 0.70178 0.914819 0.710413 0.478196 0.710413 0.45901 0.709647 0.457759 0.705941 0.457759 0.705175 0.45901 0.705175 0.478196 0.705941 0.479447 0.709647 0.479447 0.685995 0.896969 0.685928 0.898432 0.706116 0.905241 0.706133 0.903041 0.686133 0.878502 0.686142 0.880001 0.725748 0.90134 0.70937 0.911217 0.711937 0.930988 0.715624 0.86773 0.732043 0.880748 0.733632 0.879517 0.726708 0.907455 0.726066 0.905919 0.708734 0.909428 0.682078 0.870266 0.683362 0.871612 0.702006 0.86185 0.701667 0.913412 0.698528 0.911556 0.683311 0.90439 0.707942 0.859661 0.72557 0.902814 0.733634 0.926705 0.682043 0.905418 0.68279 0.904327 0.685458 0.898099 0.685605 0.896798 0.685734 0.880162 0.685655 0.878817 0.682705 0.871745 0.68158 0.870564 0.730495 0.884109 0.729913 0.885548 0.726167 0.901294 0.726063 0.902653 0.726673 0.905929 0.727183 0.907421 0.734001 0.879976 0.732583 0.881027 0.672872 0.922018 0.734001 0.926293 0.387747 0.768643 0.385919 0.766094 0.387993 0.764654 0.389812 0.767273 0.389379 0.790443 0.386792 0.793796 0.384196 0.79163 0.386943 0.788816 0.38196 0.789143 0.384922 0.786973 0.380325 0.786355 0.383512 0.78482 0.379297 0.783477 0.382574 0.782583 0.378775 0.780634 0.382125 0.780313 0.378673 0.777774 0.381954 0.778055 0.379107 0.774892 0.382255 0.775814 0.380167 0.772117 0.382997 0.77365 0.381821 0.769699 0.384292 0.771737 0.741442 0.461069 0.741442 0.463501 0.740233 0.46561 0.738139 0.466833 0.735721 0.46684 0.733627 0.465631 0.732418 0.46353 0.732418 0.461098 0.733627 0.458989 0.735721 0.457766 0.738139 0.457759 0.740233 0.458967 0.38381 0.76772 0.385897 0.770074 0.386682 0.770988 0.388432 0.769625 0.388617 0.769895 0.386882 0.771217 0.390184 0.768474 0.387799 0.787682 0.389816 0.789109 0.38599 0.786052 0.384649 0.784207 0.383725 0.782224 0.383236 0.780156 0.383102 0.778083 0.383392 0.776077 0.384084 0.774194 0.385211 0.772503 0.384918 0.784041 0.384007 0.782119 0.385221 0.781577 0.386095 0.78319 0.38803 0.787396 0.390017 0.788828 0.384331 0.77432 0.383669 0.776146 0.383534 0.780106 0.386237 0.785831 0.385439 0.77269 0.383389 0.778093 0.39035 0.76871 0.384739 0.779917 0.385169 0.779837 0.385637 0.781409 0.389449 0.771036 0.387828 0.772212 0.389097 0.78614 0.39142 0.787724 0.385555 0.774959 0.384921 0.776554 0.387383 0.784698 0.386529 0.773498 0.384654 0.778226 0.391569 0.769774 0.389743 0.771489 0.388137 0.772578 0.389443 0.785633 0.391867 0.787063 0.387741 0.784317 0.386876 0.773787 0.38594 0.775161 0.385079 0.778239 0.386485 0.782915 0.385336 0.776664 0.538808 0.483461 0.539211 0.483694 0.539444 0.484095 0.539444 0.484558 0.539211 0.484958 0.538808 0.485188 0.538343 0.485186 0.537941 0.484954 0.537708 0.484552 0.537708 0.48409 0.537941 0.48369 0.538343 0.48346 0.3919 0.770345 0.39253 0.772756 0.390482 0.773147 0.391602 0.776321 0.391054 0.776295 0.390372 0.783856 0.39253 0.784339 0.391072 0.780436 0.391705 0.78046 0.388831 0.783022 0.39053 0.780173 0.3877 0.781965 0.390065 0.77985 0.386952 0.780801 0.389708 0.779425 0.386546 0.779574 0.389469 0.778939 0.38645 0.778318 0.389479 0.778399 0.386663 0.777055 0.389616 0.777871 0.387179 0.775839 0.389876 0.777389 0.387979 0.774746 0.390153 0.776911 0.389066 0.773833 0.39055 0.776533 0.419052 0.790333 0.416681 0.793697 0.414061 0.791708 0.41663 0.788815 0.411737 0.789415 0.41462 0.787067 0.409873 0.786723 0.413008 0.785065 0.408707 0.783764 0.412022 0.782807 0.408199 0.780787 0.411524 0.780506 0.408209 0.777924 0.41152 0.778232 0.408642 0.77512 0.411791 0.776007 0.409595 0.772385 0.412516 0.773867 0.411124 0.769852 0.413654 0.771856 0.413148 0.767739 0.415299 0.770157 0.690087 0.482798 0.690087 0.480366 0.691296 0.478257 0.69339 0.477034 0.695808 0.477026 0.697902 0.478235 0.699111 0.480337 0.699111 0.482769 0.697902 0.484878 0.695808 0.486101 0.69339 0.486108 0.691296 0.484899 0.415395 0.766056 0.417208 0.768711 0.417617 0.764654 0.419386 0.767459 0.417868 0.769757 0.419698 0.768601 0.419865 0.768854 0.418052 0.770025 0.41742 0.787693 0.419429 0.789033 0.415577 0.78611 0.414142 0.784365 0.413199 0.782421 0.412692 0.780376 0.412624 0.778295 0.412906 0.776259 0.413589 0.774344 0.414644 0.7726 0.416104 0.771097 0.413484 0.782318 0.412982 0.780336 0.414241 0.780059 0.414742 0.781737 0.415819 0.78588 0.417639 0.787406 0.414874 0.772779 0.413848 0.774475 0.412921 0.778315 0.414402 0.784201 0.41631 0.771323 0.413182 0.776333 0.419619 0.788755 0.41412 0.778376 0.414551 0.778389 0.414669 0.779984 0.421064 0.769868 0.418929 0.771183 0.416945 0.784842 0.418639 0.786189 0.415979 0.773676 0.415001 0.775135 0.415648 0.783346 0.417284 0.772353 0.414391 0.776721 0.420945 0.787668 0.421442 0.770469 0.419213 0.771649 0.41729 0.784453 0.418974 0.785702 0.416031 0.783065 0.417594 0.772726 0.416331 0.773957 0.414803 0.776823 0.415156 0.781559 0.415393 0.775329 0.535644 0.485186 0.535241 0.484954 0.535009 0.484552 0.535008 0.48409 0.535241 0.48369 0.535644 0.48346 0.536109 0.483462 0.536512 0.483694 0.536744 0.484095 0.536744 0.484558 0.536512 0.484958 0.536109 0.485188 0.421343 0.78704 0.419867 0.783964 0.421963 0.784427 0.420562 0.780628 0.42118 0.780657 0.418361 0.783159 0.420032 0.780365 0.417247 0.782128 0.419626 0.779956 0.416472 0.780939 0.419263 0.779528 0.416039 0.779693 0.419019 0.779032 0.415929 0.77844 0.418898 0.778506 0.416122 0.777205 0.419031 0.777988 0.416622 0.776017 0.419283 0.77751 0.417433 0.774922 0.419647 0.777107 0.418538 0.773996 0.420047 0.776723 0.419986 0.773296 0.420559 0.776484 0.421963 0.772915 0.421144 0.77647 0.396811 0.778353 0.393506 0.778046 0.393934 0.775251 0.397074 0.776129 0.39488 0.772525 0.397795 0.773993 0.396392 0.769999 0.398928 0.771982 0.398389 0.767879 0.400568 0.77027 0.400592 0.766162 0.402492 0.768794 0.402909 0.764654 0.404714 0.767587 0.404327 0.790439 0.401953 0.793805 0.399333 0.791813 0.401905 0.788924 0.397014 0.789517 0.399902 0.787172 0.395154 0.786826 0.398289 0.78517 0.393994 0.783868 0.397303 0.782918 0.748158 0.46684 0.745727 0.466832 0.743621 0.465617 0.742406 0.463519 0.742406 0.461102 0.743621 0.459013 0.745727 0.457811 0.748158 0.45782 0.750264 0.459035 0.751479 0.461133 0.751479 0.46355 0.750264 0.465639 0.393494 0.780899 0.396813 0.780622 0.397979 0.780493 0.397915 0.778415 0.398209 0.778429 0.398267 0.780446 0.398186 0.776379 0.398866 0.774469 0.399922 0.772726 0.401381 0.77121 0.403152 0.769857 0.405004 0.76873 0.402696 0.787807 0.404704 0.789138 0.400861 0.786213 0.399421 0.78447 0.398475 0.782533 0.401584 0.771442 0.403332 0.770132 0.404208 0.771296 0.402566 0.772475 0.399125 0.774599 0.398462 0.776453 0.399681 0.784307 0.401097 0.785983 0.405167 0.768985 0.400148 0.772905 0.39876 0.782426 0.402911 0.787515 0.404894 0.78886 0.406348 0.770007 0.406719 0.770608 0.404492 0.771769 0.399403 0.778487 0.399527 0.780172 0.400276 0.775259 0.399665 0.776837 0.400926 0.783449 0.402222 0.784949 0.401254 0.7738 0.400013 0.781847 0.403913 0.786296 0.406218 0.787773 0.399832 0.778509 0.399952 0.780103 0.400668 0.775454 0.400078 0.776946 0.401605 0.774083 0.400432 0.781678 0.401309 0.783172 0.404248 0.785809 0.406617 0.787145 0.402868 0.772854 0.402566 0.78456 0.544822 0.484099 0.544822 0.484564 0.544591 0.484966 0.544191 0.485197 0.543729 0.485196 0.543328 0.484962 0.543097 0.484558 0.543097 0.484093 0.543328 0.483691 0.543729 0.48346 0.544191 0.483462 0.544591 0.483696 0.401399 0.777326 0.401208 0.778557 0.404304 0.778106 0.404169 0.778623 0.401898 0.776141 0.404557 0.77763 0.402707 0.775046 0.40492 0.777227 0.403814 0.774121 0.40532 0.776844 0.405263 0.773422 0.405831 0.776607 0.407235 0.773046 0.406416 0.776593 0.40514 0.784071 0.407235 0.784531 0.405827 0.78074 0.406444 0.780767 0.403635 0.783267 0.405296 0.780479 0.402521 0.782239 0.40489 0.78007 0.401748 0.781054 0.404529 0.779643 0.401317 0.77981 0.404287 0.779148 0.500746 0.923318 0.498357 0.921866 0.496034 0.924715 0.498562 0.926535 0.496401 0.920122 0.493606 0.922609 0.494773 0.918195 0.491664 0.91993 0.493754 0.915968 0.49045 0.916977 0.493225 0.91368 0.489902 0.914007 0.493186 0.911408 0.489874 0.911146 0.493428 0.909177 0.490268 0.90834 0.494118 0.907016 0.491174 0.905596 0.495224 0.904968 0.492642 0.903042 0.496858 0.903191 0.494589 0.900878 0.760255 0.459042 0.758162 0.457819 0.755745 0.457811 0.753652 0.45902 0.752443 0.461121 0.752443 0.463553 0.753652 0.465662 0.755745 0.466885 0.758162 0.466893 0.760256 0.465685 0.761464 0.463583 0.761464 0.461152 0.498809 0.901734 0.496788 0.899021 0.501023 0.900413 0.499097 0.897496 0.49948 0.902778 0.499666 0.903054 0.50152 0.901854 0.501348 0.901595 0.499142 0.920746 0.501111 0.922059 0.497327 0.919184 0.495886 0.917482 0.494921 0.915565 0.49439 0.913534 0.494288 0.911457 0.494552 0.909412 0.495205 0.907477 0.496241 0.905703 0.497698 0.90415 0.495203 0.915459 0.496448 0.914869 0.495939 0.913201 0.494679 0.913491 0.499358 0.920464 0.497564 0.918956 0.495466 0.907604 0.496472 0.905879 0.494588 0.911468 0.496141 0.917315 0.497905 0.904383 0.494829 0.909479 0.501294 0.921786 0.496361 0.913115 0.496222 0.91152 0.495791 0.911513 0.500553 0.904218 0.502744 0.902895 0.500351 0.919259 0.498662 0.917926 0.496635 0.908251 0.497602 0.90677 0.497366 0.916454 0.498913 0.905419 0.496043 0.909851 0.502596 0.920729 0.500852 0.904685 0.503104 0.903492 0.500674 0.918767 0.499001 0.917538 0.497743 0.916171 0.497959 0.90705 0.499222 0.905798 0.496458 0.909948 0.496859 0.914685 0.497032 0.908441 0.542133 0.484099 0.541902 0.483696 0.541501 0.483462 0.541039 0.48346 0.540639 0.483691 0.540408 0.484093 0.540408 0.484558 0.540639 0.484962 0.541039 0.485196 0.541502 0.485197 0.541902 0.484966 0.542133 0.484564 0.503014 0.920098 0.503639 0.917507 0.501558 0.917043 0.502864 0.913749 0.502248 0.91372 0.500059 0.916249 0.50172 0.913459 0.498947 0.91523 0.501314 0.913052 0.498167 0.914054 0.500948 0.912626 0.497725 0.912812 0.500702 0.912132 0.497603 0.911557 0.500578 0.911605 0.497785 0.910318 0.50071 0.911084 0.498275 0.90912 0.50096 0.910602 0.49908 0.908011 0.501323 0.910193 0.500188 0.907069 0.501725 0.909805 0.501645 0.906351 0.502239 0.909562 0.503639 0.905959 0.502829 0.909545 </float_array>
          <technique_common>
            <accessor count="2365" offset="0" source="#meshId1-tex0-array" stride="2">
              <param name="S" type="float" />
              <param name="T" type="float" />
            </accessor>
          </technique_common>
        </source>
        <vertices id="meshId1-vertices">
          <input semantic="POSITION" source="#meshId1-positions" />
          <input semantic="NORMAL" source="#meshId1-normals" />
          <input semantic="TANGENT" source="#meshId1-tangents" />
          <input semantic="BINORMAL" source="#meshId1-bitangents" />
          <input semantic="TEXCOORD" source="#meshId1-tex0"  />
        </vertices>
        <polylist count="3492" material="defaultMaterial">
          <input offset="0" semantic="VERTEX" source="#meshId1-vertices" />
          <vcount>3 3 3 3 3 3 3 3 3 3 3 3 3 3 3 3 3 3 3 3 3 3 3 3 3 3 3 3 3 3 3 3 3 3 3 3 3 3 3 3 3 3 3 3 3 3 3 3 3 3 3 3 3 3 3 3 3 3 3 3 3 3 3 3 3 3 3 3 3 3 3 3 3 3 3 3 3 3 3 3 3 3 3 3 3 3 3 3 3 3 3 3 3 3 3 3 3 3 3 3 3 3 3 3 3 3 3 3 3 3 3 3 3 3 3 3 3 3 3 3 3 3 3 3 3 3 3 3 3 3 3 3 3 3 3 3 3 3 3 3 3 3 3 3 3 3 3 3 3 3 3 3 3 3 3 3 3 3 3 3 3 3 3 3 3 3 3 3 3 3 3 3 3 3 3 3 3 3 3 3 3 3 3 3 3 3 3 3 3 3 3 3 3 3 3 3 3 3 3 3 3 3 3 3 3 3 3 3 3 3 3 3 3 3 3 3 3 3 3 3 3 3 3 3 3 3 3 3 3 3 3 3 3 3 3 3 3 3 3 3 3 3 3 3 3 3 3 3 3 3 3 3 3 3 3 3 3 3 3 3 3 3 3 3 3 3 3 3 3 3 3 3 3 3 3 3 3 3 3 3 3 3 3 3 3 3 3 3 3 3 3 3 3 3 3 3 3 3 3 3 3 3 3 3 3 3 3 3 3 3 3 3 3 3 3 3 3 3 3 3 3 3 3 3 3 3 3 3 3 3 3 3 3 3 3 3 3 3 3 3 3 3 3 3 3 3 3 3 3 3 3 3 3 3 3 3 3 3 3 3 3 3 3 3 3 3 3 3 3 3 3 3 3 3 3 3 3 3 3 3 3 3 3 3 3 3 3 3 3 3 3 3 3 3 3 3 3 3 3 3 3 3 3 3 3 3 3 3 3 3 3 3 3 3 3 3 3 3 3 3 3 3 3 3 3 3 3 3 3 3 3 3 3 3 3 3 3 3 3 3 3 3 3 3 3 3 3 3 3 3 3 3 3 3 3 3 3 3 3 3 3 3 3 3 3 3 3 3 3 3 3 3 3 3 3 3 3 3 3 3 3 3 3 3 3 3 3 3 3 3 3 3 3 3 3 3 3 3 3 3 3 3 3 3 3 3 3 3 3 3 3 3 3 3 3 3 3 3 3 3 3 3 3 3 3 3 3 3 3 3 3 3 3 3 3 3 3 3 3 3 3 3 3 3 3 3 3 3 3 3 3 3 3 3 3 3 3 3 3 3 3 3 3 3 3 3 3 3 3 3 3 3 3 3 3 3 3 3 3 3 3 3 3 3 3 3 3 3 3 3 3 3 3 3 3 3 3 3 3 3 3 3 3 3 3 3 3 3 3 3 3 3 3 3 3 3 3 3 3 3 3 3 3 3 3 3 3 3 3 3 3 3 3 3 3 3 3 3 3 3 3 3 3 3 3 3 3 3 3 3 3 3 3 3 3 3 3 3 3 3 3 3 3 3 3 3 3 3 3 3 3 3 3 3 3 3 3 3 3 3 3 3 3 3 3 3 3 3 3 3 3 3 3 3 3 3 3 3 3 3 3 3 3 3 3 3 3 3 3 3 3 3 3 3 3 3 3 3 3 3 3 3 3 3 3 3 3 3 3 3 3 3 3 3 3 3 3 3 3 3 3 3 3 3 3 3 3 3 3 3 3 3 3 3 3 3 3 3 3 3 3 3 3 3 3 3 3 3 3 3 3 3 3 3 3 3 3 3 3 3 3 3 3 3 3 3 3 3 3 3 3 3 3 3 3 3 3 3 3 3 3 3 3 3 3 3 3 3 3 3 3 3 3 3 3 3 3 3 3 3 3 3 3 3 3 3 3 3 3 3 3 3 3 3 3 3 3 3 3 3 3 3 3 3 3 3 3 3 3 3 3 3 3 3 3 3 3 3 3 3 3 3 3 3 3 3 3 3 3 3 3 3 3 3 3 3 3 3 3 3 3 3 3 3 3 3 3 3 3 3 3 3 3 3 3 3 3 3 3 3 3 3 3 3 3 3 3 3 3 3 3 3 3 3 3 3 3 3 3 3 3 3 3 3 3 3 3 3 3 3 3 3 3 3 3 3 3 3 3 3 3 3 3 3 3 3 3 3 3 3 3 3 3 3 3 3 3 3 3 3 3 3 3 3 3 3 3 3 3 3 3 3 3 3 3 3 3 3 3 3 3 3 3 3 3 3 3 3 3 3 3 3 3 3 3 3 3 3 3 3 3 3 3 3 3 3 3 3 3 3 3 3 3 3 3 3 3 3 3 3 3 3 3 3 3 3 3 3 3 3 3 3 3 3 3 3 3 3 3 3 3 3 3 3 3 3 3 3 3 3 3 3 3 3 3 3 3 3 3 3 3 3 3 3 3 3 3 3 3 3 3 3 3 3 3 3 3 3 3 3 3 3 3 3 3 3 3 3 3 3 3 3 3 3 3 3 3 3 3 3 3 3 3 3 3 3 3 3 3 3 3 3 3 3 3 3 3 3 3 3 3 3 3 3 3 3 3 3 3 3 3 3 3 3 3 3 3 3 3 3 3 3 3 3 3 3 3 3 3 3 3 3 3 3 3 3 3 3 3 3 3 3 3 3 3 3 3 3 3 3 3 3 3 3 3 3 3 3 3 3 3 3 3 3 3 3 3 3 3 3 3 3 3 3 3 3 3 3 3 3 3 3 3 3 3 3 3 3 3 3 3 3 3 3 3 3 3 3 3 3 3 3 3 3 3 3 3 3 3 3 3 3 3 3 3 3 3 3 3 3 3 3 3 3 3 3 3 3 3 3 3 3 3 3 3 3 3 3 3 3 3 3 3 3 3 3 3 3 3 3 3 3 3 3 3 3 3 3 3 3 3 3 3 3 3 3 3 3 3 3 3 3 3 3 3 3 3 3 3 3 3 3 3 3 3 3 3 3 3 3 3 3 3 3 3 3 3 3 3 3 3 3 3 3 3 3 3 3 3 3 3 3 3 3 3 3 3 3 3 3 3 3 3 3 3 3 3 3 3 3 3 3 3 3 3 3 3 3 3 3 3 3 3 3 3 3 3 3 3 3 3 3 3 3 3 3 3 3 3 3 3 3 3 3 3 3 3 3 3 3 3 3 3 3 3 3 3 3 3 3 3 3 3 3 3 3 3 3 3 3 3 3 3 3 3 3 3 3 3 3 3 3 3 3 3 3 3 3 3 3 3 3 3 3 3 3 3 3 3 3 3 3 3 3 3 3 3 3 3 3 3 3 3 3 3 3 3 3 3 3 3 3 3 3 3 3 3 3 3 3 3 3 3 3 3 3 3 3 3 3 3 3 3 3 3 3 3 3 3 3 3 3 3 3 3 3 3 3 3 3 3 3 3 3 3 3 3 3 3 3 3 3 3 3 3 3 3 3 3 3 3 3 3 3 3 3 3 3 3 3 3 3 3 3 3 3 3 3 3 3 3 3 3 3 3 3 3 3 3 3 3 3 3 3 3 3 3 3 3 3 3 3 3 3 3 3 3 3 3 3 3 3 3 3 3 3 3 3 3 3 3 3 3 3 3 3 3 3 3 3 3 3 3 3 3 3 3 3 3 3 3 3 3 3 3 3 3 3 3 3 3 3 3 3 3 3 3 3 3 3 3 3 3 3 3 3 3 3 3 3 3 3 3 3 3 3 3 3 3 3 3 3 3 3 3 3 3 3 3 3 3 3 3 3 3 3 3 3 3 3 3 3 3 3 3 3 3 3 3 3 3 3 3 3 3 3 3 3 3 3 3 3 3 3 3 3 3 3 3 3 3 3 3 3 3 3 3 3 3 3 3 3 3 3 3 3 3 3 3 3 3 3 3 3 3 3 3 3 3 3 3 3 3 3 3 3 3 3 3 3 3 3 3 3 3 3 3 3 3 3 3 3 3 3 3 3 3 3 3 3 3 3 3 3 3 3 3 3 3 3 3 3 3 3 3 3 3 3 3 3 3 3 3 3 3 3 3 3 3 3 3 3 3 3 3 3 3 3 3 3 3 3 3 3 3 3 3 3 3 3 3 3 3 3 3 3 3 3 3 3 3 3 3 3 3 3 3 3 3 3 3 3 3 3 3 3 3 3 3 3 3 3 3 3 3 3 3 3 3 3 3 3 3 3 3 3 3 3 3 3 3 3 3 3 3 3 3 3 3 3 3 3 3 3 3 3 3 3 3 3 3 3 3 3 3 3 3 3 3 3 3 3 3 3 3 3 3 3 3 3 3 3 3 3 3 3 3 3 3 3 3 3 3 3 3 3 3 3 3 3 3 3 3 3 3 3 3 3 3 3 3 3 3 3 3 3 3 3 3 3 3 3 3 3 3 3 3 3 3 3 3 3 3 3 3 3 3 3 3 3 3 3 3 3 3 3 3 3 3 3 3 3 3 3 3 3 3 3 3 3 3 3 3 3 3 3 3 3 3 3 3 3 3 3 3 3 3 3 3 3 3 3 3 3 3 3 3 3 3 3 3 3 3 3 3 3 3 3 3 3 3 3 3 3 3 3 3 3 3 3 3 3 3 3 3 3 3 3 3 3 3 3 3 3 3 3 3 3 3 3 3 3 3 3 3 3 3 3 3 3 3 3 3 3 3 3 3 3 3 3 3 3 3 3 3 3 3 3 3 3 3 3 3 3 3 3 3 3 3 3 3 3 3 3 3 3 3 3 3 3 3 3 3 3 3 3 3 3 3 3 3 3 3 3 3 3 3 3 3 3 3 3 3 3 3 3 3 3 3 3 3 3 3 3 3 3 3 3 3 3 3 3 3 3 3 3 3 3 3 3 3 3 3 3 3 3 3 3 3 3 3 3 3 3 3 3 3 3 3 3 3 3 3 3 3 3 3 3 3 3 3 3 3 3 3 3 3 3 3 3 3 3 3 3 3 3 3 3 3 3 3 3 3 3 3 3 3 3 3 3 3 3 3 3 3 3 3 3 3 3 3 3 3 3 3 3 3 3 3 3 3 3 3 3 3 3 3 3 3 3 3 3 3 3 3 3 3 3 3 3 3 3 3 3 3 3 3 3 3 3 3 3 3 3 3 3 3 3 3 3 3 3 3 3 3 3 3 3 3 3 3 3 3 3 3 3 3 3 3 3 3 3 3 3 3 3 3 3 3 3 3 3 3 3 3 3 3 3 3 3 3 3 3 3 3 3 3 3 3 3 3 3 3 3 3 3 3 3 3 3 3 3 3 3 3 3 3 3 3 3 3 3 3 3 3 3 3 3 3 3 3 3 3 3 3 3 3 3 3 3 3 3 3 3 3 3 3 3 3 3 3 3 3 3 3 3 3 3 3 3 3 3 3 3 3 3 3 3 3 3 3 3 3 3 3 3 3 3 3 3 3 3 3 3 3 3 3 3 3 3 3 3 3 3 3 3 3 3 3 3 3 3 3 3 3 3 3 3 3 3 3 3 3 3 3 3 3 3 3 3 3 3 3 3 3 3 3 3 3 3 3 3 3 3 3 3 3 3 3 3 3 3 3 3 3 3 3 3 3 3 3 3 3 3 3 3 3 3 3 3 3 3 3 3 3 3 3 3 3 3 3 3 3 3 3 3 3 3 3 3 3 3 3 3 3 3 3 3 3 3 3 3 3 3 3 3 3 3 3 3 3 3 3 3 3 3 3 3 3 3 3 3 3 3 3 3 3 3 3 3 3 3 3 3 3 3 3 3 3 3 3 3 3 3 3 3 3 3 3 3 3 3 3 3 3 3 3 3 3 3 3 3 3 3 3 3 3 3 3 3 3 3 3 3 3 3 3 3 3 3 3 3 3 3 3 3 3 3 3 3 3 3 3 3 3 3 3 3 3 3 3 3 3 3 3 3 3 3 3 3 3 3 3 3 3 3 3 3 3 3 3 3 3 3 3 3 3 3 3 3 3 3 3 3 3 3 3 3 3 3 3 3 3 3 3 3 3 3 3 3 3 3 3 3 3 3 3 3 3 3 3 3 3 3 3 3 3 3 3 3 3 3 3 3 3 3 3 3 3 3 3 3 3 3 3 3 3 3 3 3 3 3 3 3 3 3 3 3 3 3 3 3 3 3 3 3 3 3 3 3 3 3 3 3 3 3 3 3 3 3 3 3 3 3 3 3 3 3 3 3 3 3 3 3 3 3 3 3 3 3 3 3 3 3 3 3 3 3 3 3 3 3 3 3 3 3 3 3 3 3 3 3 3 3 3 3 3 3 3 3 3 3 3 3 3 3 3 3 3 3 3 3 3 3 3 3 3 3 3 3 3 3 3 3 3 3 3 3 3 3 3 3 3 3 3 3 3 3 3 3 3 3 3 3 3 3 3 3 3 3 3 3 3 3 3 3 3 3 3 3 3 3 3 3 3 3 3 3 3 3 3 3 3 3 3 3 3 3 3 3 3 3 3 3 3 3 3 3 3 3 3 3 3 3 3 3 3 3 3 3 3 3 3 3 3 3 3 3 3 3 3 3 3 3 3 3 3 3 3 3 3 3 3 3 3 3 3 3 3 3 3 3 3 3 3 3 3 3 3 3 3 3 3 3 3 3 3 3 3 3 3 3 3 3 3 3 3 3 3 3 3 3 3 3 3 3 3 3 3 3 3 3 3 3 3 3 3 3 3 3 3 3 3 3 3 3 3 3 3 3 3 3 3 3 3 3 3 3 3 3 3 3 3 3 3 3 3 3 3 3 3 3 3 3 3 3 3 3 3 3 3 3 3 3 3 3 3 3 3 3 3 3 3 3 3 3 3 3 3 3 3 3 3 3 3 3 3 3 3 3 3 3 3 3 3 3 3 3 3 3 3 3 3 3 3 3 3 3 3 3 3 3 3 3 3 3 3 3 3 3 3 3 3 3 3 3 3 3 3 3 3 3 3 3 3 3 3 3 3 3 3 3 3 3 3 3 3 3 3 3 3 3 3 3 3 3 3 3 3 3 3 3 3 3 3 3 3 3 3 3 3 3 3 3 3 3 3 3 3 3 3 3 3 3 3 3 3 3 3 3 3 3 3 3 3 3 3 3 3 3 3 3 3 3 3 3 3 3 3 3 3 3 3 3 3 3 3 3 3 3 3 3 3 3 3 3 3 3 3 3 3 3 3 3 3 3 3 3 3 3 3 3 3 3 3 3 3 3 3 3 3 3 3 3 3 3 3 3 3 3 3 3 3 3 3 3 3 3 3 3 3 3 3 3 3 3 3 3 3 3 3 3 3 3 3 3 3 3 3 3 3 3 3 3 3 3 3 3 3 3 3 3 3 3 3 3 3 3 3 3 3 3 3 3 3 3 3 3 3 3 3 3 3 3 3 3 3 3 3 3 3 3 3 3 3 3 3 3 3 3 3 3 3 3 3 3 3 3 3 3 3 3 3 3 3 3 3 3 3 3 3 3 3 3 3 3 3 3 3 3 3 3 3 3 3 3 3 3 3 3 3 3 3 3 3 3 3 3 3 3 3 3 3 3 3 3 3 3 3 3 3 3 3 3 3 3 3 3 3 3 3 3 3 3 3 3 3 3 3 3 3 3 3 3 3 3 3 3 3 3 3 3 3 3 3 3 3 3 3 3 3 3 3 3 3 3 3 3 3 3 3 3 3 3 3 3 3 3 3 3 3 3 3 3 3 3 3 3 3 3 3 3 3 3 3 3 3 3 3 3 3 3 3 3 3 3 3 3 3 3 3 3 3 3 3 3 3 3 3 3 3 3 3 3 3 3 3 3 3 3 3 3 3 3 3 3 3 3 3 3 3 3 3 3 3 3 3 3 3 3 3 3 3 3 3 3 3 3 3 3 3 3 3 3 3 3 3 3 3 3 3 3 3 3 3 3 3 3 3 3 3 3 </vcount>
          <p>3 0 1 1 2 3 7 4 5 5 6 7 11 8 9 9 10 11 15 12 13 13 14 15 19 16 17 17 18 19 21 7 6 6 20 21 25 22 23 23 24 25 29 26 27 27 28 29 33 30 31 31 32 33 37 34 35 35 36 37 41 38 39 39 40 41 44 42 43 43 34 44 48 45 46 46 47 48 52 49 50 50 51 52 56 53 54 54 55 56 47 46 57 57 58 47 62 59 60 60 61 62 64 52 51 51 63 64 68 65 66 66 67 68 69 56 55 55 37 69 73 70 71 71 72 73 10 74 75 75 11 10 79 76 77 77 78 79 83 80 81 81 82 83 86 65 84 84 85 86 85 84 87 87 88 85 92 89 90 90 91 92 96 93 94 94 95 96 100 97 98 98 99 100 104 101 102 102 103 104 106 15 14 14 105 106 110 107 108 108 109 110 114 111 112 112 113 114 93 115 116 116 94 93 53 117 118 118 54 53 22 119 120 120 23 22 124 121 122 122 123 124 128 125 126 126 127 128 127 126 129 129 2 127 132 130 129 129 131 132 49 16 19 19 50 49 136 133 134 134 135 136 140 137 138 138 139 140 144 141 142 142 143 144 148 145 146 146 147 148 150 149 41 41 40 150 103 39 38 38 104 103 152 151 89 89 92 152 123 122 151 151 152 123 149 21 20 20 41 149 154 153 97 97 100 154 107 155 156 156 108 107 158 157 26 26 29 158 162 159 160 160 161 162 166 163 164 164 165 166 88 87 153 153 154 88 168 110 109 109 167 168 104 38 45 45 48 104 155 169 170 170 156 155 172 171 159 159 162 172 99 98 125 125 128 99 82 81 173 173 174 82 177 175 176 176 8 177 181 178 179 179 180 181 184 182 131 131 183 184 187 185 186 186 68 187 191 188 189 189 190 191 195 192 193 193 194 195 199 196 197 197 198 199 194 193 121 121 124 194 196 166 165 165 197 196 174 173 42 42 44 174 203 200 201 201 202 203 204 187 68 68 67 204 206 199 198 198 205 206 169 184 183 183 170 169 185 168 167 167 186 185 28 27 188 188 191 28 180 140 139 139 181 180 34 43 207 207 35 34 70 208 209 209 71 70 202 201 171 171 172 202 210 66 65 65 86 210 91 90 175 175 177 91 176 211 212 212 213 176 217 214 215 215 216 217 219 218 192 192 195 219 18 219 195 195 19 18 86 116 220 220 210 86 78 73 72 72 79 78 221 158 29 29 60 221 222 32 31 31 161 222 63 123 152 152 223 63 13 154 100 100 14 13 223 152 92 92 112 223 14 100 99 99 105 14 225 224 102 102 101 225 101 104 48 48 226 101 55 44 34 34 37 55 91 113 112 112 92 91 123 63 51 51 124 123 28 61 60 60 29 28 24 162 161 161 31 24 128 227 105 105 99 128 154 13 95 95 88 154 228 127 2 2 1 228 19 195 194 194 50 19 229 177 8 8 11 229 116 86 85 85 94 116 231 47 58 58 230 231 118 82 174 174 54 118 233 191 190 190 232 233 120 202 172 172 23 120 61 28 191 191 233 61 23 172 162 162 24 23 127 228 227 227 128 127 143 234 235 235 144 143 202 120 236 236 203 202 239 237 238 238 232 239 88 95 94 94 85 88 47 231 226 226 48 47 54 174 44 44 55 54 118 117 240 240 241 118 243 242 230 230 58 243 113 91 177 177 229 113 241 83 82 82 118 241 50 194 124 124 51 50 245 217 216 216 244 245 218 246 247 247 192 218 80 248 249 249 81 80 232 190 250 250 239 232 146 142 141 141 147 146 157 251 252 252 26 157 254 253 160 160 164 254 122 255 256 256 151 122 153 109 108 108 97 153 151 256 257 257 89 151 97 108 156 156 98 97 161 160 253 253 222 161 163 258 254 254 164 163 38 41 20 20 45 38 42 259 260 260 43 42 261 90 89 89 257 261 255 122 121 121 262 255 263 27 26 26 252 263 159 165 164 164 160 159 170 125 98 98 156 170 109 153 87 87 167 109 126 183 131 131 129 126 192 247 264 264 193 192 175 265 211 211 176 175 65 68 186 186 84 65 46 6 5 5 57 46 81 249 266 266 173 81 188 267 268 268 189 188 201 198 197 197 171 201 27 263 267 267 188 27 171 197 165 165 159 171 183 126 125 125 170 183 137 135 134 134 138 137 2 129 130 130 3 2 190 189 269 269 250 190 167 87 84 84 186 167 6 46 45 45 20 6 173 266 259 259 42 173 58 57 270 270 243 58 271 270 57 57 5 271 4 272 271 271 5 4 90 261 265 265 175 90 8 176 213 213 9 8 193 264 262 262 121 193 182 273 132 132 131 182 189 268 274 274 269 189 216 219 18 18 244 216 180 0 3 3 140 180 143 210 220 220 234 143 78 10 9 9 73 78 275 246 218 218 215 275 137 130 132 132 135 137 146 67 66 66 142 146 70 213 212 212 208 70 277 276 246 246 275 277 215 218 219 219 216 215 140 3 130 130 137 140 145 204 67 67 146 145 73 9 213 213 70 73 142 66 210 210 143 142 179 278 0 0 180 179 77 74 10 10 78 77 198 201 200 200 205 198 35 158 221 221 36 35 102 32 222 222 103 102 279 251 157 157 207 279 39 253 254 254 40 39 281 280 251 251 279 281 158 35 207 207 157 158 103 222 253 253 39 103 224 33 32 32 102 224 43 260 279 279 207 43 283 239 250 250 282 283 245 283 282 282 217 245 285 203 236 236 284 285 139 285 284 284 181 139 287 242 243 243 286 287 235 287 286 286 144 235 289 83 241 241 288 289 72 289 288 288 79 72 291 269 274 274 290 291 214 291 290 290 292 214 294 205 200 200 293 294 134 294 293 293 138 134 296 270 271 271 295 296 141 296 295 295 147 141 298 248 80 80 297 298 209 298 297 297 71 209 299 206 205 205 294 299 133 299 294 294 134 133 282 250 269 269 291 282 217 282 291 291 214 217 293 200 203 203 285 293 138 293 285 285 139 138 301 300 248 248 298 301 302 301 298 298 209 302 289 72 71 71 297 289 83 289 297 297 80 83 286 243 270 270 296 286 144 286 296 296 141 144 303 178 181 181 284 303 304 303 284 284 236 304 306 305 242 242 287 306 307 306 287 287 235 307 214 292 275 275 215 214 79 288 308 308 76 79 288 241 240 240 308 288 239 283 309 309 237 239 283 245 310 310 309 283 36 221 311 311 312 36 234 220 313 313 314 234 244 18 17 17 315 244 316 230 242 242 305 316 304 236 120 120 119 304 37 36 312 312 69 37 310 245 244 244 315 310 228 1 317 317 318 228 233 232 238 238 319 233 231 230 316 316 320 231 229 11 75 75 321 229 95 13 12 12 96 95 63 223 322 322 64 63 113 229 321 321 114 113 307 235 234 234 314 307 313 220 116 116 115 313 101 226 323 323 225 101 105 227 324 324 106 105 24 31 30 30 25 24 226 231 320 320 323 226 227 228 318 318 324 227 221 60 59 59 311 221 61 233 319 319 62 61 317 1 0 0 278 317 223 112 111 111 322 223 147 295 325 325 148 147 295 271 272 272 325 295 292 290 326 326 327 292 290 274 328 328 326 290 40 254 258 258 150 40 208 212 329 329 330 208 135 132 273 273 136 135 247 246 276 276 331 247 249 248 300 300 332 249 252 251 280 280 333 252 265 261 334 334 335 265 262 264 336 336 337 262 274 268 338 338 328 274 212 211 339 339 329 212 267 263 340 340 341 267 268 267 341 341 338 268 211 265 335 335 339 211 264 247 331 331 336 264 255 262 337 337 342 255 261 257 343 343 334 261 263 252 333 333 340 263 256 255 342 342 344 256 260 259 345 345 346 260 279 260 346 346 281 279 209 208 330 330 302 209 275 292 327 327 277 275 257 256 344 344 343 257 259 266 347 347 345 259 266 249 332 332 347 266 351 348 349 349 350 351 353 351 350 350 352 353 355 353 352 352 354 355 357 355 354 354 356 357 359 357 356 356 358 359 361 359 358 358 360 361 363 361 360 360 362 363 365 363 362 362 364 365 367 365 364 364 366 367 369 367 366 366 368 369 372 370 368 368 371 372 373 369 368 368 370 373 375 373 370 370 374 375 387 376 377 387 377 378 387 378 379 387 379 380 387 380 381 387 381 382 387 382 383 387 383 384 387 384 385 385 386 387 391 388 389 389 390 391 393 352 350 350 392 393 371 368 366 366 394 371 394 366 364 364 395 394 395 364 362 362 396 395 396 362 360 360 397 396 397 360 358 358 388 397 388 358 356 356 389 388 389 356 354 354 398 389 399 374 370 370 372 399 392 350 349 349 400 392 398 354 352 352 393 398 402 393 392 392 401 402 414 403 404 414 404 405 414 405 406 414 406 407 414 407 408 414 408 409 414 409 410 414 410 411 414 411 412 412 413 414 416 394 395 395 415 416 417 397 388 388 391 417 418 398 393 393 402 418 420 399 372 372 419 420 421 371 394 394 416 421 422 396 397 397 417 422 390 389 398 398 418 390 419 372 371 371 421 419 415 395 396 396 422 415 425 401 423 423 424 425 427 425 424 424 426 427 428 402 401 401 425 428 429 428 425 425 427 429 430 418 402 402 428 430 431 430 428 428 429 431 432 390 418 418 430 432 433 432 430 430 431 433 434 391 390 390 432 434 435 434 432 432 433 435 436 417 391 391 434 436 437 436 434 434 435 437 438 422 417 417 436 438 439 438 436 436 437 439 440 415 422 422 438 440 441 440 438 438 439 441 442 416 415 415 440 442 443 442 440 440 441 443 444 421 416 416 442 444 445 444 442 442 443 445 446 419 421 421 444 446 447 446 444 444 445 447 448 420 419 419 446 448 449 448 446 446 447 449 401 392 400 400 423 401 453 450 451 451 452 453 457 454 455 455 456 457 459 457 456 456 458 459 461 459 458 458 460 461 463 461 460 460 462 463 465 463 462 462 464 465 467 465 464 464 466 467 469 467 466 466 468 469 471 469 468 468 470 471 473 471 470 470 472 473 476 474 472 472 475 476 477 473 472 472 474 477 450 477 474 474 451 450 489 478 479 489 479 480 489 480 481 489 481 482 489 482 483 489 483 484 489 484 485 489 485 486 489 486 487 487 488 489 493 490 491 491 492 493 495 456 455 455 494 495 475 472 470 470 496 475 496 470 468 468 497 496 497 468 466 466 498 497 498 466 464 464 499 498 499 464 462 462 490 499 490 462 460 460 491 490 491 460 458 458 500 491 501 451 474 474 476 501 502 452 451 451 501 502 500 458 456 456 495 500 504 495 494 494 503 504 516 505 506 516 506 507 516 507 508 516 508 509 516 509 510 516 510 511 516 511 512 516 512 513 516 513 514 514 515 516 518 496 497 497 517 518 519 499 490 490 493 519 520 500 495 495 504 520 522 501 476 476 521 522 523 475 496 496 518 523 524 498 499 499 519 524 492 491 500 500 520 492 521 476 475 475 523 521 517 497 498 498 524 517 527 525 522 522 526 527 529 527 526 526 528 529 531 504 503 503 530 531 533 531 530 530 532 533 534 520 504 504 531 534 535 534 531 531 533 535 536 492 520 520 534 536 537 536 534 534 535 537 538 493 492 492 536 538 539 538 536 536 537 539 540 519 493 493 538 540 541 540 538 538 539 541 542 524 519 519 540 542 543 542 540 540 541 543 544 517 524 524 542 544 545 544 542 542 543 545 546 518 517 517 544 546 547 546 544 544 545 547 548 523 518 518 546 548 549 548 546 546 547 549 550 521 523 523 548 550 551 550 548 548 549 551 526 522 521 521 550 526 528 526 550 550 551 528 525 502 501 501 522 525 555 552 553 553 554 555 559 556 557 557 558 559 558 557 560 560 561 558 561 560 562 562 563 561 563 562 564 564 565 563 565 564 566 566 567 565 567 566 568 568 569 567 569 568 570 570 571 569 571 570 572 572 573 571 573 572 574 574 575 573 575 576 577 577 578 575 575 574 579 579 576 575 576 579 552 552 555 576 591 580 581 591 581 582 591 582 583 591 583 584 591 584 585 591 585 586 591 586 587 591 587 588 591 588 589 589 590 591 595 592 593 593 594 595 559 558 596 596 597 559 573 575 578 578 598 573 571 573 598 598 599 571 569 571 599 599 600 569 567 569 600 600 601 567 565 567 601 601 592 565 563 565 592 592 595 563 561 563 595 595 602 561 576 555 603 603 577 576 555 554 604 604 603 555 558 561 602 602 596 558 597 596 605 605 606 597 618 607 608 618 608 609 618 609 610 618 610 611 618 611 612 618 612 613 618 613 614 618 614 615 618 615 616 616 617 618 599 598 619 619 620 599 592 601 621 621 593 592 596 602 622 622 605 596 577 603 623 623 624 577 598 578 625 625 619 598 601 600 626 626 621 601 602 595 594 594 622 602 578 577 624 624 625 578 600 599 620 620 626 600 623 627 628 628 629 623 629 628 630 630 631 629 606 605 632 632 633 606 633 632 634 634 635 633 605 622 636 636 632 605 632 636 637 637 634 632 622 594 638 638 636 622 636 638 639 639 637 636 594 593 640 640 638 594 638 640 641 641 639 638 593 621 642 642 640 593 640 642 643 643 641 640 621 626 644 644 642 621 642 644 645 645 643 642 626 620 646 646 644 626 644 646 647 647 645 644 620 619 648 648 646 620 646 648 649 649 647 646 619 625 650 650 648 619 648 650 651 651 649 648 625 624 652 652 650 625 650 652 653 653 651 650 624 623 629 629 652 624 652 629 631 631 653 652 603 604 627 627 623 603 657 654 655 655 656 657 656 655 658 658 659 656 663 660 661 661 662 663 662 661 664 664 665 662 665 664 666 666 667 665 667 666 668 668 669 667 669 668 670 670 671 669 671 670 672 672 673 671 673 672 674 674 675 673 675 674 676 676 677 675 677 678 679 679 680 677 677 676 681 681 678 677 678 681 654 654 657 678 693 682 683 693 683 684 693 684 685 693 685 686 693 686 687 693 687 688 693 688 689 693 689 690 693 690 691 691 692 693 697 694 695 695 696 697 656 659 698 698 699 656 675 677 680 680 700 675 673 675 700 700 701 673 671 673 701 701 702 671 669 671 702 702 703 669 667 669 703 703 694 667 665 667 694 694 697 665 662 665 697 697 704 662 678 657 705 705 679 678 657 656 699 699 705 657 663 662 704 704 706 663 699 698 707 707 708 699 720 709 710 720 710 711 720 711 712 720 712 713 720 713 714 720 714 715 720 715 716 720 716 717 720 717 718 718 719 720 701 700 721 721 722 701 694 703 723 723 695 694 706 704 724 724 725 706 679 705 726 726 727 679 700 680 728 728 721 700 703 702 729 729 723 703 704 697 696 696 724 704 680 679 727 727 728 680 702 701 722 722 729 702 726 708 730 730 731 726 731 730 732 732 733 731 708 707 734 734 730 708 730 734 735 735 732 730 725 724 736 736 737 725 737 736 738 738 739 737 724 696 740 740 736 724 736 740 741 741 738 736 696 695 742 742 740 696 740 742 743 743 741 740 695 723 744 744 742 695 742 744 745 745 743 742 723 729 746 746 744 723 744 746 747 747 745 744 729 722 748 748 746 729 746 748 749 749 747 746 722 721 750 750 748 722 748 750 751 751 749 748 721 728 752 752 750 721 750 752 753 753 751 750 728 727 754 754 752 728 752 754 755 755 753 752 727 726 731 731 754 727 754 731 733 733 755 754 705 699 708 708 726 705 759 756 757 757 758 759 758 757 760 760 761 758 761 760 762 762 763 761 767 764 765 765 766 767 766 765 768 768 769 766 769 768 770 770 771 769 771 770 772 772 773 771 773 772 774 774 775 773 775 774 776 776 777 775 777 776 778 778 779 777 779 780 781 781 782 779 779 778 783 783 780 779 780 783 756 756 759 780 795 784 785 795 785 786 795 786 787 795 787 788 795 788 789 795 789 790 795 790 791 795 791 792 795 792 793 793 794 795 799 796 797 797 798 799 758 761 800 800 801 758 777 779 782 782 802 777 775 777 802 802 803 775 773 775 803 803 804 773 771 773 804 804 805 771 769 771 805 805 796 769 766 769 796 796 799 766 767 766 799 799 806 767 780 759 807 807 781 780 759 758 801 801 807 759 761 763 808 808 800 761 801 800 809 809 810 801 822 811 812 822 812 813 822 813 814 822 814 815 822 815 816 822 816 817 822 817 818 822 818 819 822 819 820 820 821 822 803 802 823 823 824 803 796 805 825 825 797 796 800 808 826 826 809 800 781 807 827 827 828 781 802 782 829 829 823 802 805 804 830 830 825 805 806 799 798 798 831 806 782 781 828 828 829 782 804 803 824 824 830 804 827 810 832 832 833 827 833 832 834 834 835 833 810 809 836 836 832 810 832 836 837 837 834 832 809 826 838 838 836 809 836 838 839 839 837 836 831 798 840 840 841 831 841 840 842 842 843 841 798 797 844 844 840 798 840 844 845 845 842 840 797 825 846 846 844 797 844 846 847 847 845 844 825 830 848 848 846 825 846 848 849 849 847 846 830 824 850 850 848 830 848 850 851 851 849 848 824 823 852 852 850 824 850 852 853 853 851 850 823 829 854 854 852 823 852 854 855 855 853 852 829 828 856 856 854 829 854 856 857 857 855 854 828 827 833 833 856 828 856 833 835 835 857 856 807 801 810 810 827 807 861 858 859 859 860 861 863 861 860 860 862 863 867 864 865 865 866 867 869 867 866 866 868 869 871 869 868 868 870 871 873 871 870 870 872 873 875 873 872 872 874 875 877 875 874 874 876 877 879 877 876 876 878 879 881 879 878 878 880 881 884 882 880 880 883 884 885 881 880 880 882 885 858 885 882 882 859 858 897 886 887 897 887 888 897 888 889 897 889 890 897 890 891 897 891 892 897 892 893 897 893 894 897 894 895 895 896 897 901 898 899 899 900 901 903 862 860 860 902 903 883 880 878 878 904 883 904 878 876 876 905 904 905 876 874 874 906 905 906 874 872 872 907 906 907 872 870 870 898 907 898 870 868 868 899 898 899 868 866 866 908 899 909 859 882 882 884 909 902 860 859 859 909 902 908 866 865 865 910 908 912 903 902 902 911 912 924 913 914 924 914 915 924 915 916 924 916 917 924 917 918 924 918 919 924 919 920 924 920 921 924 921 922 922 923 924 926 904 905 905 925 926 927 907 898 898 901 927 929 908 910 910 928 929 931 909 884 884 930 931 932 883 904 904 926 932 933 906 907 907 927 933 900 899 908 908 929 900 930 884 883 883 932 930 925 905 906 906 933 925 935 911 931 931 934 935 937 935 934 934 936 937 938 912 911 911 935 938 939 938 935 935 937 939 941 929 928 928 940 941 943 941 940 940 942 943 944 900 929 929 941 944 945 944 941 941 943 945 946 901 900 900 944 946 947 946 944 944 945 947 948 927 901 901 946 948 949 948 946 946 947 949 950 933 927 927 948 950 951 950 948 948 949 951 952 925 933 933 950 952 953 952 950 950 951 953 954 926 925 925 952 954 955 954 952 952 953 955 956 932 926 926 954 956 957 956 954 954 955 957 958 930 932 932 956 958 959 958 956 956 957 959 934 931 930 930 958 934 936 934 958 958 959 936 911 902 909 909 931 911 963 960 961 961 962 963 962 961 964 964 965 962 967 962 965 965 966 967 968 963 962 962 967 968 972 969 970 970 971 972 971 970 973 973 974 971 976 971 974 974 975 976 977 972 971 971 976 977 981 978 979 979 980 981 980 979 982 982 983 980 985 980 983 983 984 985 986 981 980 980 985 986 990 987 988 988 989 990 989 988 991 991 992 989 994 989 992 992 993 994 995 990 989 989 994 995 999 996 997 997 998 999 998 997 978 978 981 998 1000 998 981 981 986 1000 1001 999 998 998 1000 1001 1005 1002 1003 1003 1004 1005 1004 1003 1006 1006 1007 1004 1009 1004 1007 1007 1008 1009 1010 1005 1004 1004 1009 1010 1014 1011 1012 1012 1013 1014 1013 1012 1002 1002 1005 1013 1015 1013 1005 1005 1010 1015 1016 1014 1013 1013 1015 1016 1020 1017 1018 1018 1019 1020 1019 1018 1021 1021 1022 1019 1023 1019 1022 1022 991 1023 1024 1020 1019 1019 1023 1024 1028 1025 1026 1026 1027 1028 1027 1026 1029 1029 1030 1027 990 1027 1030 1030 987 990 995 1028 1027 1027 990 995 1034 1031 1032 1032 1033 1034 1033 1032 996 996 999 1033 1035 1033 999 999 1001 1035 1036 1034 1033 1033 1035 1036 1000 986 985 985 1037 1000 1037 985 984 984 1038 1037 1040 1037 1038 1038 1039 1040 1001 1000 1037 1037 1040 1001 1044 1041 1042 1042 1043 1044 1043 1042 1024 1024 1023 1043 988 1043 1023 1023 991 988 987 1044 1043 1043 988 987 1046 968 967 967 1045 1046 1045 967 966 966 1047 1045 1048 1045 1047 1047 1021 1048 1049 1046 1045 1045 1048 1049 1053 1050 1051 1051 1052 1053 1052 1051 1054 1054 1055 1052 970 1052 1055 1055 973 970 969 1053 1052 1052 970 969 1059 1056 1057 1057 1058 1059 1058 1057 1016 1016 1015 1058 1009 1058 1015 1015 1010 1009 1008 1059 1058 1058 1009 1008 1063 1060 1061 1061 1062 1063 1062 1061 1064 1064 1065 1062 1067 1062 1065 1065 1066 1067 1068 1063 1062 1062 1067 1068 1072 1069 1070 1070 1071 1072 1071 1070 1006 1006 1073 1071 1075 1071 1073 1073 1074 1075 1076 1072 1071 1071 1075 1076 1080 1077 1078 1078 1079 1080 1079 1078 1081 1081 1082 1079 1067 1079 1082 1082 1068 1067 1066 1080 1079 1079 1067 1066 1086 1083 1084 1084 1085 1086 1085 1084 1087 1087 1088 1085 1090 1085 1088 1088 1089 1090 1091 1086 1085 1085 1090 1091 1094 1074 1092 1092 1093 1094 1093 1092 1095 1095 1096 1093 1098 1093 1096 1096 1097 1098 1099 1094 1093 1093 1098 1099 1103 1100 1101 1101 1102 1103 1102 1101 1008 1008 1007 1102 1070 1102 1007 1007 1006 1070 1069 1103 1102 1102 1070 1069 1107 1104 1105 1105 1106 1107 1106 1105 1083 1083 1086 1106 1108 1106 1086 1086 1091 1108 1109 1107 1106 1106 1108 1109 1111 991 1022 1022 1110 1111 1110 1022 1021 1021 1112 1110 1073 1110 1112 1112 1074 1073 1006 1111 1110 1110 1073 1006 1112 1021 1047 1047 1113 1112 1116 1047 1114 1114 1115 1116 1092 1113 1117 1117 1095 1092 1074 1112 1113 1113 1092 1074 1121 1118 1119 1119 1120 1121 1120 1119 993 993 1122 1120 1012 1120 1122 1122 1002 1012 1011 1121 1120 1120 1012 1011 1122 993 992 992 1123 1122 1123 992 991 991 1111 1123 1003 1123 1111 1111 1006 1003 1002 1122 1123 1123 1003 1002 1127 1124 1125 1125 1126 1127 1126 1125 975 975 1128 1126 1105 1126 1128 1128 1083 1105 1104 1127 1126 1126 1105 1104 1128 975 974 974 1129 1128 1129 974 973 973 1130 1129 1084 1129 1130 1130 1087 1084 1083 1128 1129 1129 1084 1083 1132 1039 1038 1038 1131 1132 1131 1038 984 984 1133 1131 1078 1131 1133 1133 1081 1078 1077 1132 1131 1131 1078 1077 1130 973 1134 1134 1135 1130 1135 1134 1039 1039 1132 1135 1136 1135 1132 1132 1077 1136 1087 1130 1135 1135 1136 1087 1138 1076 1075 1075 1137 1138 1137 1075 1074 1074 1094 1137 1139 1137 1094 1094 1099 1139 1140 1138 1137 1137 1139 1140 1144 1141 1142 1142 1143 1144 1143 1142 1056 1056 1059 1143 1101 1143 1059 1059 1008 1101 1100 1144 1143 1143 1101 1100 1065 1064 1145 1145 1146 1065 1150 1147 1148 1148 1149 1150 1153 1151 1149 1149 1152 1153 1066 1065 1146 1146 1153 1066 1149 1148 1154 1154 1155 1149 1155 1154 1141 1141 1144 1155 1156 1155 1144 1144 1100 1156 1152 1149 1155 1155 1156 1152 1088 1087 1157 1157 1158 1088 1158 1157 1159 1159 1160 1158 1162 1158 1160 1160 1161 1162 1089 1088 1158 1158 1162 1089 1160 1159 1163 1163 1164 1160 1164 1163 1076 1076 1138 1164 1165 1164 1138 1138 1140 1165 1161 1160 1164 1164 1165 1161 1080 1066 1153 1153 1166 1080 1166 1153 1152 1152 1167 1166 1169 1166 1167 1167 1168 1169 1077 1080 1166 1166 1169 1077 1167 1152 1156 1156 1170 1167 1170 1156 1100 1100 1103 1170 1171 1170 1103 1103 1069 1171 1168 1167 1170 1170 1171 1168 1136 1077 1169 1169 1172 1136 1172 1169 1168 1168 1173 1172 1157 1172 1173 1173 1159 1157 1087 1136 1172 1172 1157 1087 1173 1168 1171 1171 1174 1173 1174 1171 1069 1069 1072 1174 1163 1174 1072 1072 1076 1163 1159 1173 1174 1174 1163 1159 1176 1049 1048 1048 1175 1176 1175 1048 1021 1021 1018 1175 1177 1175 1018 1018 1017 1177 1178 1176 1175 1175 1177 1178 1180 1178 1177 1177 1179 1180 1179 1177 1017 1017 1181 1179 1051 1179 1181 1181 1054 1051 1050 1180 1179 1179 1051 1050 1035 1001 1040 1040 1182 1035 1182 1040 1039 1039 1183 1182 1185 1182 1183 1183 1184 1185 1036 1035 1182 1182 1185 1036 1187 1036 1185 1185 1186 1187 1186 1185 1184 1184 1188 1186 1042 1186 1188 1188 1024 1042 1189 1187 1186 1186 1042 1189 1030 1029 1190 1190 1191 1030 1194 1190 1192 1192 1193 1194 1196 1191 1195 1195 1041 1196 987 1030 1191 1191 1044 987 1200 1197 1198 1198 1199 1200 1199 1198 1031 1031 1034 1199 1187 1199 1034 1034 1036 1187 1189 1200 1199 1199 1187 1189 1134 973 1055 1055 1201 1134 1201 1055 1054 1054 1202 1201 1183 1201 1202 1202 1184 1183 1039 1134 1201 1201 1183 1039 1202 1054 1181 1181 1203 1202 1203 1181 1017 1017 1020 1203 1188 1203 1020 1020 1024 1188 1184 1202 1203 1203 1188 1184 1205 1178 1180 1180 1204 1205 1204 1180 1050 1050 1206 1204 1208 1204 1206 1206 1207 1208 1209 1205 1204 1204 1208 1209 1211 1049 1176 1176 1210 1211 1210 1176 1178 1178 1205 1210 1214 1210 1212 1212 1213 1214 1216 1211 1210 1210 1215 1216 1218 1161 1165 1165 1217 1218 1217 1165 1140 1140 1219 1217 1222 1217 1220 1220 1221 1222 1224 1218 1217 1217 1223 1224 1226 1089 1162 1162 1225 1226 1225 1162 1161 1161 1218 1225 1229 1225 1227 1227 1228 1229 1231 1226 1225 1225 1230 1231 1219 1140 1139 1139 1232 1219 1232 1139 1099 1099 1233 1232 1235 1232 1233 1233 1234 1235 1236 1219 1232 1232 1235 1236 1133 984 983 983 1237 1133 1237 983 982 982 1238 1237 1240 1237 1238 1238 1239 1240 1081 1133 1237 1237 1240 1081 1243 966 1241 1241 1242 1243 1246 965 1244 1244 1245 1246 1250 1247 1248 1248 1249 1250 1095 1117 1247 1247 1250 1095 1082 1081 1240 1240 1251 1082 1251 1240 1239 1239 1252 1251 1063 1251 1252 1252 1060 1063 1068 1082 1251 1251 1063 1068 1108 1091 1090 1090 1253 1108 1253 1090 1089 1089 1226 1253 1254 1253 1226 1226 1231 1254 1109 1108 1253 1253 1254 1109 1233 1099 1098 1098 1255 1233 1255 1098 1097 1097 1256 1255 1258 1255 1256 1256 1257 1258 1234 1233 1255 1255 1258 1234 1206 1050 1053 1053 1259 1206 1259 1053 969 969 1260 1259 1262 1259 1260 1260 1261 1262 1207 1206 1259 1259 1262 1207 963 968 1046 1046 1263 963 1263 1046 1049 1049 1211 1263 1264 1263 1211 1211 1216 1264 960 963 1263 1263 1264 960 1096 1095 1250 1250 1265 1096 1265 1250 1249 1249 1266 1265 1256 1265 1266 1266 1257 1256 1097 1096 1265 1265 1256 1097 1260 969 972 972 1267 1260 1267 972 977 977 1268 1267 1270 1267 1268 1268 1269 1270 1261 1260 1267 1267 1270 1261 1268 977 976 976 1271 1268 1271 976 975 975 1125 1271 1272 1271 1125 1125 1124 1272 1269 1268 1271 1271 1272 1269 1028 995 994 994 1273 1028 1273 994 993 993 1119 1273 1274 1273 1119 1119 1118 1274 1025 1028 1273 1273 1274 1025 1278 1275 1276 1276 1277 1278 1282 1279 1280 1280 1281 1282 1286 1283 1284 1284 1285 1286 1290 1287 1288 1288 1289 1290 1292 1291 1288 1288 1287 1292 1294 1293 1284 1284 1283 1294 1302 1295 1296 1302 1296 1297 1302 1297 1298 1302 1298 1299 1302 1299 1300 1300 1301 1302 1304 1290 1289 1289 1303 1304 1306 1277 1276 1276 1305 1306 1308 1307 1280 1280 1279 1308 1310 1306 1305 1305 1309 1310 1312 1282 1281 1281 1311 1312 1314 1286 1285 1285 1313 1314 1291 1278 1277 1277 1288 1291 1287 1280 1307 1307 1292 1287 1279 1284 1293 1293 1308 1279 1283 1315 1316 1316 1294 1283 1280 1287 1290 1290 1281 1280 1282 1285 1284 1284 1279 1282 1286 1317 1315 1315 1283 1286 1288 1277 1306 1306 1289 1288 1285 1282 1312 1312 1313 1285 1314 1318 1317 1317 1286 1314 1289 1306 1310 1310 1303 1289 1304 1311 1281 1281 1290 1304 1326 1319 1320 1326 1320 1321 1326 1321 1322 1326 1322 1323 1326 1323 1324 1324 1325 1326 1330 1327 1328 1328 1329 1330 1332 1330 1329 1329 1331 1332 1334 1332 1331 1331 1333 1334 1338 1335 1336 1336 1337 1338 1340 1338 1337 1337 1339 1340 1342 1340 1339 1339 1341 1342 1344 1342 1341 1341 1343 1344 1346 1344 1343 1343 1345 1346 1348 1346 1345 1345 1347 1348 1350 1348 1347 1347 1349 1350 1362 1351 1352 1362 1352 1353 1362 1353 1354 1362 1354 1355 1362 1355 1356 1362 1356 1357 1362 1357 1358 1362 1358 1359 1362 1359 1360 1360 1361 1362 1364 1350 1349 1349 1363 1364 1327 1364 1363 1363 1328 1327 1368 1365 1366 1366 1367 1368 1330 1369 1366 1366 1327 1330 1332 1370 1369 1369 1330 1332 1334 1371 1370 1370 1332 1334 1338 1372 1373 1373 1335 1338 1340 1374 1372 1372 1338 1340 1342 1375 1374 1374 1340 1342 1344 1376 1375 1375 1342 1344 1346 1377 1376 1376 1344 1346 1348 1378 1377 1377 1346 1348 1350 1379 1378 1378 1348 1350 1364 1365 1379 1379 1350 1364 1327 1366 1365 1365 1364 1327 1383 1380 1381 1381 1382 1383 1385 1369 1370 1370 1384 1385 1387 1377 1378 1378 1386 1387 1381 1374 1375 1375 1388 1381 1384 1370 1371 1371 1389 1384 1386 1378 1379 1379 1390 1386 1388 1375 1376 1376 1391 1388 1392 1373 1372 1372 1380 1392 1390 1379 1365 1365 1368 1390 1367 1366 1369 1369 1385 1367 1391 1376 1377 1377 1387 1391 1380 1372 1374 1374 1381 1380 1395 1382 1393 1393 1394 1395 1397 1368 1367 1367 1396 1397 1399 1385 1384 1384 1398 1399 1401 1387 1386 1386 1400 1401 1382 1381 1388 1388 1393 1382 1398 1384 1389 1389 1402 1398 1400 1386 1390 1390 1403 1400 1393 1388 1391 1391 1404 1393 1405 1392 1380 1380 1383 1405 1403 1390 1368 1368 1397 1403 1396 1367 1385 1385 1399 1396 1404 1391 1387 1387 1401 1404 1407 1397 1396 1396 1406 1407 1409 1399 1398 1398 1408 1409 1408 1398 1402 1402 1410 1408 1412 1400 1403 1403 1411 1412 1394 1393 1404 1404 1413 1394 1415 1405 1383 1383 1414 1415 1411 1403 1397 1397 1407 1411 1413 1404 1401 1401 1416 1413 1414 1383 1382 1382 1395 1414 1428 1417 1418 1428 1418 1419 1428 1419 1420 1428 1420 1421 1428 1421 1422 1428 1422 1423 1428 1423 1424 1428 1424 1425 1428 1425 1426 1426 1427 1428 1416 1401 1400 1400 1412 1416 1430 1406 1409 1409 1429 1430 1432 1430 1429 1429 1431 1432 1429 1409 1408 1408 1433 1429 1431 1429 1433 1433 1434 1431 1433 1408 1410 1410 1435 1433 1434 1433 1435 1435 1436 1434 1438 1415 1414 1414 1437 1438 1440 1438 1437 1437 1439 1440 1437 1414 1395 1395 1441 1437 1439 1437 1441 1441 1442 1439 1441 1395 1394 1394 1443 1441 1442 1441 1443 1443 1444 1442 1443 1394 1413 1413 1445 1443 1444 1443 1445 1445 1446 1444 1445 1413 1416 1416 1447 1445 1446 1445 1447 1447 1448 1446 1447 1416 1412 1412 1449 1447 1448 1447 1449 1449 1450 1448 1449 1412 1411 1411 1451 1449 1450 1449 1451 1451 1452 1450 1451 1411 1407 1407 1453 1451 1452 1451 1453 1453 1454 1452 1453 1407 1406 1406 1430 1453 1454 1453 1430 1430 1432 1454 1406 1396 1399 1399 1409 1406 1458 1455 1456 1456 1457 1458 1460 1458 1457 1457 1459 1460 1462 1460 1459 1459 1461 1462 1466 1463 1464 1464 1465 1466 1468 1466 1465 1465 1467 1468 1470 1468 1467 1467 1469 1470 1472 1470 1469 1469 1471 1472 1474 1472 1471 1471 1473 1474 1476 1474 1473 1473 1475 1476 1478 1476 1475 1475 1477 1478 1490 1479 1480 1490 1480 1481 1490 1481 1482 1490 1482 1483 1490 1483 1484 1490 1484 1485 1490 1485 1486 1490 1486 1487 1490 1487 1488 1488 1489 1490 1492 1478 1477 1477 1491 1492 1455 1492 1491 1491 1456 1455 1496 1493 1494 1494 1495 1496 1458 1497 1494 1494 1455 1458 1460 1498 1497 1497 1458 1460 1462 1499 1498 1498 1460 1462 1466 1500 1501 1501 1463 1466 1468 1502 1500 1500 1466 1468 1470 1503 1502 1502 1468 1470 1472 1504 1503 1503 1470 1472 1474 1505 1504 1504 1472 1474 1476 1506 1505 1505 1474 1476 1478 1507 1506 1506 1476 1478 1492 1493 1507 1507 1478 1492 1455 1494 1493 1493 1492 1455 1511 1508 1509 1509 1510 1511 1513 1497 1498 1498 1512 1513 1515 1505 1506 1506 1514 1515 1509 1502 1503 1503 1516 1509 1512 1498 1499 1499 1517 1512 1514 1506 1507 1507 1518 1514 1516 1503 1504 1504 1519 1516 1520 1501 1500 1500 1508 1520 1518 1507 1493 1493 1496 1518 1495 1494 1497 1497 1513 1495 1519 1504 1505 1505 1515 1519 1508 1500 1502 1502 1509 1508 1523 1510 1521 1521 1522 1523 1525 1496 1495 1495 1524 1525 1527 1513 1512 1512 1526 1527 1529 1515 1514 1514 1528 1529 1510 1509 1516 1516 1521 1510 1526 1512 1517 1517 1530 1526 1528 1514 1518 1518 1531 1528 1521 1516 1519 1519 1532 1521 1533 1520 1508 1508 1511 1533 1531 1518 1496 1496 1525 1531 1524 1495 1513 1513 1527 1524 1532 1519 1515 1515 1529 1532 1535 1525 1524 1524 1534 1535 1537 1527 1526 1526 1536 1537 1536 1526 1530 1530 1538 1536 1540 1528 1531 1531 1539 1540 1522 1521 1532 1532 1541 1522 1543 1533 1511 1511 1542 1543 1539 1531 1525 1525 1535 1539 1541 1532 1529 1529 1544 1541 1542 1511 1510 1510 1523 1542 1556 1545 1546 1556 1546 1547 1556 1547 1548 1556 1548 1549 1556 1549 1550 1556 1550 1551 1556 1551 1552 1556 1552 1553 1556 1553 1554 1554 1555 1556 1544 1529 1528 1528 1540 1544 1558 1534 1537 1537 1557 1558 1560 1558 1557 1557 1559 1560 1557 1537 1536 1536 1561 1557 1559 1557 1561 1561 1562 1559 1561 1536 1538 1538 1563 1561 1562 1561 1563 1563 1564 1562 1566 1543 1542 1542 1565 1566 1568 1566 1565 1565 1567 1568 1565 1542 1523 1523 1569 1565 1567 1565 1569 1569 1570 1567 1569 1523 1522 1522 1571 1569 1570 1569 1571 1571 1572 1570 1571 1522 1541 1541 1573 1571 1572 1571 1573 1573 1574 1572 1573 1541 1544 1544 1575 1573 1574 1573 1575 1575 1576 1574 1575 1544 1540 1540 1577 1575 1576 1575 1577 1577 1578 1576 1577 1540 1539 1539 1579 1577 1578 1577 1579 1579 1580 1578 1579 1539 1535 1535 1581 1579 1580 1579 1581 1581 1582 1580 1581 1535 1534 1534 1558 1581 1582 1581 1558 1558 1560 1582 1534 1524 1527 1527 1537 1534 1586 1583 1584 1584 1585 1586 1590 1587 1588 1588 1589 1590 1592 1590 1589 1589 1591 1592 1594 1592 1591 1591 1593 1594 1596 1594 1593 1593 1595 1596 1598 1596 1595 1595 1597 1598 1600 1598 1597 1597 1599 1600 1602 1600 1599 1599 1601 1602 1604 1602 1601 1601 1603 1604 1606 1604 1603 1603 1605 1606 1618 1607 1608 1618 1608 1609 1618 1609 1610 1618 1610 1611 1618 1611 1612 1618 1612 1613 1618 1613 1614 1618 1614 1615 1618 1615 1616 1616 1617 1618 1620 1606 1605 1605 1619 1620 1583 1620 1619 1619 1584 1583 1624 1621 1622 1622 1623 1624 1586 1625 1622 1622 1583 1586 1590 1626 1627 1627 1587 1590 1592 1628 1626 1626 1590 1592 1594 1629 1628 1628 1592 1594 1596 1630 1629 1629 1594 1596 1598 1631 1630 1630 1596 1598 1600 1632 1631 1631 1598 1600 1602 1633 1632 1632 1600 1602 1604 1634 1633 1633 1602 1604 1606 1635 1634 1634 1604 1606 1620 1621 1635 1635 1606 1620 1583 1622 1621 1621 1620 1583 1639 1636 1637 1637 1638 1639 1641 1627 1626 1626 1640 1641 1643 1633 1634 1634 1642 1643 1637 1630 1631 1631 1644 1637 1640 1626 1628 1628 1645 1640 1642 1634 1635 1635 1646 1642 1644 1631 1632 1632 1647 1644 1645 1628 1629 1629 1636 1645 1646 1635 1621 1621 1624 1646 1623 1622 1625 1625 1648 1623 1647 1632 1633 1633 1643 1647 1636 1629 1630 1630 1637 1636 1651 1638 1649 1649 1650 1651 1653 1624 1623 1623 1652 1653 1655 1641 1640 1640 1654 1655 1657 1643 1642 1642 1656 1657 1638 1637 1644 1644 1649 1638 1654 1640 1645 1645 1658 1654 1656 1642 1646 1646 1659 1656 1649 1644 1647 1647 1660 1649 1658 1645 1636 1636 1639 1658 1659 1646 1624 1624 1653 1659 1652 1623 1648 1648 1661 1652 1660 1647 1643 1643 1657 1660 1663 1653 1652 1652 1662 1663 1665 1655 1654 1654 1664 1665 1664 1654 1658 1658 1666 1664 1668 1656 1659 1659 1667 1668 1650 1649 1660 1660 1669 1650 1666 1658 1639 1639 1670 1666 1667 1659 1653 1653 1663 1667 1669 1660 1657 1657 1671 1669 1670 1639 1638 1638 1651 1670 1683 1672 1673 1683 1673 1674 1683 1674 1675 1683 1675 1676 1683 1676 1677 1683 1677 1678 1683 1678 1679 1683 1679 1680 1683 1680 1681 1681 1682 1683 1671 1657 1656 1656 1668 1671 1686 1662 1684 1684 1685 1686 1688 1686 1685 1685 1687 1688 1690 1665 1664 1664 1689 1690 1692 1690 1689 1689 1691 1692 1689 1664 1666 1666 1693 1689 1691 1689 1693 1693 1694 1691 1693 1666 1670 1670 1695 1693 1694 1693 1695 1695 1696 1694 1695 1670 1651 1651 1697 1695 1696 1695 1697 1697 1698 1696 1697 1651 1650 1650 1699 1697 1698 1697 1699 1699 1700 1698 1699 1650 1669 1669 1701 1699 1700 1699 1701 1701 1702 1700 1701 1669 1671 1671 1703 1701 1702 1701 1703 1703 1704 1702 1703 1671 1668 1668 1705 1703 1704 1703 1705 1705 1706 1704 1705 1668 1667 1667 1707 1705 1706 1705 1707 1707 1708 1706 1707 1667 1663 1663 1709 1707 1708 1707 1709 1709 1710 1708 1709 1663 1662 1662 1686 1709 1710 1709 1686 1686 1688 1710 1662 1652 1661 1661 1684 1662 1714 1711 1712 1712 1713 1714 1718 1715 1716 1716 1717 1718 1721 1716 1719 1719 1720 1721 1729 1722 1723 1729 1723 1724 1729 1724 1725 1729 1725 1726 1729 1726 1727 1727 1728 1729 1731 1730 1711 1711 1714 1731 1739 1732 1733 1739 1733 1734 1739 1734 1735 1739 1735 1736 1739 1736 1737 1737 1738 1739 1743 1740 1741 1741 1742 1743 1745 1744 1716 1716 1721 1745 1746 1741 1721 1721 1720 1746 1731 1747 1748 1748 1730 1731 1715 1749 1750 1750 1751 1715 1754 1752 1747 1747 1753 1754 1757 1755 1756 1756 1717 1757 1753 1747 1731 1731 1758 1753 1742 1759 1760 1760 1743 1742 1718 1761 1749 1749 1715 1718 1717 1756 1761 1761 1718 1717 1758 1731 1714 1714 1759 1758 1721 1741 1740 1740 1745 1721 1746 1762 1742 1742 1741 1746 1717 1716 1744 1744 1757 1717 1754 1753 1742 1742 1762 1754 1763 1748 1747 1747 1752 1763 1719 1716 1715 1715 1751 1719 1753 1758 1759 1759 1742 1753 1713 1764 1765 1765 1760 1713 1743 1766 1767 1767 1740 1743 1745 1768 1769 1769 1744 1745 1757 1770 1771 1771 1755 1757 1719 1772 1773 1773 1720 1719 1746 1774 1775 1775 1762 1746 1754 1776 1777 1777 1752 1754 1750 1778 1779 1779 1751 1750 1712 1780 1764 1764 1713 1712 1760 1765 1766 1766 1743 1760 1770 1757 1744 1744 1769 1770 1768 1745 1740 1740 1767 1768 1762 1775 1776 1776 1754 1762 1752 1777 1781 1781 1763 1752 1751 1779 1772 1772 1719 1751 1720 1773 1774 1774 1746 1720 1759 1714 1713 1713 1760 1759 1785 1782 1783 1783 1784 1785 1789 1786 1787 1787 1788 1789 1792 1789 1790 1790 1791 1792 1800 1793 1794 1800 1794 1795 1800 1795 1796 1800 1796 1797 1800 1797 1798 1798 1799 1800 1782 1801 1802 1802 1783 1782 1810 1803 1804 1810 1804 1805 1810 1805 1806 1810 1806 1807 1810 1807 1808 1808 1809 1810 1814 1811 1812 1812 1813 1814 1789 1815 1816 1816 1790 1789 1790 1814 1817 1817 1791 1790 1819 1818 1802 1802 1801 1819 1822 1820 1786 1786 1821 1822 1818 1823 1824 1824 1825 1818 1828 1826 1827 1827 1788 1828 1802 1818 1825 1825 1829 1802 1831 1830 1813 1813 1812 1831 1820 1832 1787 1787 1786 1820 1832 1828 1788 1788 1787 1832 1783 1802 1829 1829 1830 1783 1811 1814 1790 1790 1816 1811 1813 1833 1817 1817 1814 1813 1815 1789 1788 1788 1827 1815 1813 1825 1824 1824 1833 1813 1818 1819 1834 1834 1823 1818 1786 1789 1792 1792 1821 1786 1830 1829 1825 1825 1813 1830 1836 1835 1784 1784 1831 1836 1838 1837 1812 1812 1811 1838 1840 1839 1816 1816 1815 1840 1842 1841 1827 1827 1826 1842 1844 1843 1792 1792 1791 1844 1846 1845 1817 1817 1833 1846 1848 1847 1824 1824 1823 1848 1850 1849 1822 1822 1821 1850 1835 1851 1785 1785 1784 1835 1837 1836 1831 1831 1812 1837 1815 1827 1841 1841 1840 1815 1811 1816 1839 1839 1838 1811 1847 1846 1833 1833 1824 1847 1852 1848 1823 1823 1834 1852 1843 1850 1821 1821 1792 1843 1845 1844 1791 1791 1817 1845 1784 1783 1830 1830 1831 1784 1856 1853 1854 1854 1855 1856 1860 1857 1858 1858 1859 1860 1862 1860 1859 1859 1861 1862 1864 1862 1861 1861 1863 1864 1866 1864 1863 1863 1865 1866 1868 1866 1865 1865 1867 1868 1870 1868 1867 1867 1869 1870 1872 1870 1869 1869 1871 1872 1874 1872 1871 1871 1873 1874 1876 1874 1873 1873 1875 1876 1888 1877 1878 1888 1878 1879 1888 1879 1880 1888 1880 1881 1888 1881 1882 1888 1882 1883 1888 1883 1884 1888 1884 1885 1888 1885 1886 1886 1887 1888 1890 1876 1875 1875 1889 1890 1853 1890 1889 1889 1854 1853 1894 1891 1892 1892 1893 1894 1856 1895 1892 1892 1853 1856 1860 1896 1897 1897 1857 1860 1862 1898 1896 1896 1860 1862 1864 1899 1898 1898 1862 1864 1866 1900 1899 1899 1864 1866 1868 1901 1900 1900 1866 1868 1870 1902 1901 1901 1868 1870 1872 1903 1902 1902 1870 1872 1874 1904 1903 1903 1872 1874 1876 1905 1904 1904 1874 1876 1890 1891 1905 1905 1876 1890 1853 1892 1891 1891 1890 1853 1909 1906 1907 1907 1908 1909 1911 1897 1896 1896 1910 1911 1913 1903 1904 1904 1912 1913 1907 1900 1901 1901 1914 1907 1910 1896 1898 1898 1915 1910 1912 1904 1905 1905 1916 1912 1914 1901 1902 1902 1917 1914 1915 1898 1899 1899 1906 1915 1916 1905 1891 1891 1894 1916 1893 1892 1895 1895 1918 1893 1917 1902 1903 1903 1913 1917 1906 1899 1900 1900 1907 1906 1921 1908 1919 1919 1920 1921 1923 1894 1893 1893 1922 1923 1925 1911 1910 1910 1924 1925 1927 1913 1912 1912 1926 1927 1908 1907 1914 1914 1919 1908 1924 1910 1915 1915 1928 1924 1926 1912 1916 1916 1929 1926 1919 1914 1917 1917 1930 1919 1928 1915 1906 1906 1909 1928 1929 1916 1894 1894 1923 1929 1922 1893 1918 1918 1931 1922 1930 1917 1913 1913 1927 1930 1933 1923 1922 1922 1932 1933 1935 1925 1924 1924 1934 1935 1934 1924 1928 1928 1936 1934 1938 1926 1929 1929 1937 1938 1920 1919 1930 1930 1939 1920 1936 1928 1909 1909 1940 1936 1937 1929 1923 1923 1933 1937 1939 1930 1927 1927 1941 1939 1940 1909 1908 1908 1921 1940 1953 1942 1943 1953 1943 1944 1953 1944 1945 1953 1945 1946 1953 1946 1947 1953 1947 1948 1953 1948 1949 1953 1949 1950 1953 1950 1951 1951 1952 1953 1941 1927 1926 1926 1938 1941 1956 1932 1954 1954 1955 1956 1958 1956 1955 1955 1957 1958 1960 1935 1934 1934 1959 1960 1962 1960 1959 1959 1961 1962 1959 1934 1936 1936 1963 1959 1961 1959 1963 1963 1964 1961 1963 1936 1940 1940 1965 1963 1964 1963 1965 1965 1966 1964 1965 1940 1921 1921 1967 1965 1966 1965 1967 1967 1968 1966 1967 1921 1920 1920 1969 1967 1968 1967 1969 1969 1970 1968 1969 1920 1939 1939 1971 1969 1970 1969 1971 1971 1972 1970 1971 1939 1941 1941 1973 1971 1972 1971 1973 1973 1974 1972 1973 1941 1938 1938 1975 1973 1974 1973 1975 1975 1976 1974 1975 1938 1937 1937 1977 1975 1976 1975 1977 1977 1978 1976 1977 1937 1933 1933 1979 1977 1978 1977 1979 1979 1980 1978 1979 1933 1932 1932 1956 1979 1980 1979 1956 1956 1958 1980 1932 1922 1931 1931 1954 1932 1984 1981 1982 1982 1983 1984 1986 1984 1983 1983 1985 1986 1988 1986 1985 1985 1987 1988 1990 1988 1987 1987 1989 1990 1992 1990 1989 1989 1991 1992 1994 1992 1991 1991 1993 1994 1996 1994 1993 1993 1995 1996 1998 1996 1995 1995 1997 1998 2000 1998 1997 1997 1999 2000 2002 2000 1999 1999 2001 2002 2014 2003 2004 2014 2004 2005 2014 2005 2006 2014 2006 2007 2014 2007 2008 2014 2008 2009 2014 2009 2010 2014 2010 2011 2014 2011 2012 2012 2013 2014 2016 2002 2001 2001 2015 2016 2018 2016 2015 2015 2017 2018 2022 2019 2020 2020 2021 2022 1984 2023 2024 2024 1981 1984 1986 2025 2023 2023 1984 1986 1988 2026 2025 2025 1986 1988 1990 2027 2026 2026 1988 1990 1992 2028 2027 2027 1990 1992 1994 2029 2028 2028 1992 1994 1996 2030 2029 2029 1994 1996 1998 2031 2030 2030 1996 1998 2000 2032 2031 2031 1998 2000 2002 2033 2032 2032 2000 2002 2016 2019 2033 2033 2002 2016 2018 2020 2019 2019 2016 2018 2037 2034 2035 2035 2036 2037 2039 2023 2025 2025 2038 2039 2041 2031 2032 2032 2040 2041 2035 2028 2029 2029 2042 2035 2038 2025 2026 2026 2043 2038 2040 2032 2033 2033 2044 2040 2042 2029 2030 2030 2045 2042 2043 2026 2027 2027 2034 2043 2044 2033 2019 2019 2022 2044 2046 2024 2023 2023 2039 2046 2045 2030 2031 2031 2041 2045 2034 2027 2028 2028 2035 2034 2049 2036 2047 2047 2048 2049 2051 2022 2021 2021 2050 2051 2053 2039 2038 2038 2052 2053 2055 2041 2040 2040 2054 2055 2036 2035 2042 2042 2047 2036 2052 2038 2043 2043 2056 2052 2054 2040 2044 2044 2057 2054 2047 2042 2045 2045 2058 2047 2056 2043 2034 2034 2037 2056 2057 2044 2022 2022 2051 2057 2059 2046 2039 2039 2053 2059 2058 2045 2041 2041 2055 2058 2061 2051 2050 2050 2060 2061 2063 2053 2052 2052 2062 2063 2062 2052 2056 2056 2064 2062 2066 2054 2057 2057 2065 2066 2048 2047 2058 2058 2067 2048 2064 2056 2037 2037 2068 2064 2065 2057 2051 2051 2061 2065 2067 2058 2055 2055 2069 2067 2068 2037 2036 2036 2049 2068 2081 2070 2071 2081 2071 2072 2081 2072 2073 2081 2073 2074 2081 2074 2075 2081 2075 2076 2081 2076 2077 2081 2077 2078 2081 2078 2079 2079 2080 2081 2069 2055 2054 2054 2066 2069 2084 2082 2063 2063 2083 2084 2086 2084 2083 2083 2085 2086 2083 2063 2062 2062 2087 2083 2085 2083 2087 2087 2088 2085 2087 2062 2064 2064 2089 2087 2088 2087 2089 2089 2090 2088 2089 2064 2068 2068 2091 2089 2090 2089 2091 2091 2092 2090 2091 2068 2049 2049 2093 2091 2092 2091 2093 2093 2094 2092 2093 2049 2048 2048 2095 2093 2094 2093 2095 2095 2096 2094 2095 2048 2067 2067 2097 2095 2096 2095 2097 2097 2098 2096 2097 2067 2069 2069 2099 2097 2098 2097 2099 2099 2100 2098 2099 2069 2066 2066 2101 2099 2100 2099 2101 2101 2102 2100 2101 2066 2065 2065 2103 2101 2102 2101 2103 2103 2104 2102 2103 2065 2061 2061 2105 2103 2104 2103 2105 2105 2106 2104 2105 2061 2060 2060 2107 2105 2106 2105 2107 2107 2108 2106 2082 2059 2053 2053 2063 2082 2112 2109 2110 2110 2111 2112 2114 2112 2111 2111 2113 2114 2116 2114 2113 2113 2115 2116 2118 2116 2115 2115 2117 2118 2120 2118 2117 2117 2119 2120 2122 2120 2119 2119 2121 2122 2126 2123 2124 2124 2125 2126 2128 2126 2125 2125 2127 2128 2130 2128 2127 2127 2129 2130 2132 2130 2129 2129 2131 2132 2144 2133 2134 2144 2134 2135 2144 2135 2136 2144 2136 2137 2144 2137 2138 2144 2138 2139 2144 2139 2140 2144 2140 2141 2144 2141 2142 2142 2143 2144 2146 2132 2131 2131 2145 2146 2109 2146 2145 2145 2110 2109 2150 2147 2148 2148 2149 2150 2112 2151 2148 2148 2109 2112 2114 2152 2151 2151 2112 2114 2116 2153 2152 2152 2114 2116 2118 2154 2153 2153 2116 2118 2120 2155 2154 2154 2118 2120 2122 2156 2155 2155 2120 2122 2126 2157 2158 2158 2123 2126 2128 2159 2157 2157 2126 2128 2130 2160 2159 2159 2128 2130 2132 2161 2160 2160 2130 2132 2146 2147 2161 2161 2132 2146 2109 2148 2147 2147 2146 2109 2165 2162 2163 2163 2164 2165 2167 2151 2152 2152 2166 2167 2169 2159 2160 2160 2168 2169 2163 2155 2156 2156 2170 2163 2166 2152 2153 2153 2171 2166 2168 2160 2161 2161 2172 2168 2174 2158 2157 2157 2173 2174 2171 2153 2154 2154 2162 2171 2172 2161 2147 2147 2150 2172 2149 2148 2151 2151 2167 2149 2173 2157 2159 2159 2169 2173 2162 2154 2155 2155 2163 2162 2177 2164 2175 2175 2176 2177 2179 2150 2149 2149 2178 2179 2181 2167 2166 2166 2180 2181 2183 2169 2168 2168 2182 2183 2164 2163 2170 2170 2175 2164 2180 2166 2171 2171 2184 2180 2182 2168 2172 2172 2185 2182 2187 2174 2173 2173 2186 2187 2184 2171 2162 2162 2165 2184 2185 2172 2150 2150 2179 2185 2178 2149 2167 2167 2181 2178 2186 2173 2169 2169 2183 2186 2189 2179 2178 2178 2188 2189 2191 2181 2180 2180 2190 2191 2190 2180 2184 2184 2192 2190 2194 2182 2185 2185 2193 2194 2196 2187 2186 2186 2195 2196 2192 2184 2165 2165 2197 2192 2193 2185 2179 2179 2189 2193 2195 2186 2183 2183 2198 2195 2197 2165 2164 2164 2177 2197 2210 2199 2200 2210 2200 2201 2210 2201 2202 2210 2202 2203 2210 2203 2204 2210 2204 2205 2210 2205 2206 2210 2206 2207 2210 2207 2208 2208 2209 2210 2198 2183 2182 2182 2194 2198 2212 2188 2191 2191 2211 2212 2214 2212 2211 2211 2213 2214 2211 2191 2190 2190 2215 2211 2213 2211 2215 2215 2216 2213 2215 2190 2192 2192 2217 2215 2216 2215 2217 2217 2218 2216 2217 2192 2197 2197 2219 2217 2218 2217 2219 2219 2220 2218 2219 2197 2177 2177 2221 2219 2220 2219 2221 2221 2222 2220 2221 2177 2176 2176 2223 2221 2222 2221 2223 2223 2224 2222 2226 2196 2195 2195 2225 2226 2228 2226 2225 2225 2227 2228 2225 2195 2198 2198 2229 2225 2227 2225 2229 2229 2230 2227 2229 2198 2194 2194 2231 2229 2230 2229 2231 2231 2232 2230 2231 2194 2193 2193 2233 2231 2232 2231 2233 2233 2234 2232 2233 2193 2189 2189 2235 2233 2234 2233 2235 2235 2236 2234 2235 2189 2188 2188 2212 2235 2236 2235 2212 2212 2214 2236 2188 2178 2181 2181 2191 2188 2240 2237 2238 2238 2239 2240 2239 2238 2241 2241 2242 2239 2242 2241 2243 2243 2244 2242 2244 2243 2245 2245 2246 2244 2246 2245 2247 2247 2248 2246 2248 2247 2249 2249 2250 2248 2250 2249 2251 2251 2252 2250 2252 2251 2253 2253 2254 2252 2254 2253 2255 2255 2256 2254 2256 2255 2257 2257 2258 2256 2270 2259 2260 2270 2260 2261 2270 2261 2262 2270 2262 2263 2270 2263 2264 2270 2264 2265 2270 2265 2266 2270 2266 2267 2270 2267 2268 2268 2269 2270 2258 2257 2271 2271 2272 2258 2272 2271 2273 2273 2274 2272 2278 2275 2276 2276 2277 2278 2280 2279 2238 2238 2237 2280 2279 2281 2241 2241 2238 2279 2281 2282 2243 2243 2241 2281 2282 2283 2245 2245 2243 2282 2283 2284 2247 2247 2245 2283 2284 2285 2249 2249 2247 2284 2285 2286 2251 2251 2249 2285 2286 2287 2253 2253 2251 2286 2287 2288 2255 2255 2253 2287 2288 2289 2257 2257 2255 2288 2289 2275 2271 2271 2257 2289 2275 2278 2273 2273 2271 2275 2293 2290 2291 2291 2292 2293 2281 2279 2294 2294 2295 2281 2288 2287 2296 2296 2297 2288 2285 2284 2293 2293 2298 2285 2282 2281 2295 2295 2299 2282 2289 2288 2297 2297 2300 2289 2286 2285 2298 2298 2301 2286 2283 2282 2299 2299 2290 2283 2275 2289 2300 2300 2276 2275 2279 2280 2302 2302 2294 2279 2287 2286 2301 2301 2296 2287 2284 2283 2290 2290 2293 2284 2305 2292 2303 2303 2304 2305 2277 2276 2306 2306 2307 2277 2295 2294 2308 2308 2309 2295 2297 2296 2310 2310 2311 2297 2298 2293 2292 2292 2305 2298 2299 2295 2309 2309 2312 2299 2300 2297 2311 2311 2313 2300 2301 2298 2305 2305 2314 2301 2290 2299 2312 2312 2291 2290 2276 2300 2313 2313 2306 2276 2294 2302 2315 2315 2308 2294 2296 2301 2314 2314 2310 2296 2307 2306 2316 2316 2317 2307 2309 2308 2318 2318 2319 2309 2312 2309 2319 2319 2320 2312 2313 2311 2321 2321 2322 2313 2314 2305 2304 2304 2323 2314 2291 2312 2320 2320 2324 2291 2306 2313 2322 2322 2316 2306 2310 2314 2323 2323 2325 2310 2292 2291 2324 2324 2303 2292 2337 2326 2327 2337 2327 2328 2337 2328 2329 2337 2329 2330 2337 2330 2331 2337 2331 2332 2337 2332 2333 2337 2333 2334 2337 2334 2335 2335 2336 2337 2311 2310 2325 2325 2321 2311 2318 2338 2339 2339 2340 2318 2340 2339 2341 2341 2342 2340 2319 2318 2340 2340 2343 2319 2343 2340 2342 2342 2344 2343 2320 2319 2343 2343 2345 2320 2345 2343 2344 2344 2346 2345 2324 2320 2345 2345 2347 2324 2347 2345 2346 2346 2348 2347 2303 2324 2347 2347 2349 2303 2349 2347 2348 2348 2350 2349 2304 2303 2349 2349 2351 2304 2351 2349 2350 2350 2352 2351 2323 2304 2351 2351 2353 2323 2353 2351 2352 2352 2354 2353 2325 2323 2353 2353 2355 2325 2355 2353 2354 2354 2356 2355 2321 2325 2355 2355 2357 2321 2357 2355 2356 2356 2358 2357 2322 2321 2357 2357 2359 2322 2359 2357 2358 2358 2360 2359 2316 2322 2359 2359 2361 2316 2361 2359 2360 2360 2362 2361 2317 2316 2361 2361 2363 2317 2363 2361 2362 2362 2364 2363 2308 2315 2338 2338 2318 2308 </p>
        </polylist>
      </mesh>
    </geometry>
    <geometry id="meshId2" name="meshId2_name" >
      <mesh>
        <source id="meshId2-positions" name="meshId2-positions">
          <float_array id="meshId2-positions-array" count="3072"> 0.239934 -0.222648 0.0869769 0.349303 0.0223008 0.0540684 0.321192 0.0357292 0.0605977 0.211823 -0.209219 0.0935062 0.306721 -0.256478 0.0571283 0.334832 -0.269907 0.050599 0.315184 -0.307715 0.0437704 0.287074 -0.294287 0.0502997 0.338146 -0.269564 0.0641647 0.447515 -0.0246159 0.0312562 0.419405 -0.0111874 0.0377855 0.310036 -0.256136 0.070694 0.188905 -0.253404 0.0857106 0.217016 -0.266832 0.0791813 0.254145 -0.231362 0.0693405 0.27167 -0.239734 0.0652698 0.252023 -0.277543 0.0584412 0.234497 -0.269171 0.0625119 0.360697 0.0556033 0.0346333 0.332587 0.0690317 0.0411626 0.326426 0.0957557 -0.0329048 0.329895 0.103154 -0.0331853 0.329327 0.103817 -0.0369958 0.325952 0.0962589 -0.0359804 0.41609 -0.0115299 0.0242198 0.444201 -0.0249585 0.0176905 0.335253 -0.272688 0.0507161 0.34041 -0.268071 0.0634241 0.317701 -0.311853 0.0556996 0.315398 -0.310895 0.0438157 0.45891 0.00868661 0.011821 0.430799 0.0221151 0.0183504 0.430591 0.0581465 -0.0566519 0.458701 0.044718 -0.0631813 0.458133 0.0453811 -0.0669922 0.430022 0.0588097 -0.0604628 0.453213 0.00205977 0.000923261 0.425102 0.0154883 0.00745261 0.428886 0.0413548 -0.0294572 0.456996 0.0279263 -0.0359865 0.430799 0.0221151 0.0183504 0.45891 0.00868661 0.011821 0.463549 0.0390617 -0.0306767 0.435439 0.0524902 -0.0241473 0.332587 0.0690317 0.0411626 0.360697 0.0556033 0.0346333 0.365336 0.0859784 -0.00786446 0.337226 0.0994068 -0.00133514 0.33181 0.105726 -0.0376506 0.35992 0.0922978 -0.0441799 0.342013 0.0751392 -0.0859848 0.313903 0.0885676 -0.0794555 0.332378 0.105063 -0.0338397 0.360488 0.0916346 -0.040369 0.311423 0.0866607 -0.0787946 0.310457 0.0809649 -0.0712368 0.452954 0.0322177 -0.0622161 0.424843 0.0456462 -0.0556867 0.424369 0.0461493 -0.058762 0.45248 0.0327208 -0.0652913 0.299574 0.0634109 -0.081991 0.297277 0.0643797 -0.0938708 0.278884 0.0282837 -0.0988218 0.283989 0.0327833 -0.0860982 0.300738 0.0652884 -0.0808408 0.29879 0.0667627 -0.0922583 0.408877 0.0308582 -0.0940118 0.436988 0.0174297 -0.100541 0.440226 0.0282225 -0.108797 0.412115 0.0416511 -0.102268 0.39796 0.0193545 -0.117354 0.42607 0.00592596 -0.123884 0.407447 -0.0306223 -0.128897 0.379336 -0.0171938 -0.122367 0.427277 0.00176815 -0.110136 0.399167 0.0151967 -0.103607 0.398004 0.013321 -0.104756 0.426114 -0.000107523 -0.111285 0.399474 0.0217392 -0.115741 0.427584 0.00831066 -0.12227 0.301261 0.0686558 -0.0929285 0.329372 0.0552273 -0.0994578 0.327858 0.0528426 -0.101071 0.299747 0.0662711 -0.0945421 0.267308 -0.00457658 -0.0810789 0.264062 -0.00491203 -0.094362 0.248128 -0.0405987 -0.0895675 0.25338 -0.0357694 -0.0768881 0.309234 0.0162944 -0.106084 0.281124 0.0297228 -0.0995552 0.281661 0.0275706 -0.0853978 0.276816 0.023652 -0.0981996 0.382651 -0.0168512 -0.108802 0.410761 -0.0302797 -0.115331 0.363584 -0.052474 -0.117628 0.391694 -0.0659025 -0.124157 0.37677 -0.0993269 -0.119666 0.34866 -0.0858983 -0.113137 0.408563 -0.0352023 -0.11467 0.380453 -0.0217738 -0.10814 0.366898 -0.0521314 -0.104062 0.395009 -0.0655599 -0.110591 0.377138 -0.0221164 -0.121706 0.405249 -0.0355449 -0.128235 0.278926 0.0248002 -0.0988938 0.307036 0.0113718 -0.105423 0.293481 -0.0189858 -0.101345 0.265371 -0.00555738 -0.0948153 0.250447 -0.0389818 -0.0903247 0.278557 -0.0524102 -0.0968541 0.267697 -0.0720661 -0.103187 0.239586 -0.0586377 -0.0966582 0.237113 -0.0605338 -0.0959908 0.239883 -0.0606844 -0.0837573 0.351974 -0.0855558 -0.0995713 0.380085 -0.0989843 -0.106101 0.209183 -0.111348 -0.111729 0.209731 -0.106156 -0.120049 0.192263 -0.128511 -0.149274 0.188902 -0.136138 -0.14806 0.338309 -0.11078 -0.106526 0.36642 -0.124208 -0.113055 0.365909 -0.118983 -0.126 0.337799 -0.105554 -0.11947 0.310422 -0.151167 -0.143524 0.338533 -0.164596 -0.150054 0.32031 -0.187957 -0.180469 0.27697 -0.194782 -0.197844 0.307604 -0.161454 -0.134503 0.335714 -0.174882 -0.141032 0.338533 -0.164596 -0.150054 0.310422 -0.151167 -0.143524 0.24032 -0.117679 -0.127241 0.21221 -0.104251 -0.120712 0.317912 -0.197766 -0.178025 0.314785 -0.200495 -0.178467 0.271396 -0.207431 -0.19583 0.27697 -0.194782 -0.197844 0.32031 -0.187957 -0.180469 0.321274 -0.19014 -0.17924 0.21221 -0.104251 -0.120712 0.24032 -0.117679 -0.127241 0.206868 -0.161294 -0.181561 0.19401 -0.127555 -0.151135 0.201294 -0.173943 -0.179547 0.188409 -0.140256 -0.149109 0.188902 -0.136138 -0.14806 0.192263 -0.128511 -0.149274 0.19401 -0.127555 -0.151135 0.206868 -0.161294 -0.181561 0.335714 -0.174882 -0.141032 0.307604 -0.161454 -0.134503 0.271396 -0.207431 -0.19583 0.314785 -0.200495 -0.178467 0.338741 -0.167785 -0.150015 0.338193 -0.172977 -0.141695 0.317912 -0.197766 -0.178025 0.321274 -0.19014 -0.17924 0.251919 -0.134853 -0.121569 0.237502 -0.127966 -0.11822 0.201294 -0.173943 -0.179547 0.212236 -0.18542 -0.188415 0.209391 -0.114537 -0.111691 0.188409 -0.140256 -0.149109 0.294836 -0.143722 -0.139904 0.257627 -0.192299 -0.200191 0.188691 -0.250224 0.0856653 0.186388 -0.249266 0.0737813 0.173068 -0.269333 0.0577041 0.172104 -0.275027 0.0652639 0.212236 -0.18542 -0.188415 0.21781 -0.172771 -0.190429 0.366123 -0.122163 -0.125957 0.368893 -0.122313 -0.113723 0.282624 -0.0841787 -0.0935915 0.268207 -0.0772917 -0.0902428 0.237502 -0.127966 -0.11822 0.251919 -0.134853 -0.121569 0.377138 -0.102227 -0.119533 0.38239 -0.0973981 -0.106854 0.296289 -0.0589547 -0.0866371 0.281872 -0.0520676 -0.0832884 0.253762 -0.0386392 -0.0767591 0.240097 -0.0638632 -0.0837135 0.333073 -0.0784526 -0.109517 0.322212 -0.0981085 -0.11585 0.209391 -0.114537 -0.111691 0.294836 -0.143722 -0.139904 0.393072 -0.0665407 -0.124328 0.396318 -0.0662053 -0.111045 0.311213 -0.0255304 -0.0911276 0.296796 -0.0186433 -0.087779 0.268686 -0.00521481 -0.0812497 0.347997 -0.0450282 -0.114007 0.405826 -0.0379767 -0.128165 0.410671 -0.0340581 -0.115363 0.324768 0.00482728 -0.0952062 0.310351 0.0117144 -0.0918575 0.426287 0.00275097 -0.123836 0.428584 0.00178221 -0.111957 0.412999 -0.0288454 -0.116064 0.407894 -0.033345 -0.128788 0.342319 0.039922 -0.0918214 0.327902 0.0468091 -0.0884727 0.312549 0.0166369 -0.0925189 0.326966 0.00974986 -0.0958675 0.299791 0.0602376 -0.0819434 0.284438 0.0300654 -0.0859895 0.382373 0.0268002 -0.113734 0.36375 -0.00974803 -0.118747 0.28224 0.0251428 -0.0853282 0.361552 -0.0146706 -0.118086 0.4278 0.00513399 -0.122224 0.429748 0.00365968 -0.110806 0.343482 0.0417977 -0.0906723 0.329065 0.0486848 -0.0873237 0.458337 0.0421881 -0.0669615 0.454962 0.0346302 -0.0659461 0.439467 0.0193363 -0.101203 0.440433 0.025032 -0.10876 0.368684 0.0727504 -0.0458277 0.354267 0.0796375 -0.0424791 0.338775 0.0643463 -0.0777289 0.353192 0.0574592 -0.0810776 0.326157 0.0930659 -0.0359497 0.310664 0.0777748 -0.0711996 0.414436 0.0662554 -0.0568425 0.396529 0.0490968 -0.0986474 0.300954 0.0621133 -0.0807943 0.383887 0.0291849 -0.11212 0.458905 0.041525 -0.063151 0.455436 0.034127 -0.0628705 0.369158 0.0722473 -0.0427525 0.354741 0.0791343 -0.0394038 0.326631 0.0925628 -0.0328745 0.415004 0.0655922 -0.0530316 0.459115 0.00550086 0.0118387 0.455695 0.00396259 0.000280648 0.459479 0.0298349 -0.0366371 0.463753 0.0358695 -0.0306502 0.369417 0.0420894 0.0203868 0.355 0.0489764 0.0237355 0.358783 0.0748429 -0.0131743 0.373201 0.0679558 -0.0165229 0.326685 0.0655913 0.0302463 0.330105 0.0671295 0.0418044 0.334743 0.0974982 -0.000684544 0.330469 0.0914636 -0.00667147 0.360405 0.0150711 0.037154 0.345988 0.0219582 0.0405027 0.355 0.0489764 0.0237355 0.369417 0.0420894 0.0203868 0.208509 -0.209562 0.0799406 0.317878 0.0353867 0.0470321 0.236619 -0.22299 0.0734112 0.403818 -0.00374164 0.0414058 0.415213 0.0295609 0.0219707 0.32689 0.0624049 0.0302648 0.330673 0.0882714 -0.00664493 0.415213 0.0295609 0.0219707 0.419852 0.059936 -0.020527 0.317583 0.0383048 0.0471801 0.318809 0.0341158 0.061071 0.254351 -0.229535 0.0836282 0.231433 -0.273719 0.0758326 0.287118 -0.30032 0.0628984 0.315228 -0.313749 0.0563691 0.36372 0.0154137 0.0507197 0.216971 -0.260799 0.0665826 0.188861 -0.24737 0.073112 0.291135 -0.249032 0.0607487 0.400504 -0.0040842 0.0278402 0.363514 0.0135861 0.036432 0.381039 0.0052141 0.0323613 0.29251 -0.247764 0.0747647 0.401879 -0.00281536 0.0418562 0.384354 0.00555665 0.045927 0.274985 -0.239392 0.0788354 0.425102 0.0154883 0.00745261 0.453213 0.00205977 0.000923261 0.366828 0.0139287 0.0499977 0.395748 0.0388592 0.0264918 0.378223 0.0472312 0.0305625 0.398565 -0.00315792 0.0282906 0.390051 0.0322323 0.0155941 0.407577 0.0238603 0.0115233 0.378014 0.0832626 -0.0444397 0.395539 0.0748905 -0.0485105 0.394971 0.0755537 -0.0523214 0.377446 0.0839257 -0.0482507 0.407318 0.0540182 -0.051616 0.389792 0.0623902 -0.0475453 0.389318 0.0628934 -0.0506205 0.406844 0.0545214 -0.0546912 0.346897 0.0468553 -0.103529 0.364423 0.0384832 -0.107599 0.362909 0.0360985 -0.109213 0.345383 0.0444706 -0.105142 0.381641 0.0235687 -0.0995359 0.364116 0.0319407 -0.0954651 0.362953 0.030065 -0.0966142 0.380478 0.021693 -0.100685 0.324562 0.00299974 -0.109494 0.342087 -0.00537232 -0.113565 0.328533 -0.0357299 -0.109486 0.311007 -0.0273579 -0.105415 0.362927 -0.0134018 -0.10407 0.345402 -0.00502974 -0.099999 0.331847 -0.0353874 -0.0959204 0.349373 -0.0437594 -0.0999912 0.313609 -0.0691543 -0.104996 0.296083 -0.0607823 -0.100925 0.316923 -0.0688117 -0.0914299 0.334449 -0.0771838 -0.0955006 0.285222 -0.0804382 -0.107258 0.302748 -0.0888102 -0.111329 0.275371 -0.134423 -0.135383 0.257846 -0.126051 -0.131312 0.303258 -0.0940357 -0.0983842 0.320784 -0.102408 -0.102455 0.272553 -0.14471 -0.126362 0.290078 -0.153082 -0.130432 0.249646 -0.204639 -0.198468 0.227896 -0.201848 -0.201107 0.233471 -0.189199 -0.203121 0.255221 -0.19199 -0.200483 0.257846 -0.126051 -0.131312 0.275371 -0.134423 -0.135383 0.233471 -0.189199 -0.203121 0.22017 -0.175246 -0.192341 0.227896 -0.201848 -0.201107 0.249646 -0.204639 -0.198468 0.200421 -0.291647 0.0587704 0.214838 -0.298534 0.0554218 0.160583 -0.281002 0.0279495 0.157208 -0.28856 0.0289649 0.269592 -0.291948 0.0669691 0.252067 -0.283576 0.0710398 0.235472 -0.308391 0.050629 0.252997 -0.316763 0.0465583 0.203659 -0.280854 0.0505146 0.175548 -0.267426 0.0570439 0.447819 -0.0275129 0.0311053 0.446594 -0.0233239 0.0172144 0.2114 -0.206443 0.0933897 0.206243 -0.211059 0.0806818 0.271487 -0.286841 0.0539201 0.32689 0.0624049 0.0302648 0.221184 -0.289226 0.0464439 0.23871 -0.297598 0.0423731 0.226227 -0.309265 0.0126239 0.208701 -0.300893 0.0166946 0.200421 -0.291647 0.0587704 0.17231 -0.278218 0.0652998 0.157412 -0.291753 0.0289956 0.185523 -0.305181 0.0224662 0.214838 -0.298534 0.0554218 0.19994 -0.312068 0.0191175 0.154947 -0.273198 -0.0123627 0.150673 -0.279233 -0.0183492 0.17231 -0.278218 0.0652998 0.23871 -0.297598 0.0423731 0.221184 -0.289226 0.0464439 0.270523 -0.325135 0.0424875 0.298633 -0.338564 0.0359582 0.301114 -0.336656 0.0352982 0.302078 -0.330962 0.0277384 0.301872 -0.327771 0.0277024 0.273761 -0.314342 0.0342317 0.258175 -0.306896 0.037852 0.283735 -0.352098 -0.00034602 0.255625 -0.338669 0.00618328 0.24909 -0.329342 -0.0411352 0.2772 -0.34277 -0.0476645 0.220592 -0.301462 -0.0276839 0.203066 -0.29309 -0.0236132 0.150877 -0.282425 -0.0183229 0.178988 -0.295854 -0.0248523 0.193405 -0.302741 -0.028201 0.298633 -0.338564 0.0359582 0.270523 -0.325135 0.0424875 0.286218 -0.350188 -0.00100082 0.289593 -0.34263 -0.00201623 0.273761 -0.314342 0.0342317 0.301872 -0.327771 0.0277024 0.289388 -0.339438 -0.00204693 0.261278 -0.326009 0.0044824 0.258175 -0.306896 0.037852 0.245691 -0.318563 0.00810274 0.175548 -0.267426 0.0570439 0.203659 -0.280854 0.0505146 0.191176 -0.292521 0.0207653 0.163065 -0.279092 0.0272947 0.252997 -0.316763 0.0465583 0.235472 -0.308391 0.050629 0.220574 -0.321925 0.0143248 0.238099 -0.330297 0.010254 0.255643 -0.318206 -0.0358254 0.283753 -0.331635 -0.0423547 0.28855 -0.305471 -0.0755141 0.260439 -0.292042 -0.0689847 0.283957 -0.334827 -0.0423284 0.279684 -0.340862 -0.0483149 0.285335 -0.310198 -0.0870514 0.288755 -0.308655 -0.075498 0.254742 -0.298669 -0.0798825 0.282853 -0.312097 -0.0864118 0.225388 -0.275298 -0.0608433 0.207863 -0.266926 -0.0567726 0.240056 -0.310761 -0.032205 0.18554 -0.284718 -0.0195425 0.15743 -0.27129 -0.0130131 0.214039 -0.312598 -0.0329937 0.231564 -0.32097 -0.0370645 0.159745 -0.247026 -0.0455323 0.156324 -0.248569 -0.0570858 0.260439 -0.292042 -0.0689847 0.28855 -0.305471 -0.0755141 0.298928 -0.276106 -0.0912262 0.270817 -0.262678 -0.0846969 0.297715 -0.275609 -0.104885 0.299569 -0.278056 -0.0918706 0.282853 -0.312097 -0.0864118 0.254742 -0.298669 -0.0798825 0.267503 -0.26302 -0.0982626 0.295613 -0.276449 -0.104792 0.207863 -0.266926 -0.0567726 0.225388 -0.275298 -0.0608433 0.235766 -0.245934 -0.0765554 0.218241 -0.237562 -0.0724847 0.244853 -0.284596 -0.0653644 0.190337 -0.258554 -0.0527018 0.162227 -0.245126 -0.0461725 0.219691 -0.281925 -0.071741 0.237217 -0.290297 -0.0758118 0.170559 -0.216427 -0.061905 0.168705 -0.21398 -0.0749193 0.18464 -0.265181 -0.0635996 0.199057 -0.272068 -0.0669483 0.15653 -0.251752 -0.0570703 0.255231 -0.255232 -0.0810765 0.330924 -0.136207 -0.0860249 0.315338 -0.128761 -0.0824046 0.359035 -0.149636 -0.0925543 0.358872 -0.146991 -0.106113 0.361489 -0.147771 -0.0932387 0.329392 -0.132863 -0.0995008 0.357502 -0.146292 -0.10603 0.244853 -0.284596 -0.0653644 0.162227 -0.245126 -0.0461725 0.190337 -0.258554 -0.0527018 0.200715 -0.229189 -0.0684139 0.172605 -0.215761 -0.0618846 0.237217 -0.290297 -0.0758118 0.219691 -0.281925 -0.071741 0.232452 -0.246276 -0.0901211 0.249977 -0.254648 -0.0941918 0.232479 -0.0861427 -0.0632731 0.229862 -0.0853618 -0.0761476 0.199057 -0.272068 -0.0669483 0.18464 -0.265181 -0.0635996 0.197401 -0.229532 -0.0819796 0.211818 -0.236419 -0.0853283 0.15653 -0.251752 -0.0570703 0.16929 -0.216104 -0.0754503 0.278348 -0.111091 -0.0738127 0.295873 -0.119463 -0.0778835 0.305819 -0.102956 -0.0690154 0.288293 -0.0945842 -0.0649447 0.259289 -0.0993752 -0.0832179 0.231179 -0.0859468 -0.0766886 0.2383 -0.0697317 -0.0793784 0.266411 -0.0831602 -0.0859078 0.273706 -0.106262 -0.0865666 0.280828 -0.0900472 -0.0892564 0.236996 -0.0691173 -0.0788422 0.242431 -0.0696241 -0.0543987 0.252578 -0.0487624 -0.0536212 0.247406 -0.047718 -0.0780356 0.260822 -0.102719 -0.069742 0.232712 -0.0892906 -0.0632127 0.294341 -0.116119 -0.0913594 0.311866 -0.124491 -0.0954301 0.364623 -0.130077 -0.10872 0.336513 -0.116648 -0.102191 0.348338 -0.0923343 -0.101284 0.376449 -0.105763 -0.107814 0.317644 -0.0786422 -0.0681092 0.300118 -0.0702702 -0.0640385 0.250126 -0.0454177 -0.0784722 0.278236 -0.0588462 -0.0850016 0.292653 -0.0657333 -0.0883502 0.366006 -0.130746 -0.108808 0.371441 -0.131253 -0.0843644 0.36898 -0.133129 -0.0836862 0.34087 -0.1197 -0.0771568 0.325283 -0.112255 -0.0735365 0.270767 -0.0862121 -0.0608739 0.242657 -0.0727837 -0.0543447 0.301462 -0.0999043 -0.0940492 0.318987 -0.108276 -0.0981199 0.352695 -0.0953863 -0.0762507 0.380805 -0.108815 -0.08278 0.384863 -0.0975093 -0.0885638 0.356752 -0.0840808 -0.0820344 0.381588 -0.110391 -0.0835869 0.376416 -0.109347 -0.108001 0.385049 -0.0952035 -0.0999212 0.386088 -0.0978504 -0.0900025 0.355431 -0.0807151 -0.0946464 0.383541 -0.0941437 -0.101176 0.321701 -0.0673368 -0.073893 0.304176 -0.0589647 -0.0698223 0.337108 -0.0879405 -0.0726304 0.282593 -0.0618981 -0.0599678 0.254482 -0.0484697 -0.0534385 0.313287 -0.0755903 -0.093143 0.330813 -0.0839623 -0.0972138 0.257078 -0.0362217 -0.0600368 0.256039 -0.0335748 -0.0699555 0.356752 -0.0840808 -0.0820344 0.384863 -0.0975093 -0.0885638 0.386088 -0.0978504 -0.0900025 0.385049 -0.0952035 -0.0999212 0.383541 -0.0941437 -0.101176 0.355431 -0.0807151 -0.0946464 0.341166 -0.076635 -0.0784141 0.339844 -0.0732694 -0.091026 0.304176 -0.0589647 -0.0698223 0.321701 -0.0673368 -0.073893 0.32038 -0.0639711 -0.0865049 0.302854 -0.0555991 -0.0824341 0.341166 -0.076635 -0.0784141 0.28665 -0.0505926 -0.0657515 0.25854 -0.0371642 -0.0592222 0.32038 -0.0639711 -0.0865049 0.337905 -0.0723431 -0.0905756 0.257078 -0.0362217 -0.0600368 0.25854 -0.0371642 -0.0592222 0.28665 -0.0505926 -0.0657515 0.285328 -0.047227 -0.0783634 0.257218 -0.0337986 -0.0718341 0.256039 -0.0335748 -0.0699555 0.285328 -0.047227 -0.0783634 0.299745 -0.0541141 -0.0817121 0.257218 -0.0337986 -0.0718341 0.318809 0.0341158 0.061071 0.2114 -0.206443 0.0933897 0.206243 -0.211059 0.0806818 0.317583 0.0383048 0.0471801 0.446594 -0.0233239 0.0172144 0.335253 -0.272688 0.0507161 0.34041 -0.268071 0.0634241 0.447819 -0.0275129 0.0311053 0.330105 0.0671295 0.0418044 0.326685 0.0655913 0.0302463 0.459115 0.00550086 0.0118387 0.455695 0.00396259 0.000280648 0.459115 0.00550086 0.0118387 0.463753 0.0358695 -0.0306502 0.463549 0.0390617 -0.0306767 0.45891 0.00868661 0.011821 0.332587 0.0690317 0.0411626 0.337226 0.0994068 -0.00133514 0.330673 0.0882714 -0.00664493 0.32689 0.0624049 0.0302648 0.453213 0.00205977 0.000923261 0.456996 0.0279263 -0.0359865 0.452954 0.0322177 -0.0622161 0.45248 0.0327208 -0.0652913 0.46296 0.0397491 -0.0346266 0.463164 0.0365568 -0.0345997 0.332378 0.105063 -0.0338397 0.33181 0.105726 -0.0376506 0.330182 0.0887929 -0.00983237 0.329978 0.0919852 -0.00985932 0.313903 0.0885676 -0.0794555 0.310664 0.0777748 -0.0711996 0.326157 0.0930659 -0.0359497 0.458337 0.0421881 -0.0669615 0.440433 0.025032 -0.10876 0.440226 0.0282225 -0.108797 0.458133 0.0453811 -0.0669922 0.436988 0.0174297 -0.100541 0.4278 0.00513399 -0.122224 0.426287 0.00275097 -0.123836 0.42607 0.00592596 -0.123884 0.427584 0.00831066 -0.12227 0.308883 0.0826609 -0.0815011 0.311362 0.084565 -0.0821638 0.299791 0.0602376 -0.0819434 0.300954 0.0621133 -0.0807943 0.437514 0.016185 -0.103133 0.435036 0.0142814 -0.10247 0.412999 -0.0288454 -0.116064 0.428584 0.00178221 -0.111957 0.426287 0.00275097 -0.123836 0.407894 -0.033345 -0.128788 0.278884 0.0282837 -0.0988218 0.297277 0.0643797 -0.0938708 0.299574 0.0634109 -0.081991 0.283989 0.0327833 -0.0860982 0.405826 -0.0379767 -0.128165 0.393072 -0.0665407 -0.124328 0.276816 0.023652 -0.0981996 0.281661 0.0275706 -0.0853978 0.267308 -0.00457658 -0.0810789 0.410671 -0.0340581 -0.115363 0.38239 -0.0973981 -0.106854 0.396318 -0.0662053 -0.111045 0.377138 -0.102227 -0.119533 0.248128 -0.0405987 -0.0895675 0.264062 -0.00491203 -0.094362 0.25338 -0.0357694 -0.0768881 0.237113 -0.0605338 -0.0959908 0.239883 -0.0606844 -0.0837573 0.366123 -0.122163 -0.125957 0.368893 -0.122313 -0.113723 0.366123 -0.122163 -0.125957 0.338741 -0.167785 -0.150015 0.338533 -0.164596 -0.150054 0.365909 -0.118983 -0.126 0.239586 -0.0586377 -0.0966582 0.21221 -0.104251 -0.120712 0.209391 -0.114537 -0.111691 0.240097 -0.0638632 -0.0837135 0.36642 -0.124208 -0.113055 0.335714 -0.174882 -0.141032 0.314785 -0.200495 -0.178467 0.32031 -0.187957 -0.180469 0.321274 -0.19014 -0.17924 0.19401 -0.127555 -0.151135 0.188409 -0.140256 -0.149109 0.315398 -0.310895 0.0438157 0.17231 -0.278218 0.0652998 0.188905 -0.253404 0.0857106 0.188861 -0.24737 0.073112 0.175548 -0.267426 0.0570439 0.188691 -0.250224 0.0856653 0.317701 -0.311853 0.0556996 0.186388 -0.249266 0.0737813 0.289388 -0.339438 -0.00204693 0.301872 -0.327771 0.0277024 0.315184 -0.307715 0.0437704 0.315228 -0.313749 0.0563691 0.298633 -0.338564 0.0359582 0.301114 -0.336656 0.0352982 0.317701 -0.311853 0.0556996 0.163065 -0.279092 0.0272947 0.283735 -0.352098 -0.00034602 0.286218 -0.350188 -0.00100082 0.157412 -0.291753 0.0289956 0.2772 -0.34277 -0.0476645 0.282853 -0.312097 -0.0864118 0.285335 -0.310198 -0.0870514 0.279684 -0.340862 -0.0483149 0.15743 -0.27129 -0.0130131 0.283753 -0.331635 -0.0423547 0.150877 -0.282425 -0.0183229 0.297715 -0.275609 -0.104885 0.285335 -0.310198 -0.0870514 0.28855 -0.305471 -0.0755141 0.15653 -0.251752 -0.0570703 0.162227 -0.245126 -0.0461725 0.168705 -0.21398 -0.0749193 0.229862 -0.0853618 -0.0761476 0.299569 -0.278056 -0.0918706 0.361489 -0.147771 -0.0932387 0.358872 -0.146991 -0.106113 0.288755 -0.308655 -0.075498 0.156324 -0.248569 -0.0570858 0.170559 -0.216427 -0.061905 0.159745 -0.247026 -0.0455323 0.36898 -0.133129 -0.0836862 0.359035 -0.149636 -0.0925543 0.232479 -0.0861427 -0.0632731 0.232712 -0.0892906 -0.0632127 0.242657 -0.0727837 -0.0543447 0.366006 -0.130746 -0.108808 0.236996 -0.0691173 -0.0788422 0.376449 -0.105763 -0.107814 0.383541 -0.0941437 -0.101176 0.385049 -0.0952035 -0.0999212 0.376416 -0.109347 -0.108001 0.252578 -0.0487624 -0.0536212 0.242431 -0.0696241 -0.0543987 0.376416 -0.109347 -0.108001 0.371441 -0.131253 -0.0843644 0.381588 -0.110391 -0.0835869 0.247406 -0.047718 -0.0780356 0.386088 -0.0978504 -0.0900025 0.257218 -0.0337986 -0.0718341 0.250126 -0.0454177 -0.0784722 0.257078 -0.0362217 -0.0600368 0.332752 -0.0848886 -0.0976641 0.339844 -0.0732694 -0.091026 0.335169 -0.0870142 -0.07218 0.339227 -0.0757088 -0.0779637 0.339227 -0.0757088 -0.0779637 0.337905 -0.0723431 -0.0905756 0.320926 -0.109203 -0.0985703 0.323344 -0.111328 -0.0730861 0.313805 -0.125418 -0.0958805 0.313399 -0.127835 -0.0819542 0.251916 -0.255574 -0.0946422 0.239156 -0.291223 -0.0762621 0.242914 -0.28367 -0.064914 0.253292 -0.254306 -0.0806261 0.233503 -0.321896 -0.0375148 0.239156 -0.291223 -0.0762621 0.238117 -0.309834 -0.0317546 0.242914 -0.28367 -0.064914 0.240038 -0.331224 0.00980364 0.243752 -0.317637 0.00855313 0.254936 -0.317689 0.0461079 0.256235 -0.30597 0.0383024 0.269548 -0.285915 0.0543705 0.256235 -0.30597 0.0383024 0.289196 -0.248106 0.061199 0.294449 -0.24869 0.0743143 0.271531 -0.292875 0.0665187 0.254936 -0.317689 0.0461079 0.292017 -0.154008 -0.130883 0.290078 -0.153082 -0.130432 0.249646 -0.204639 -0.198468 0.252052 -0.204948 -0.198176 0.252052 -0.204948 -0.198176 0.257627 -0.192299 -0.200191 0.322723 -0.103334 -0.102905 0.292017 -0.154008 -0.130883 0.336388 -0.07811 -0.095951 0.351312 -0.0446857 -0.100442 0.364866 -0.014328 -0.10452 0.382417 0.0207667 -0.101135 0.365125 -0.00847919 -0.104731 0.367064 -0.00940546 -0.105181 0.38358 0.0226424 -0.0999862 0.408783 0.0535951 -0.0551416 0.391352 0.0392302 -0.0899411 0.393291 0.0383039 -0.0903915 0.409257 0.0530919 -0.0520664 0.409516 0.022934 0.0110729 0.407577 0.0238603 0.0115233 0.41136 0.0497268 -0.0253865 0.413299 0.0488005 -0.0258368 0.409516 0.022934 0.0110729 0.413274 0.0304871 0.0224211 0.413065 0.0665185 -0.0525812 0.412497 0.0671817 -0.0563921 0.381948 0.0301112 -0.11167 0.380434 0.0277265 -0.113284 0.359613 -0.0137443 -0.117635 0.346058 -0.044102 -0.113557 0.331134 -0.0775263 -0.109066 0.320273 -0.0971822 -0.1154 0.292897 -0.142795 -0.139453 0.292897 -0.142795 -0.139453 0.255221 -0.19199 -0.200483 0.295762 -0.0672182 -0.0890723 0.302854 -0.0555991 -0.0824341 0.301067 -0.0574797 -0.0691002 0.299745 -0.0541141 -0.0817121 0.29701 -0.0687852 -0.0633165 0.301067 -0.0574797 -0.0691002 0.283936 -0.0915322 -0.0899785 0.285184 -0.0930992 -0.0642226 0.215132 -0.236077 -0.0717627 0.275239 -0.109606 -0.0730907 0.214926 -0.237904 -0.0860503 0.276815 -0.107747 -0.0872886 0.202166 -0.273553 -0.0676703 0.196513 -0.304226 -0.028923 0.202166 -0.273553 -0.0676703 0.204754 -0.265441 -0.0560505 0.199957 -0.291605 -0.0228911 0.204754 -0.265441 -0.0560505 0.203048 -0.313553 0.0183955 0.205593 -0.299408 0.0174166 0.231389 -0.267686 0.0632339 0.218076 -0.287741 0.0471659 0.217946 -0.300019 0.0546997 0.218076 -0.287741 0.0471659 0.234541 -0.275204 0.0751106 0.217946 -0.300019 0.0546997 0.254737 -0.124566 -0.13059 0.21781 -0.172771 -0.190429 0.292975 -0.0592973 -0.100203 0.282114 -0.0789532 -0.106536 0.254737 -0.124566 -0.13059 0.307898 -0.0258729 -0.104693 0.342275 0.0459556 -0.10442 0.32676 0.00792232 -0.110155 0.323651 0.00940728 -0.109433 0.321453 0.0044847 -0.108772 0.374337 0.0854107 -0.0475287 0.359539 0.0667671 -0.0900555 0.35643 0.0682521 -0.0893335 0.343789 0.0483402 -0.102807 0.374905 0.0847475 -0.0437177 0.375114 0.0487162 0.0312846 0.375114 0.0487162 0.0312846 0.378223 0.0472312 0.0305625 0.382862 0.0776063 -0.0119352 0.379753 0.0790913 -0.0112132 0.251036 -0.229877 0.0700625 0.257459 -0.23102 0.0829062 0.372526 0.0406044 0.0196648 0.372267 0.0707623 -0.0434746 0.371793 0.0712654 -0.0465498 0.34659 0.0403128 -0.0913944 0.345427 0.0384371 -0.0925435 0.327876 0.0033423 -0.0959282 0.314322 -0.0270153 -0.0918497 0.299398 -0.0604397 -0.0873591 0.285733 -0.0856637 -0.0943135 0.255027 -0.136338 -0.122291 0.214595 -0.187895 -0.190327 0.22017 -0.175246 -0.192341 0.214595 -0.187895 -0.190327 0.390051 0.0322323 0.0155941 0.395748 0.0388592 0.0264918 0.413274 0.0304871 0.0224211 0.407577 0.0238603 0.0115233 0.407577 0.0238603 0.0115233 0.413274 0.0304871 0.0224211 0.417913 0.0608623 -0.0200766 0.41136 0.0497268 -0.0253865 0.41136 0.0497268 -0.0253865 0.417913 0.0608623 -0.0200766 0.400387 0.0692343 -0.0160059 0.393835 0.0580988 -0.0213157 0.382862 0.0776063 -0.0119352 0.376309 0.0664709 -0.017245 0.376309 0.0664709 -0.017245 0.382862 0.0776063 -0.0119352 0.378223 0.0472312 0.0305625 0.372526 0.0406044 0.0196648 0.372526 0.0406044 0.0196648 0.378223 0.0472312 0.0305625 0.389318 0.0628934 -0.0506205 0.394971 0.0755537 -0.0523214 0.412497 0.0671817 -0.0563921 0.406844 0.0545214 -0.0546912 0.406844 0.0545214 -0.0546912 0.412497 0.0671817 -0.0563921 0.39459 0.0500231 -0.098197 0.391352 0.0392302 -0.0899411 0.391352 0.0392302 -0.0899411 0.39459 0.0500231 -0.098197 0.377064 0.0583951 -0.0941263 0.373826 0.0476022 -0.0858704 0.359539 0.0667671 -0.0900555 0.3563 0.0559743 -0.0817997 0.3563 0.0559743 -0.0817997 0.359539 0.0667671 -0.0900555 0.377446 0.0839257 -0.0482507 0.371793 0.0712654 -0.0465498 0.371793 0.0712654 -0.0465498 0.377446 0.0839257 -0.0482507 0.362953 0.030065 -0.0966142 0.362909 0.0360985 -0.109213 0.380434 0.0277265 -0.113284 0.380478 0.021693 -0.100685 0.380478 0.021693 -0.100685 0.380434 0.0277265 -0.113284 0.361811 -0.00882175 -0.118297 0.365125 -0.00847919 -0.104731 0.365125 -0.00847919 -0.104731 0.361811 -0.00882175 -0.118297 0.344285 -0.000449747 -0.114226 0.3476 -0.000107169 -0.10066 0.32676 0.00792232 -0.110155 0.330074 0.00826488 -0.0965896 0.330074 0.00826488 -0.0965896 0.32676 0.00792232 -0.110155 0.345383 0.0444706 -0.105142 0.345427 0.0384371 -0.0925435 0.345427 0.0384371 -0.0925435 0.345383 0.0444706 -0.105142 0.393835 0.0580988 -0.0213157 0.376309 0.0664709 -0.017245 0.375818 0.0669924 -0.0204324 0.393343 0.0586203 -0.0245031 0.382273 0.0782937 -0.0158851 0.379164 0.0797786 -0.0151631 0.400387 0.0692343 -0.0160059 0.417913 0.0608623 -0.0200766 0.417324 0.0615496 -0.0240266 0.399798 0.0699216 -0.0199559 0.410869 0.0502483 -0.0285739 0.412808 0.049322 -0.0290242 0.326631 0.0925628 -0.0328745 0.336637 0.100094 -0.00528508 0.334154 0.0981855 -0.00463402 0.458701 0.044718 -0.0631813 0.458905 0.041525 -0.063151 0.456505 0.0284478 -0.0391739 0.458988 0.0303565 -0.039825 0.434849 0.0531776 -0.0280973 0.419263 0.0606233 -0.024477 0.330182 0.0887929 -0.00983237 0.358292 0.0753644 -0.0163617 0.372709 0.0684773 -0.0197103 0.463164 0.0365568 -0.0345997 0.428394 0.0418763 -0.0326446 0.456505 0.0284478 -0.0391739 0.364747 0.0866657 -0.0118144 0.336637 0.100094 -0.00528508 0.46296 0.0397491 -0.0346266 0.372526 0.0406044 0.0196648 0.3563 0.0559743 -0.0817997 0.330074 0.00826488 -0.0965896 0.255027 -0.136338 -0.122291 0.214595 -0.187895 -0.190327 0.413274 0.0304871 0.0224211 0.39459 0.0500231 -0.098197 0.361811 -0.00882175 -0.118297 0.392049 0.0460205 -0.100905 0.393988 0.0450942 -0.101356 0.406925 0.0277099 -0.0959405 0.391339 0.0351557 -0.0923202 0.354349 0.052826 -0.0837284 0.35124 0.054311 -0.0830063 0.339472 0.0711366 -0.0886931 0.353889 0.0642495 -0.0920418 0.371874 0.044454 -0.0877991 0.356998 0.0627645 -0.0927638 0.374523 0.0543925 -0.0968346 0.3894 0.036082 -0.0918698 0.427277 0.00176815 -0.110136 0.426114 -0.000107523 -0.111285 0.308503 0.0778137 -0.0731674 0.308713 0.0746265 -0.0731283 0.301261 0.0686558 -0.0929285 0.299747 0.0662711 -0.0945421 0.437893 0.0210322 -0.111467 0.437685 0.0242199 -0.111505 0.409574 0.0376484 -0.104976 0.336823 0.0611981 -0.0796576 0.308713 0.0746265 -0.0731283 0.437893 0.0210322 -0.111467 0.311362 0.084565 -0.0821638 0.437685 0.0242199 -0.111505 0.435036 0.0142814 -0.10247 0.436988 0.0174297 -0.100541 0.408877 0.0308582 -0.0940118 0.412115 0.0416511 -0.102268 0.440226 0.0282225 -0.108797 0.313903 0.0885676 -0.0794555 0.342013 0.0751392 -0.0859848 0.353192 0.0574592 -0.0810776 0.338775 0.0643463 -0.0777289 0.310664 0.0777748 -0.0711996 0.396529 0.0490968 -0.0986474 0.359539 0.0667671 -0.0900555 0.377064 0.0583951 -0.0941263 0.393291 0.0383039 -0.0903915 0.39459 0.0500231 -0.098197 0.35643 0.0682521 -0.0893335 0.3476 -0.000107169 -0.10066 0.344285 -0.000449747 -0.114226 -0.560194 0.0893684 -0.0182421 -0.438685 0.464259 0.0393614 -0.184808 0.3451 0.0923628 -0.316171 -0.0298781 0.0635744 0.592855 -0.011966 -0.00840355 0.351846 0.102844 0.0515252 0.338492 0.110356 0.0757674 0.587456 -0.00878295 0.000887781 0.167938 -0.275953 0.0929744 0.398298 -0.387055 0.050513 0.404827 -0.385881 0.083216 0.156142 -0.269191 0.116932 -0.317842 -0.0360243 0.0875485 -0.18287 0.349254 0.117128 -0.436809 0.467239 0.0644283 -0.561599 0.0822273 0.0052697 0.157827 -0.26747 0.0922939 0.336272 0.103948 0.0520113 0.592579 -0.0181207 -0.0115275 0.399457 -0.384038 0.0476161 0.398298 -0.387055 0.050513 0.399457 -0.384038 0.0476161 0.592579 -0.0181207 -0.0115275 0.592855 -0.011966 -0.00840355 0.587456 -0.00878295 0.000887781 0.404827 -0.385881 0.083216 0.227209 0.162988 0.0731868 0.21401 0.169925 0.097503 -0.0980154 -0.155505 0.0897849 0.0870742 0.224348 0.0898614 0.211664 0.16413 0.0734088 0.0340987 -0.206934 0.0934662 0.031799 -0.210846 0.118085 0.0895273 0.229495 0.114304 -0.0925437 -0.1525 0.114304 0.101257 0.227784 0.0899089 -0.0404932 0.288725 0.108213 -0.0420108 0.288527 0.131065 0.404827 -0.385881 0.083216 0.156142 -0.269191 0.116932 -0.0925437 -0.1525 0.090317 0.0318798 -0.211555 0.094158 0.031799 -0.210846 0.118085 -0.0925437 -0.1525 0.114304 -0.330874 -0.028965 0.0632765 -0.233813 -0.0801707 0.0778802 -0.209804 -0.093849 0.103907 -0.317842 -0.0360243 0.0875485 -0.196029 0.356208 0.0928378 -0.437019 0.469076 0.0429352 -0.561599 0.0822273 0.0052697 -0.436809 0.467239 0.0644283 -0.437019 0.469076 0.0429352 -0.438685 0.464259 0.0393614 -0.560194 0.0893684 -0.0182421 -0.561792 0.0839172 -0.0144961 -0.209804 -0.093849 0.103907 -0.0443496 0.284398 0.106322 -0.207727 -0.0879146 0.079879 -0.561792 0.0839172 -0.0144961 -0.207727 -0.0879146 0.079879 -0.207727 -0.0879146 0.079879 -0.561599 0.0822273 0.0052697 </float_array>
          <technique_common>
            <accessor count="1024" offset="0" source="#meshId2-positions-array" stride="3">
              <param name="X" type="float" />
              <param name="Y" type="float" />
              <param name="Z" type="float" />
            </accessor>
          </technique_common>
        </source>
        <source id="meshId2-normals" name="meshId2-normals">
          <float_array id="meshId2-normals-array" count="3072"> 0.177714 -0.103735 0.978599 0.311512 0.200452 0.928859 0.0927773 0.344192 0.934304 -0.0214242 -0.0507525 0.998481 -0.17692 0.105383 -0.978567 -0.117407 0.0267345 -0.992724 0.23161 0.219006 -0.947836 -0.0106817 0.419026 -0.907911 0.335923 -0.221477 0.91548 0.543052 0.129095 0.829716 0.311512 0.200452 0.928859 0.177714 -0.103735 0.978599 -0.346946 -0.260026 0.901119 0.00885038 -0.422194 0.906462 -0.176949 0.105382 -0.978562 -0.17692 0.105383 -0.978567 -0.0106817 0.419026 -0.907911 -0.0106817 0.419026 -0.907911 0.42849 0.547484 0.718789 0.0381795 0.695411 0.717598 -0.966079 0.185861 0.179299 -0.743632 0.631107 0.220715 -0.736009 0.663433 0.134713 -0.942337 0.231945 0.241253 -0.316451 -0.212992 -0.924388 -0.19413 -0.197366 -0.960916 0.689546 -0.271222 -0.671539 0.797283 -0.326677 0.507564 0.793451 -0.518774 0.31829 0.849107 -0.238203 -0.471462 0.756815 0.3521 0.550688 0.42849 0.547484 0.718789 0.44601 0.890647 0.088445 0.832747 0.552947 -0.0279557 0.758152 0.594051 -0.268903 0.38473 0.90158 -0.197828 -0.0520347 -0.642087 -0.764864 -0.432123 -0.561403 -0.705759 -0.467833 -0.824209 -0.319081 0.0589934 -0.913375 -0.402821 0.42849 0.547484 0.718789 0.756815 0.3521 0.550688 0.824572 0.535584 0.182292 0.46819 0.820074 0.329055 0.0381795 0.695411 0.717598 0.42849 0.547484 0.718789 0.46819 0.820074 0.329055 0.00347922 0.927821 0.373008 -0.079198 0.99408 -0.0743761 0.38473 0.90158 -0.197828 0.181255 0.710218 -0.680248 -0.224864 0.836527 -0.499658 -0.0643342 0.981493 0.180368 0.44601 0.890647 0.088445 -0.776326 0.624797 -0.083349 -0.906523 0.235184 0.350578 0.066256 -0.983036 -0.171026 -0.444354 -0.892491 -0.0775176 -0.380576 -0.900016 0.212445 0.178692 -0.981569 0.0677535 -0.824756 0.238448 0.512757 -0.795273 0.498076 -0.345632 -0.798819 0.323324 -0.507296 -0.664587 0.275375 0.694617 -0.836411 0.207836 0.507169 -0.805069 0.583468 -0.106909 -0.168316 -0.693162 0.700854 0.292283 -0.782057 0.550416 0.568214 0.457642 -0.683884 0.181255 0.710218 -0.680248 -0.0364095 0.374289 -0.926597 0.304945 0.227061 -0.924906 -0.00549344 0.0404682 -0.999166 -0.185188 0.0881991 -0.978737 0.315204 -0.630164 0.709606 -0.0401938 -0.50372 0.862931 0.04642 -0.356528 0.933131 0.30687 -0.410727 0.858565 0.0588721 0.533511 -0.843742 0.416587 0.313036 -0.853501 -0.309191 0.659767 -0.684915 0.0588721 0.533511 -0.843742 -0.0364095 0.374289 -0.926597 -0.33663 0.533541 -0.775896 -0.49392 0.32866 0.805001 -0.813126 0.295671 -0.501402 -0.836191 0.493523 -0.239208 -0.509767 0.287616 0.810811 -0.185188 0.0881991 -0.978737 -0.328752 0.194895 -0.924088 -0.493927 0.328695 0.804982 -0.813126 0.295671 -0.501402 0.185768 -0.0869783 0.978736 0.274367 -0.0868879 0.957691 -0.237282 -0.0245066 -0.971132 -0.194923 -0.0445881 -0.979804 -0.0845083 0.0538972 -0.994964 -0.150856 0.158577 -0.975754 0.279097 0.00436439 0.960253 0.237282 0.0245066 0.971132 0.237282 0.0245066 0.971132 0.279097 0.00436439 0.960253 -0.237282 -0.0245066 -0.971132 -0.194923 -0.0445881 -0.979804 -0.279069 -0.00439494 -0.960261 -0.237282 -0.0245066 -0.971132 -0.237282 -0.0245066 -0.971132 -0.279069 -0.00439494 -0.960261 -0.272965 0.143929 -0.951196 -0.150856 0.158577 -0.975754 -0.0224316 0.398794 -0.916766 -0.324023 0.500851 -0.802595 -0.816977 0.555242 -0.155741 -0.751392 0.211775 0.624949 0.159247 -0.141637 0.977026 0.349446 -0.28209 0.893483 -0.842592 0.178077 0.508259 -0.810656 0.585454 -0.00900332 -0.846328 0.483027 -0.22453 -0.980409 0.194501 -0.0310994 0.0273454 -0.390222 0.920315 0.332934 -0.533292 0.77766 0.263811 0.220015 -0.939147 -0.0224316 0.398794 -0.916766 0.094854 0.598056 -0.795821 0.451567 0.336356 -0.826409 0.496546 0.241772 -0.83366 0.269944 0.20741 -0.940272 -0.0997365 -0.618348 0.77955 0.281116 -0.757404 0.589333 0.451567 0.336356 -0.826409 0.094854 0.598056 -0.795821 0.104466 0.593563 -0.797979 -0.302113 0.696242 -0.651134 0.681378 -0.603828 -0.413661 0.320388 -0.934033 -0.157905 0.0397969 -0.945055 -0.324479 0.269944 0.20741 -0.940272 0.496546 0.241772 -0.83366 0.753304 -0.278762 -0.595672 -0.302113 0.696242 -0.651134 0.104466 0.593563 -0.797979 -0.337206 0.497461 -0.799265 -0.399708 0.671664 -0.62378 -0.844029 -0.522818 -0.119481 -0.931984 -0.336073 0.13587 -0.980409 0.194501 -0.0310994 -0.846328 0.483027 -0.22453 -0.399708 0.671664 -0.62378 -0.337206 0.497461 -0.799265 0.281116 -0.757404 0.589333 -0.0997365 -0.618348 0.77955 0.0397969 -0.945055 -0.324479 0.320388 -0.934033 -0.157905 0.886697 -0.224162 -0.404376 0.787675 -0.602117 0.130471 0.681378 -0.603828 -0.413661 0.753304 -0.278762 -0.595672 -0.113686 -0.607523 0.786124 -0.121987 -0.607613 0.784809 -0.844029 -0.522818 -0.119481 -0.767588 -0.619296 -0.16517 -0.509829 -0.377802 0.772878 -0.931984 -0.336073 0.13587 0.0969001 0.595104 -0.797785 0.153879 0.29256 -0.943785 -0.715493 0.202037 0.668768 -0.823714 0.560913 -0.0828904 -0.804336 0.591342 0.057956 -0.886413 0.162243 0.433532 -0.767588 -0.619296 -0.16517 -0.210064 0.466456 -0.859239 0.814712 -0.224225 -0.534759 0.804938 -0.531671 0.26344 0.0273454 -0.390222 0.920315 0.0273454 -0.390222 0.920315 -0.121987 -0.607613 0.784809 -0.113686 -0.607523 0.786124 0.749253 -0.263841 -0.60746 0.793507 -0.334951 0.508089 0.159247 -0.141637 0.977026 0.159247 -0.141637 0.977026 -0.0821263 -0.0759308 0.993725 -0.302015 -0.22996 0.925151 -0.150856 0.158577 -0.975754 -0.0224316 0.398794 -0.916766 -0.509829 -0.377802 0.772878 0.0969001 0.595104 -0.797785 0.49392 -0.32866 -0.805001 0.813119 -0.295699 0.501397 0.237253 0.0245068 0.971139 0.237282 0.0245066 0.971132 0.194923 0.0445881 0.979804 -0.237282 -0.0245066 -0.971132 0.49392 -0.32866 -0.805001 0.813119 -0.295699 0.501397 0.237253 0.0245068 0.971139 0.237282 0.0245066 0.971132 0.691173 -0.211988 -0.690899 0.82524 -0.549743 0.129463 0.828969 -0.438076 0.347708 0.50439 -0.29921 -0.809978 0.04642 -0.356528 0.933131 0.04642 -0.356528 0.933131 0.185768 -0.0869783 0.978736 0.185768 -0.0869783 0.978736 -0.166787 -0.184457 0.968585 0.128609 -0.0172433 0.991545 -0.0364095 0.374289 -0.926597 -0.185188 0.0881991 -0.978737 0.194923 0.0445881 0.979804 -0.237282 -0.0245066 -0.971132 0.846778 -0.205637 -0.490592 0.806924 -0.577176 0.125464 -0.0401938 -0.50372 0.862931 -0.0401938 -0.50372 0.862931 0.955254 -0.144478 -0.258102 0.787859 -0.594549 -0.160593 0.809817 -0.58471 -0.0480671 0.870008 -0.16166 -0.465782 -0.380576 -0.900016 0.212445 -0.380576 -0.900016 0.212445 -0.168316 -0.693162 0.700854 -0.168316 -0.693162 0.700854 -0.806931 -0.510711 0.296709 -0.546964 -0.381123 0.745369 0.38473 0.90158 -0.197828 0.181255 0.710218 -0.680248 -0.388931 -0.293773 0.873172 0.0588721 0.533511 -0.843742 0.966601 -0.185831 -0.176492 0.744364 -0.631199 -0.217968 -0.444354 -0.892491 -0.0775176 -0.444354 -0.892491 -0.0775176 -0.831597 -0.554113 0.0374781 0.44601 0.890647 0.088445 0.967775 -0.167705 0.187848 0.715701 -0.585171 -0.381243 0.757533 -0.598799 -0.259968 0.986559 -0.14933 -0.0663484 -0.432123 -0.561403 -0.705759 -0.432123 -0.561403 -0.705759 -0.467833 -0.824209 -0.319081 -0.467833 -0.824209 -0.319081 -0.974883 0.222426 0.0114142 -0.598755 0.580626 0.551694 -0.687685 0.650452 0.322494 -0.964523 0.223826 0.139991 -0.316451 -0.212992 -0.924388 -0.316451 -0.212992 -0.924388 -0.432123 -0.561403 -0.705759 -0.432123 -0.561403 -0.705759 -0.274003 0.101538 -0.956354 -0.386531 -0.105445 -0.916229 -0.17692 0.105383 -0.978567 0.311512 0.200452 0.928859 0.42849 0.547484 0.718789 -0.726451 -0.319903 -0.608219 -0.859601 -0.474542 -0.189463 0.42849 0.547484 0.718789 0.468186 0.820065 0.329082 -0.949915 0.243209 -0.19624 -0.472952 0.370348 0.799474 0.177714 -0.103735 0.978599 0.00885038 -0.422194 0.906462 0.00885038 -0.422194 0.906462 0.326955 -0.581976 0.744584 0.311512 0.200452 0.928859 -0.0106817 0.419026 -0.907911 -0.309894 0.47772 -0.82204 -0.176949 0.105382 -0.978562 -0.316451 -0.212992 -0.924388 -0.316451 -0.212992 -0.924388 -0.316451 -0.212992 -0.924388 0.177714 -0.103735 0.978599 0.311512 0.200452 0.928859 0.311512 0.200452 0.928859 0.177714 -0.103735 0.978599 -0.432123 -0.561403 -0.705759 -0.0520347 -0.642087 -0.764864 0.311512 0.200452 0.928859 0.459502 0.865991 0.197278 0.66564 0.582962 0.465917 -0.316451 -0.212992 -0.924388 -0.100896 0.256177 -0.96135 -0.627446 -0.0614965 -0.776228 0.44601 0.890647 0.088445 0.44601 0.890647 0.088445 0.166422 0.690623 -0.703807 0.517484 0.725778 -0.453272 -0.444354 -0.892491 -0.0775176 -0.444354 -0.892491 -0.0775176 -0.439507 -0.591279 -0.676183 -0.760531 -0.6387 -0.116857 0.0588721 0.533511 -0.843742 0.0588721 0.533511 -0.843742 -0.31136 -0.200116 -0.928982 0.0767564 0.0376609 -0.996338 -0.0401938 -0.50372 0.862931 -0.0401938 -0.50372 0.862931 -0.344558 -0.880104 0.326644 -0.440604 -0.455222 0.773719 -0.237282 -0.0245066 -0.971132 -0.237282 -0.0245066 -0.971132 -0.237282 -0.0245066 -0.971132 -0.237282 -0.0245066 -0.971132 0.237253 0.0245068 0.971139 0.237282 0.0245066 0.971132 0.237282 0.0245066 0.971132 0.237253 0.0245068 0.971139 -0.150856 0.158577 -0.975754 -0.150856 0.158577 -0.975754 0.159247 -0.141637 0.977026 0.159247 -0.141637 0.977026 -0.0224316 0.398794 -0.916766 -0.0224316 0.398794 -0.916766 0.0982422 0.593909 -0.798512 0.0998586 0.593323 -0.798747 0.0273454 -0.390222 0.920315 0.0273454 -0.390222 0.920315 -0.10813 -0.608586 0.786086 -0.103919 -0.611121 0.784686 -0.091252 -0.942673 -0.320999 -0.469051 -0.788314 -0.398185 -0.0872545 0.281906 -0.955466 0.153725 0.29219 -0.943925 0.0998586 0.593323 -0.798747 0.0982422 0.593909 -0.798512 -0.0872545 0.281906 -0.955466 -0.210337 0.466118 -0.859356 -0.469051 -0.788314 -0.398185 -0.091252 -0.942673 -0.320999 -0.205883 -0.741498 0.638587 -0.205883 -0.741498 0.638587 -0.78639 0.594942 0.166238 -0.957791 0.144693 0.248397 0.00885038 -0.422194 0.906462 0.00885038 -0.422194 0.906462 -0.205883 -0.741498 0.638587 -0.205883 -0.741498 0.638587 0.199932 0.734081 -0.648963 -0.275526 0.828378 -0.487725 0.830431 -0.252273 0.496733 0.641972 -0.517209 -0.566009 -0.505888 0.295824 0.810287 -0.831479 0.455368 -0.318248 -0.0106817 0.419026 -0.907911 -0.726451 -0.319903 -0.608219 0.199932 0.734081 -0.648963 0.199932 0.734081 -0.648963 0.389545 0.90318 -0.180337 0.389545 0.90318 -0.180337 -0.205883 -0.741498 0.638587 -0.59414 -0.476826 0.647792 -0.764872 -0.59543 0.245832 -0.392199 -0.90394 0.170509 -0.205883 -0.741498 0.638587 -0.392199 -0.90394 0.170509 -0.756636 0.596227 0.268357 -0.987975 0.147592 0.0460538 -0.59414 -0.476826 0.647792 0.199932 0.734081 -0.648963 0.199932 0.734081 -0.648963 -0.205883 -0.741498 0.638587 0.212016 -0.86195 0.460533 0.774272 -0.631045 0.0477932 0.911994 -0.228525 -0.340651 0.594824 0.412592 -0.689892 0.199932 0.734081 -0.648963 0.199932 0.734081 -0.648963 0.0735808 -0.995981 0.0510581 -0.392199 -0.90394 0.170509 -0.468989 -0.803999 -0.36556 -0.00909462 -0.914925 -0.40352 0.468961 0.805162 0.363028 0.468961 0.805162 0.363028 -0.822872 -0.52619 -0.214492 -0.468989 -0.803999 -0.36556 -0.468989 -0.803999 -0.36556 0.212016 -0.86195 0.460533 -0.205883 -0.741498 0.638587 0.734068 -0.663509 -0.144567 0.943845 -0.231582 -0.235641 0.199932 0.734081 -0.648963 0.594824 0.412592 -0.689892 0.815386 0.513153 -0.267991 0.389545 0.90318 -0.180337 0.199932 0.734081 -0.648963 0.389545 0.90318 -0.180337 -0.275526 0.828378 -0.487725 0.199932 0.734081 -0.648963 0.389545 0.90318 -0.180337 -0.171244 0.984463 -0.0388208 -0.205883 -0.741498 0.638587 -0.205883 -0.741498 0.638587 -0.392199 -0.90394 0.170509 -0.392199 -0.90394 0.170509 0.468961 0.805162 0.363028 0.85614 0.460604 0.234239 0.687143 0.291582 0.665443 0.419304 0.513853 0.748424 0.965142 -0.22627 -0.131538 0.679815 -0.649113 -0.341327 0.582004 -0.563357 -0.58643 0.974553 -0.223885 0.0110478 -0.417444 -0.507293 -0.75392 -0.0419637 -0.659334 -0.750678 0.419304 0.513853 0.748424 0.419304 0.513853 0.748424 0.468961 0.805162 0.363028 0.468961 0.805162 0.363028 -0.0512114 0.894064 0.445002 -0.468989 -0.803999 -0.36556 -0.468989 -0.803999 -0.36556 -0.708456 0.58009 0.401976 -0.958118 0.172342 -0.22871 0.419304 0.513853 0.748424 0.687143 0.291582 0.665443 0.412041 0.00875919 0.911123 0.283736 0.132148 0.949753 0.511353 -0.330831 -0.793139 0.930749 -0.278367 0.237105 -0.0419637 -0.659334 -0.750678 -0.417444 -0.507293 -0.75392 -0.280598 -0.124673 -0.951694 -0.0931145 -0.255996 -0.962183 0.419304 0.513853 0.748424 0.419304 0.513853 0.748424 0.283736 0.132148 0.949753 0.283736 0.132148 0.949753 0.419304 0.513853 0.748424 0.419304 0.513853 0.748424 0.0736743 0.584634 0.807945 -0.417444 -0.507293 -0.75392 -0.417444 -0.507293 -0.75392 -0.642615 0.473233 0.602574 -0.820183 0.305257 -0.483857 -0.417444 -0.507293 -0.75392 -0.417444 -0.507293 -0.75392 -0.739791 -0.325978 -0.588598 0.283736 0.132148 0.949753 0.0884744 -0.279584 0.956036 0.0884744 -0.279584 0.956036 0.280625 -0.287552 0.915731 0.544398 -0.315963 -0.777044 0.831397 -0.534325 0.152564 -0.219527 0.0147408 -0.975495 -0.152562 -0.0179451 -0.988131 0.419304 0.513853 0.748424 0.0736743 0.584634 0.807945 0.419304 0.513853 0.748424 0.283736 0.132148 0.949753 0.105931 0.154975 0.982223 -0.417444 -0.507293 -0.75392 -0.417444 -0.507293 -0.75392 -0.280598 -0.124673 -0.951694 -0.280598 -0.124673 -0.951694 -0.808361 0.248976 0.533445 -0.821786 0.336655 -0.459708 -0.417444 -0.507293 -0.75392 -0.417444 -0.507293 -0.75392 -0.280598 -0.124673 -0.951694 -0.280598 -0.124673 -0.951694 -0.739791 -0.325978 -0.588598 -0.487233 -0.0677215 -0.870642 0.0884744 -0.279584 0.956036 0.0884744 -0.279584 0.956036 0.0783438 -0.298451 0.951204 0.0783438 -0.298451 0.951204 -0.21952 0.0147403 -0.975497 -0.285966 0.0457483 -0.957147 -0.275865 0.0661049 -0.958921 -0.210552 0.0342425 -0.976983 -0.21952 0.0147403 -0.975497 -0.210552 0.0342425 -0.976983 -0.794933 0.33449 -0.50616 -0.626029 0.230385 0.74499 -0.555777 0.349288 0.754394 -0.762954 0.43368 -0.479398 0.0884744 -0.279584 0.956036 -0.0395838 -0.13456 0.990114 -0.219527 0.0147408 -0.975495 -0.21952 0.0147403 -0.975497 -0.143685 0.00296021 -0.989619 -0.210552 0.0342425 -0.976983 -0.0730327 0.308306 -0.94848 0.251048 0.190956 -0.948952 0.271836 0.103858 0.956723 0.271836 0.103858 0.956723 -0.342061 0.474332 -0.811174 -0.0730024 0.308307 -0.948482 -0.0730327 0.308306 -0.94848 0.510916 -0.289319 -0.809481 0.792107 -0.447052 0.415586 0.347191 -0.458648 0.817986 0.0783438 -0.298451 0.951204 0.0783438 -0.298451 0.951204 0.0783438 -0.298451 0.951204 -0.239787 -0.17823 0.954325 -0.210552 0.0342425 -0.976983 -0.210552 0.0342425 -0.976983 0.271836 0.103858 0.956723 0.479456 0.033205 0.876938 0.610401 0.529096 0.589464 0.455136 0.664591 0.592596 0.844789 -0.319745 0.429063 0.576636 -0.20622 -0.790547 0.908782 0.337852 -0.244889 0.949769 0.259264 0.175274 0.304553 0.848225 -0.433314 0.527611 0.661406 -0.533074 0.455136 0.664591 0.592596 0.455136 0.664591 0.592596 0.271836 0.103858 0.956723 0.271836 0.103858 0.956723 0.074008 0.226877 0.971107 -0.0730327 0.308306 -0.94848 -0.0730327 0.308306 -0.94848 -0.275042 0.844384 0.459746 -0.345786 0.937162 0.046481 0.455136 0.664591 0.592596 0.610401 0.529096 0.589464 0.949769 0.259264 0.175274 0.908782 0.337852 -0.244889 0.527611 0.661406 -0.533074 0.304553 0.848225 -0.433314 0.455136 0.664591 0.592596 0.304553 0.848225 -0.433314 0.455136 0.664591 0.592596 0.455136 0.664591 0.592596 0.304553 0.848225 -0.433314 0.304553 0.848225 -0.433314 0.455136 0.664591 0.592596 0.455136 0.664591 0.592596 0.266067 0.693582 0.669441 0.304553 0.848225 -0.433314 0.304553 0.848225 -0.433314 -0.275042 0.844384 0.459746 0.266067 0.693582 0.669441 0.455136 0.664591 0.592596 0.304553 0.848225 -0.433314 0.00427267 0.911391 -0.411519 -0.345786 0.937162 0.046481 0.304553 0.848225 -0.433314 0.304553 0.848225 -0.433314 0.00427267 0.911391 -0.411519 -0.472952 0.370348 0.799474 -0.505888 0.295824 0.810287 -0.831479 0.455368 -0.318248 -0.949915 0.243209 -0.19624 0.641972 -0.517209 -0.566009 0.689546 -0.271222 -0.671539 0.797283 -0.326677 0.507564 0.830431 -0.252273 0.496733 -0.598755 0.580626 0.551694 -0.974883 0.222426 0.0114142 0.967775 -0.167705 0.187848 0.715701 -0.585171 -0.381243 0.967775 -0.167705 0.187848 0.986559 -0.14933 -0.0663484 0.824572 0.535584 0.182292 0.756815 0.3521 0.550688 0.0381795 0.695411 0.717598 0.00347922 0.927821 0.373008 -0.859601 -0.474542 -0.189463 -0.726451 -0.319903 -0.608219 -0.0520347 -0.642087 -0.764864 0.0589934 -0.913375 -0.402821 0.066256 -0.983036 -0.171026 0.178692 -0.981569 0.0677535 0.832747 0.552947 -0.0279557 0.966601 -0.185831 -0.176492 -0.0643342 0.981493 0.180368 -0.079198 0.99408 -0.0743761 -0.831597 -0.554113 0.0374781 -0.966079 0.185861 0.179299 -0.224864 0.836527 -0.499658 -0.546964 -0.381123 0.745369 -0.806931 -0.510711 0.296709 0.955254 -0.144478 -0.258102 0.870008 -0.16166 -0.465782 0.568214 0.457642 -0.683884 0.758152 0.594051 -0.268903 0.292283 -0.782057 0.550416 0.846778 -0.205637 -0.490592 0.691173 -0.211988 -0.690899 0.304945 0.227061 -0.924906 0.416587 0.313036 -0.853501 -0.805069 0.583468 -0.106909 -0.309191 0.659767 -0.684915 -0.166787 -0.184457 0.968585 -0.388931 -0.293773 0.873172 0.806924 -0.577176 0.125464 0.315204 -0.630164 0.709606 0.828969 -0.438076 0.347708 0.82524 -0.549743 0.129463 0.691173 -0.211988 -0.690899 0.50439 -0.29921 -0.809978 -0.798819 0.323324 -0.507296 -0.795273 0.498076 -0.345632 -0.824756 0.238448 0.512757 -0.664587 0.275375 0.694617 0.49392 -0.32866 -0.805001 0.49392 -0.32866 -0.805001 -0.813126 0.295671 -0.501402 -0.493927 0.328695 0.804982 -0.49392 0.32866 0.805001 0.813119 -0.295699 0.501397 0.793507 -0.334951 0.508089 0.813119 -0.295699 0.501397 0.749253 -0.263841 -0.60746 -0.836191 0.493523 -0.239208 -0.813126 0.295671 -0.501402 -0.509767 0.287616 0.810811 -0.816977 0.555242 -0.155741 -0.751392 0.211775 0.624949 0.814712 -0.224225 -0.534759 0.804938 -0.531671 0.26344 0.814712 -0.224225 -0.534759 0.886697 -0.224162 -0.404376 0.451567 0.336356 -0.826409 0.263811 0.220015 -0.939147 -0.324023 0.500851 -0.802595 -0.302113 0.696242 -0.651134 -0.509829 -0.377802 0.772878 -0.302015 -0.22996 0.925151 0.332934 -0.533292 0.77766 0.281116 -0.757404 0.589333 0.320388 -0.934033 -0.157905 0.496546 0.241772 -0.83366 0.753304 -0.278762 -0.595672 -0.399708 0.671664 -0.62378 -0.931984 -0.336073 0.13587 0.849107 -0.238203 -0.471462 -0.59414 -0.476826 0.647792 -0.346946 -0.260026 0.901119 -0.309894 0.47772 -0.82204 -0.275526 0.828378 -0.487725 -0.715493 0.202037 0.668768 0.793451 -0.518774 0.31829 -0.823714 0.560913 -0.0828904 0.815386 0.513153 -0.267991 0.594824 0.412592 -0.689892 0.23161 0.219006 -0.947836 0.326955 -0.581976 0.744584 0.212016 -0.86195 0.460533 0.774272 -0.631045 0.0477932 0.793451 -0.518774 0.31829 -0.171244 0.984463 -0.0388208 0.0735808 -0.995981 0.0510581 0.734068 -0.663509 -0.144567 -0.764872 -0.59543 0.245832 -0.00909462 -0.914925 -0.40352 -0.0419637 -0.659334 -0.750678 0.582004 -0.563357 -0.58643 0.679815 -0.649113 -0.341327 -0.0512114 0.894064 0.445002 0.85614 0.460604 0.234239 -0.822872 -0.52619 -0.214492 0.511353 -0.330831 -0.793139 0.582004 -0.563357 -0.58643 0.687143 0.291582 0.665443 -0.739791 -0.325978 -0.588598 0.0736743 0.584634 0.807945 -0.820183 0.305257 -0.483857 -0.821786 0.336655 -0.459708 0.930749 -0.278367 0.237105 0.831397 -0.534325 0.152564 0.544398 -0.315963 -0.777044 0.974553 -0.223885 0.0110478 -0.958118 0.172342 -0.22871 -0.642615 0.473233 0.602574 -0.708456 0.58009 0.401976 0.347191 -0.458648 0.817986 0.280625 -0.287552 0.915731 -0.808361 0.248976 0.533445 -0.0395838 -0.13456 0.990114 -0.239787 -0.17823 0.954325 0.510916 -0.289319 -0.809481 -0.794933 0.33449 -0.50616 0.251048 0.190956 -0.948952 0.527611 0.661406 -0.533074 0.908782 0.337852 -0.244889 0.576636 -0.20622 -0.790547 -0.555777 0.349288 0.754394 -0.626029 0.230385 0.74499 0.576636 -0.20622 -0.790547 0.792107 -0.447052 0.415586 0.844789 -0.319745 0.429063 -0.762954 0.43368 -0.479398 0.949769 0.259264 0.175274 0.00427267 0.911391 -0.411519 -0.342061 0.474332 -0.811174 -0.275042 0.844384 0.459746 -0.0730327 0.308306 -0.94848 0.304553 0.848225 -0.433314 0.271836 0.103858 0.956723 0.455136 0.664591 0.592596 0.455136 0.664591 0.592596 0.304553 0.848225 -0.433314 -0.210552 0.0342425 -0.976983 0.0783438 -0.298451 0.951204 -0.21952 0.0147403 -0.975497 0.0884744 -0.279584 0.956036 -0.280598 -0.124673 -0.951694 -0.417444 -0.507293 -0.75392 0.419304 0.513853 0.748424 0.283736 0.132148 0.949753 -0.468989 -0.803999 -0.36556 -0.417444 -0.507293 -0.75392 0.468961 0.805162 0.363028 0.419304 0.513853 0.748424 -0.392199 -0.90394 0.170509 0.389545 0.90318 -0.180337 -0.205883 -0.741498 0.638587 0.199932 0.734081 -0.648963 -0.0106817 0.419026 -0.907911 0.199932 0.734081 -0.648963 -0.176949 0.105382 -0.978562 0.177714 -0.103735 0.978599 0.00885038 -0.422194 0.906462 -0.205883 -0.741498 0.638587 -0.104161 -0.611997 0.783971 -0.103919 -0.611121 0.784686 -0.091252 -0.942673 -0.320999 -0.0915583 -0.942257 -0.322132 -0.0915583 -0.942257 -0.322132 0.153879 0.29256 -0.943785 0.0273454 -0.390222 0.920315 -0.104161 -0.611997 0.783971 0.159247 -0.141637 0.977026 0.237253 0.0245068 0.971139 0.237253 0.0245068 0.971139 0.04642 -0.356528 0.933131 -0.0033266 0.380453 0.924794 0.185768 -0.0869783 0.978736 -0.0401938 -0.50372 0.862931 -0.380576 -0.900016 0.212445 -0.26387 -0.261306 0.928489 -0.168316 -0.693162 0.700854 -0.444354 -0.892491 -0.0775176 -0.432123 -0.561403 -0.705759 -0.627446 -0.0614965 -0.776228 -0.684451 -0.717778 0.127753 -0.467833 -0.824209 -0.319081 -0.432123 -0.561403 -0.705759 0.230541 0.79081 0.566983 0.44601 0.890647 0.088445 0.0868265 0.9315 -0.353227 0.0588721 0.533511 -0.843742 -0.375878 0.253922 -0.891201 -0.237282 -0.0245066 -0.971132 -0.237282 -0.0245066 -0.971132 -0.150856 0.158577 -0.975754 -0.0224316 0.398794 -0.916766 0.0968058 0.594782 -0.798037 0.0968058 0.594782 -0.798037 0.153725 0.29219 -0.943925 -0.0730327 0.308306 -0.94848 0.304553 0.848225 -0.433314 0.455136 0.664591 0.592596 0.304553 0.848225 -0.433314 0.271836 0.103858 0.956723 0.455136 0.664591 0.592596 -0.210552 0.0342425 -0.976983 0.0783438 -0.298451 0.951204 0.283736 0.132148 0.949753 0.0884744 -0.279584 0.956036 -0.280598 -0.124673 -0.951694 -0.21952 0.0147403 -0.975497 -0.417444 -0.507293 -0.75392 -0.468989 -0.803999 -0.36556 -0.417444 -0.507293 -0.75392 0.419304 0.513853 0.748424 0.468961 0.805162 0.363028 0.419304 0.513853 0.748424 -0.392199 -0.90394 0.170509 0.389545 0.90318 -0.180337 -0.0106817 0.419026 -0.907911 0.199932 0.734081 -0.648963 -0.205883 -0.741498 0.638587 0.199932 0.734081 -0.648963 0.00885038 -0.422194 0.906462 -0.205883 -0.741498 0.638587 0.100134 0.5936 -0.798506 -0.210064 0.466456 -0.859239 -0.150856 0.158577 -0.975754 -0.0224316 0.398794 -0.916766 0.100134 0.5936 -0.798506 -0.237282 -0.0245066 -0.971132 -0.0364095 0.374289 -0.926597 0.163127 0.21086 -0.963809 -0.185188 0.0881991 -0.978737 -0.237282 -0.0245066 -0.971132 0.38473 0.90158 -0.197828 0.537525 0.664299 -0.519397 0.181255 0.710218 -0.680248 0.0588721 0.533511 -0.843742 0.44601 0.890647 0.088445 0.42849 0.547484 0.718789 0.42849 0.547484 0.718789 0.66564 0.582962 0.465917 0.692683 0.54598 0.47127 0.46819 0.820074 0.329055 -0.17692 0.105383 -0.978567 0.177714 -0.103735 0.978599 0.0242017 -0.372792 -0.927599 -0.444354 -0.892491 -0.0775176 -0.0924726 -0.957839 -0.272016 -0.0401938 -0.50372 0.862931 0.187782 -0.755432 0.627742 0.237253 0.0245068 0.971139 0.237253 0.0245068 0.971139 0.159247 -0.141637 0.977026 0.0273454 -0.390222 0.920315 -0.112891 -0.606848 0.78676 -0.767659 -0.619548 -0.16389 -0.210337 0.466118 -0.859356 -0.767659 -0.619548 -0.16389 -0.100896 0.256177 -0.96135 0.459502 0.865991 0.197278 0.230541 0.79081 0.566983 -0.627446 -0.0614965 -0.776228 -0.627446 -0.0614965 -0.776228 0.230541 0.79081 0.566983 0.189767 0.786232 0.588071 -0.684451 -0.717778 0.127753 -0.684451 -0.717778 0.127753 0.189767 0.786232 0.588071 0.380569 0.388657 0.839114 -0.27214 -0.816938 0.508481 0.692683 0.54598 0.47127 -0.105353 -0.994412 -0.0067141 -0.105353 -0.994412 -0.0067141 0.692683 0.54598 0.47127 0.66564 0.582962 0.465917 0.0242017 -0.372792 -0.927599 0.0242017 -0.372792 -0.927599 0.66564 0.582962 0.465917 -0.439507 -0.591279 -0.676183 0.166422 0.690623 -0.703807 0.0868265 0.9315 -0.353227 -0.760531 -0.6387 -0.116857 -0.760531 -0.6387 -0.116857 0.0868265 0.9315 -0.353227 0.0058596 0.918279 -0.39589 -0.26387 -0.261306 0.928489 -0.26387 -0.261306 0.928489 0.0058596 0.918279 -0.39589 0.419485 0.90596 -0.0571625 0.218303 -0.0173957 0.975726 0.537525 0.664299 -0.519397 0.289414 -0.525632 0.799969 0.289414 -0.525632 0.799969 0.537525 0.664299 -0.519397 0.517484 0.725778 -0.453272 -0.0924726 -0.957839 -0.272016 -0.0924726 -0.957839 -0.272016 0.517484 0.725778 -0.453272 -0.344558 -0.880104 0.326644 -0.31136 -0.200116 -0.928982 -0.375878 0.253922 -0.891201 -0.440604 -0.455222 0.773719 -0.440604 -0.455222 0.773719 -0.375878 0.253922 -0.891201 -0.2834 0.424184 -0.860088 -0.0033266 0.380453 0.924794 -0.0033266 0.380453 0.924794 -0.2834 0.424184 -0.860088 0.118351 0.623526 -0.772793 0.453917 0.658215 0.600594 0.163127 0.21086 -0.963809 0.620425 0.082463 0.779918 0.620425 0.082463 0.779918 0.163127 0.21086 -0.963809 0.0767564 0.0376609 -0.996338 0.187782 -0.755432 0.627742 0.187782 -0.755432 0.627742 0.0767564 0.0376609 -0.996338 -0.27214 -0.816938 0.508481 -0.105353 -0.994412 -0.0067141 -0.444354 -0.892491 -0.0775176 -0.444354 -0.892491 -0.0775176 0.44601 0.890647 0.088445 0.44601 0.890647 0.088445 0.380569 0.388657 0.839114 0.189767 0.786232 0.588071 0.44601 0.890647 0.088445 0.44601 0.890647 0.088445 -0.444354 -0.892491 -0.0775176 -0.444354 -0.892491 -0.0775176 -0.831597 -0.554113 0.0374781 -0.0643342 0.981493 0.180368 -0.743604 0.63114 0.220716 0.832747 0.552947 -0.0279557 0.966601 -0.185831 -0.176492 0.066258 -0.983035 -0.171031 0.744364 -0.631199 -0.217968 0.44601 0.890647 0.088445 0.44601 0.890647 0.088445 -0.831597 -0.554113 0.0374781 -0.444354 -0.892491 -0.0775176 -0.444354 -0.892491 -0.0775176 0.966601 -0.185831 -0.176492 -0.444354 -0.892491 -0.0775176 0.066258 -0.983035 -0.171031 0.44601 0.890647 0.088445 -0.0643342 0.981493 0.180368 0.832747 0.552947 -0.0279557 0.0242017 -0.372792 -0.927599 0.289414 -0.525632 0.799969 0.620425 0.082463 0.779918 -0.112891 -0.606848 0.78676 -0.767659 -0.619548 -0.16389 0.230541 0.79081 0.566983 0.0058596 0.918279 -0.39589 -0.2834 0.424184 -0.860088 0.0588721 0.533511 -0.843742 0.0588721 0.533511 -0.843742 -0.0401938 -0.50372 0.862931 -0.0401938 -0.50372 0.862931 -0.0401938 -0.50372 0.862931 -0.0401938 -0.50372 0.862931 0.0588721 0.533511 -0.843742 0.0588721 0.533511 -0.843742 -0.0401938 -0.50372 0.862931 0.0588721 0.533511 -0.843742 0.0588721 0.533511 -0.843742 -0.0401938 -0.50372 0.862931 0.315204 -0.630164 0.709606 0.30687 -0.410727 0.858565 -0.836411 0.207836 0.507169 -0.388941 -0.293781 0.873165 -0.309191 0.659767 -0.684915 -0.33663 0.533541 -0.775896 0.846778 -0.205637 -0.490592 0.416587 0.313036 -0.853501 0.0588721 0.533511 -0.843742 -0.0401938 -0.50372 0.862931 -0.388941 -0.293781 0.873165 0.846778 -0.205637 -0.490592 -0.309191 0.659767 -0.684915 0.416587 0.313036 -0.853501 0.315204 -0.630164 0.709606 0.292283 -0.782057 0.550416 -0.168316 -0.693162 0.700854 0.181255 0.710218 -0.680248 0.568214 0.457642 -0.683884 -0.224864 0.836527 -0.499658 0.181255 0.710218 -0.680248 -0.168316 -0.693162 0.700854 -0.168316 -0.693162 0.700854 -0.546964 -0.381123 0.745369 0.181255 0.710218 -0.680248 0.537525 0.664299 -0.519397 0.419485 0.90596 -0.0571625 -0.168316 -0.693162 0.700854 0.0058596 0.918279 -0.39589 0.181255 0.710218 -0.680248 0.453917 0.658215 0.600594 0.118351 0.623526 -0.772793 -0.589509 0.00799591 -0.807722 -0.463017 0.44559 -0.766201 0.214641 0.144172 -0.965993 0.0971741 -0.156535 -0.982881 0.786858 0.219467 -0.576791 0.250565 0.798419 -0.547489 0.40484 0.633858 0.659036 0.807393 0.428372 0.405726 -0.449794 -0.810045 -0.376181 0.191448 -0.94439 -0.267349 0.375475 -0.68573 0.623533 -0.177683 -0.61957 0.764567 -0.437646 -0.599001 0.670569 0.133614 0.639533 0.757063 -0.386684 0.733296 0.559242 -0.814801 -0.365956 0.449639 -0.140144 -0.111365 -0.983848 -0.08234 0.17118 -0.981793 0.60781 -0.190589 -0.770871 0.37642 -0.566858 -0.732789 0.191448 -0.94439 -0.267349 0.37642 -0.566858 -0.732789 0.60781 -0.190589 -0.770871 0.786858 0.219467 -0.576791 0.807393 0.428372 0.405726 0.375475 -0.68573 0.623533 0.271105 0.762836 -0.587013 0.353534 0.61197 0.707465 -0.145334 -0.313099 -0.938534 -0.0200817 0.135567 -0.990565 -0.0488611 0.108373 -0.992909 -0.17817 -0.307449 -0.934736 -0.246625 -0.632416 0.73432 0.309952 0.604278 0.734015 -0.287584 -0.647255 0.705944 0.282941 0.753267 -0.593745 0.317612 0.772011 -0.550565 0.229199 0.602571 0.764445 0.375475 -0.68573 0.623533 -0.177683 -0.61957 0.764567 -0.405139 -0.889077 -0.213083 -0.395165 -0.857931 -0.328328 -0.246625 -0.632416 0.73432 -0.287584 -0.647255 0.705944 -0.262466 -0.831315 -0.489926 -0.301804 -0.738899 -0.602448 -0.356619 -0.640542 0.680095 -0.437646 -0.599001 0.670569 0.443261 0.775463 -0.44964 -0.292406 0.87026 -0.396416 -0.814801 -0.365956 0.449639 -0.386684 0.733296 0.559242 -0.292406 0.87026 -0.396416 -0.463017 0.44559 -0.766201 -0.589509 0.00799591 -0.807722 -0.779343 -0.445309 -0.440822 -0.356619 -0.640542 0.680095 0.0893296 0.142616 -0.985739 -0.048129 -0.201245 -0.978358 -0.779343 -0.445309 -0.440822 -0.048129 -0.201245 -0.978358 -0.048129 -0.201245 -0.978358 -0.814801 -0.365956 0.449639 </float_array>
          <technique_common>
            <accessor count="1024" offset="0" source="#meshId2-normals-array" stride="3">
              <param name="X" type="float" />
              <param name="Y" type="float" />
              <param name="Z" type="float" />
            </accessor>
          </technique_common>
        </source>
        <source id="meshId2-tangents" name="meshId2-tangents">
          <float_array id="meshId2-tangents-array" count="3072"> 0.883147 -0.421884 -0.2051 0.88314 -0.421881 -0.205135 0.907738 -0.414829 0.0626813 0.908751 -0.417335 -0.00171417 -0.88315 0.421877 0.205101 -0.898142 0.423679 0.117631 -0.888568 0.444229 -0.114485 -0.883142 0.421891 0.205105 0.820397 -0.408686 -0.399905 0.794604 -0.398462 -0.458075 0.883141 -0.421878 -0.205136 0.883147 -0.421882 -0.2051 0.827926 -0.536321 0.164005 0.883141 -0.421885 -0.20512 -0.883138 0.421888 0.205128 -0.883142 0.421893 0.205101 -0.883139 0.421897 0.205107 -0.883154 0.421871 0.205096 0.883142 -0.42188 -0.20513 0.957194 -0.231643 0.173554 0.190939 0.0465957 0.980495 0.28644 0.00243952 0.958095 0.211157 0.0359148 0.976792 0.251985 0.0173477 0.967576 -0.883143 0.421879 0.205125 -0.90069 0.423975 0.0948816 0.666116 -0.126455 0.73505 -0.406398 0.331218 0.851549 -0.168412 0.315402 0.933894 0.466345 -0.0811162 0.880876 0.645639 -0.534037 -0.545853 0.883142 -0.421878 -0.205131 -0.883141 0.421881 0.205133 -0.534229 0.815764 0.221648 -0.594798 0.799023 0.0881859 -0.883143 0.421874 0.205135 0.100036 0.758698 -0.643716 0.182586 0.711926 -0.678103 -0.0344578 0.377761 -0.925262 -0.0351962 0.40137 -0.915239 -0.883142 0.42188 0.20513 -0.629694 0.618661 0.469833 -0.564531 0.757705 0.327396 -0.883138 0.421886 0.205131 -0.983783 0.152102 -0.0950571 -0.883142 0.421879 0.20513 -0.883138 0.421885 0.205134 -0.999301 -0.0106618 0.035841 -0.960373 -0.0560857 0.273017 -0.883143 0.421874 0.205134 -0.883144 0.421871 0.20514 -0.875379 0.0517881 0.480656 -0.987281 -0.0889312 0.131784 -0.883141 0.421881 0.205132 -0.00388896 0.12748 0.991833 0.353242 -0.0321516 0.934979 -0.150363 0.159609 -0.975662 -0.150391 0.159617 -0.975656 -0.274265 -0.109543 -0.955395 -0.273418 -0.115688 -0.954913 0.505249 -0.0965085 0.85756 -0.21376 0.303125 0.928667 -0.408098 0.328308 0.851862 0.686954 -0.14056 0.712978 0.49628 -0.10558 0.861719 -0.0305507 0.139206 0.989792 -0.437858 -0.584429 -0.683171 -0.302384 -0.621597 -0.722621 -0.702836 0.702141 -0.114102 -0.883143 0.421871 0.20514 0.883144 -0.421882 -0.205117 0.840948 -0.520025 0.1496 0.906542 -0.421539 -0.0220574 0.883144 -0.42188 -0.205119 0.82595 -0.186092 -0.532143 0.88314 -0.421883 -0.205131 0.883142 -0.421883 -0.205125 0.800596 -0.37641 -0.466221 0.883142 -0.421875 -0.205137 0.780938 -0.603848 0.159699 0.829345 -0.165382 -0.533701 0.883143 -0.421873 -0.205136 0.883141 -0.421886 -0.205118 0.80413 -0.265854 -0.531692 0.769573 -0.265693 0.580658 -0.418479 0.3018 0.856617 -0.124202 0.254423 0.959084 0.785433 -0.228975 0.575035 0.883143 -0.421883 -0.205118 0.829657 -0.407884 -0.381182 0.769541 -0.265729 0.580685 -0.418486 0.301782 0.856619 0.883142 -0.421886 -0.205116 0.862297 -0.418582 -0.285014 0.88314 -0.421881 -0.205136 0.892101 -0.42323 -0.158215 0.900472 -0.423398 -0.099418 0.883146 -0.421885 -0.205101 0.871863 -0.420242 -0.251497 0.883139 -0.421883 -0.205136 0.88314 -0.421881 -0.205136 0.871824 -0.420331 -0.251485 0.88314 -0.421879 -0.205136 0.892101 -0.42323 -0.158216 0.872169 -0.419577 -0.251548 0.88314 -0.42188 -0.205136 0.88314 -0.421881 -0.205136 0.872173 -0.419568 -0.251549 0.855689 -0.41553 -0.308433 0.883145 -0.421886 -0.205101 0.883143 -0.421879 -0.205127 0.765168 -0.360162 -0.533668 -0.0723216 0.169286 0.98291 0.619435 -0.10001 0.778652 0.883145 -0.421884 -0.205104 0.80147 -0.403946 -0.440992 0.496894 -0.106894 0.861203 0.0617842 0.100821 0.992984 -0.129114 0.222925 0.966247 -0.0271497 0.0229402 0.999368 0.883141 -0.421884 -0.205123 0.798486 -0.279232 -0.533338 0.890128 -0.430606 0.149163 0.883141 -0.421881 -0.205128 -0.883895 0.418364 0.209048 -0.769435 0.615735 -0.169826 -0.759721 0.585593 -0.282677 -0.848157 0.513487 -0.130231 0.884499 -0.413952 -0.215188 0.846775 -0.0932174 -0.523719 0.763477 -0.624977 0.162809 0.883656 -0.418721 -0.209344 0.882577 -0.425172 -0.200716 0.83399 -0.137797 -0.534297 0.559024 0.794139 -0.238401 0.864903 0.356423 -0.353419 0.707476 0.255972 -0.658754 0.313817 0.904254 0.289559 0.157298 0.919461 0.360346 0.300941 0.951447 -0.0646783 -0.833987 0.137801 0.5343 -0.879827 0.42924 0.204101 -0.809957 0.279438 0.515639 -0.776694 0.113232 0.619617 -0.443411 0.805623 -0.392885 -0.347368 0.935136 -0.0696786 0.196972 0.968129 -0.15469 0.515327 0.849151 -0.115673 0.729183 0.645347 0.227638 0.603818 0.765645 0.221789 0.376446 0.651908 0.658258 0.453448 0.669127 0.588773 0.670379 -0.215551 0.710021 0.660338 0.100696 0.744187 0.411105 -0.0179659 0.911411 -0.0465551 0.152995 0.98713 0.389356 -0.179539 0.90342 0.594917 -0.0972897 0.797878 0.882371 -0.425396 -0.201145 0.880876 -0.430639 -0.196489 0.532599 -0.791021 -0.301038 0.638173 -0.714525 -0.286686 0.718063 -0.681657 0.14046 0.310261 -0.933364 -0.180469 -0.883347 0.420749 0.206563 -0.873954 0.48594 0.00814082 0.662249 -0.1087 0.741357 -0.0023471 0.142816 0.989747 0.125347 0.0735275 0.989385 0.42777 -0.0707631 0.901114 -0.461499 0.712848 -0.528078 0.560064 0.777771 0.285307 0.537753 -0.0528726 0.841443 -0.139194 0.262395 0.954868 0.88314 -0.421885 -0.205124 0.883142 -0.421883 -0.205123 0.881699 -0.429435 -0.19543 0.882563 -0.425114 -0.2009 0.606611 -0.0946988 0.789338 -0.402029 0.338253 0.850857 0.883145 -0.421885 -0.205105 0.883146 -0.421884 -0.205104 0.90953 -0.413347 0.043584 0.848369 -0.50747 0.150811 0.883146 -0.421884 -0.205101 0.883138 -0.421887 -0.20513 0.732117 -0.662318 0.159185 0.883321 -0.420788 -0.206595 0.769578 -0.265682 0.580657 -0.418456 0.301831 0.856617 0.883172 -0.421823 -0.205118 0.883139 -0.421882 -0.205136 0.892386 -0.422596 -0.158301 0.88314 -0.42188 -0.205136 0.769568 -0.265706 0.58066 -0.418472 0.301796 0.856622 0.88315 -0.42187 -0.205111 0.883143 -0.421875 -0.205137 0.688381 -0.0979427 0.718706 -0.0440414 0.16589 0.98516 -0.231032 0.297959 0.926199 0.781773 -0.240056 0.575504 0.883158 -0.421853 -0.205114 0.883141 -0.421883 -0.205125 0.883147 -0.421876 -0.205116 0.883147 -0.421876 -0.205116 0.897616 -0.4349 0.071744 0.897943 -0.422337 -0.123813 0.883127 -0.42191 -0.205128 0.883154 -0.42186 -0.205118 0.892403 -0.42256 -0.158306 0.88314 -0.421881 -0.205136 0.494694 -0.0346359 0.868377 -0.0442699 0.152718 0.987278 0.883173 -0.421829 -0.205098 0.883142 -0.421879 -0.205129 0.263668 0.0204681 0.964396 0.222405 0.0315108 0.974445 0.117011 0.0806871 0.989847 0.469549 -0.0164539 0.882753 -0.274243 -0.109553 -0.9554 -0.274241 -0.109554 -0.9554 -0.437862 -0.584428 -0.68317 -0.437857 -0.58443 -0.683171 -0.279104 -0.113019 -0.953587 -0.555727 -0.500587 -0.663762 -0.883151 0.421872 0.205108 -0.883143 0.421872 0.205141 0.793904 -0.587721 0.155888 0.88314 -0.421878 -0.205139 0.185912 0.0344061 0.981964 0.283051 0.00259662 0.959101 -0.150364 0.159605 -0.975662 -0.150371 0.159608 -0.975661 -0.15032 0.159606 -0.975669 -0.883138 0.421878 0.205148 -0.172544 0.101715 0.979736 0.417676 -0.0788782 0.905166 0.3152 -0.0132224 0.948933 0.0745369 0.0499174 0.995968 0.182585 0.711927 -0.678102 0.182585 0.711927 -0.678102 -0.0344588 0.377761 -0.925262 -0.0344749 0.377769 -0.925258 0.0353198 0.103798 0.993971 0.544067 -0.210645 0.812169 0.389106 -0.0448079 0.920102 0.157461 0.0621185 0.98557 -0.883144 0.421877 0.205125 -0.883143 0.421879 0.205125 -0.883138 0.421885 0.205136 -0.883138 0.421885 0.205136 -0.861093 0.416954 0.290978 -0.854557 0.414594 0.312799 -0.883149 0.421878 0.205101 0.883138 -0.421885 -0.205134 0.883141 -0.421881 -0.205129 0.276121 0.674589 -0.684608 -0.0128069 0.390686 -0.920435 -0.883142 0.42188 0.205129 -0.88314 0.421871 0.205154 -0.16688 0.136147 0.976532 0.751498 -0.304128 0.585454 0.883147 -0.421882 -0.2051 0.883142 -0.421885 -0.20512 0.883143 -0.421883 -0.205119 0.803761 -0.243156 -0.542995 0.883139 -0.421883 -0.205135 -0.883142 0.421892 0.205105 -0.787027 0.3562 0.503697 -0.88314 0.421884 0.205128 -0.883143 0.42188 0.205124 -0.883146 0.421873 0.205127 -0.883145 0.421874 0.205126 0.883148 -0.42188 -0.2051 0.883139 -0.421884 -0.205134 0.883139 -0.421882 -0.205135 0.883147 -0.421884 -0.2051 -0.883138 0.421885 0.205136 -0.891164 0.375506 -0.254602 0.883139 -0.421882 -0.205135 0.883145 -0.421874 -0.205128 0.742034 -0.58347 -0.330074 -0.883143 0.42188 0.205124 -0.883144 0.421884 0.20511 -0.70111 0.478311 0.528832 -0.883141 0.421881 0.20513 -0.883141 0.421881 0.205129 -0.883144 0.42187 0.205139 -0.780531 0.617456 0.0975661 -0.150392 0.159618 -0.975656 -0.150373 0.159609 -0.97566 0.163983 0.687319 -0.707603 -0.00410863 0.184703 -0.982786 0.883144 -0.421872 -0.205135 0.883141 -0.421876 -0.205138 0.883145 -0.421878 -0.205118 0.893316 -0.446418 0.0519455 0.883143 -0.421877 -0.205128 0.883139 -0.421884 -0.205132 0.883138 -0.421882 -0.205139 0.777239 -0.624714 0.0750539 0.88314 -0.421881 -0.205136 0.883139 -0.421882 -0.205136 0.88314 -0.42188 -0.205136 0.88314 -0.42188 -0.205136 0.883128 -0.42192 -0.205105 0.883142 -0.421877 -0.205137 0.88314 -0.421881 -0.205136 0.883147 -0.421879 -0.20511 0.883146 -0.421885 -0.205101 0.883147 -0.421883 -0.205101 0.883145 -0.421884 -0.205105 0.883147 -0.421881 -0.205104 0.883142 -0.421881 -0.205128 0.883141 -0.421882 -0.205128 0.883141 -0.421882 -0.205129 0.882968 -0.422909 -0.203756 0.883141 -0.421883 -0.205123 0.883141 -0.421885 -0.205124 0.882846 -0.422312 -0.205513 0.883682 -0.418778 -0.209119 0.600675 0.204996 -0.772765 0.00700248 0.447526 -0.894244 0.461319 0.86152 0.212059 0.370374 0.868595 0.329189 -0.882928 0.422968 0.203805 -0.882928 0.422199 0.205391 -0.882931 0.422276 0.205221 -0.854753 0.338964 0.393066 0.883164 -0.420408 -0.208034 0.991859 -0.057286 -0.11373 0.883142 -0.421877 -0.205134 0.883141 -0.421878 -0.205136 0.227537 0.0287849 0.973344 0.253356 0.0166197 0.96723 0.883117 -0.421927 -0.205139 0.883144 -0.421881 -0.205118 0.883142 -0.421876 -0.205134 0.88314 -0.421879 -0.205138 -0.883142 0.421878 0.205134 -0.858886 0.0157334 0.511925 -0.435261 0.262755 0.861108 0.548705 -0.205704 0.810314 0.782911 -0.236873 0.575275 -0.200848 0.287708 0.936421 -0.883143 0.421889 0.205104 -0.686504 0.378157 0.621055 -0.424366 -0.532114 -0.732645 -0.424366 -0.532114 -0.732644 -0.261351 -0.0793553 -0.961976 -0.261351 -0.0793551 -0.961976 -0.421507 -0.521731 -0.741706 -0.48605 -0.42886 -0.761468 -0.25599 -0.0692462 -0.964196 -0.257361 -0.0701317 -0.963767 -0.421507 -0.521731 -0.741706 -0.257359 -0.0701327 -0.963768 0.323798 -0.0148779 0.946009 0.0621435 0.106327 0.992387 0.687779 -0.718753 0.101757 -0.883141 0.421878 0.205134 -0.883148 0.42187 0.205123 0.883143 -0.421876 -0.205134 0.883799 -0.0320019 -0.466771 0.0727211 0.163737 0.98382 0.343034 -0.0304893 0.938828 -0.678069 0.718482 -0.15494 -0.883141 0.421878 0.205134 -0.883141 0.421878 0.205134 -0.257625 -0.0684421 -0.963818 -0.25736 -0.0701319 -0.963767 -0.0107037 0.419045 -0.907902 -0.00964838 0.403599 -0.914885 -0.0120092 0.416803 -0.908917 -0.0120092 0.416803 -0.908917 -0.0253436 0.411086 -0.911244 -0.0107036 0.419045 -0.907902 -0.0107043 0.419046 -0.907902 -0.323335 -0.506576 -0.799272 -0.421507 -0.521731 -0.741706 0.224409 0.0360929 0.973826 0.246707 0.0196181 0.968891 -0.424367 -0.532114 -0.732644 -0.522994 -0.45312 -0.721914 -0.2645 -0.0815557 -0.960931 -0.261351 -0.0793553 -0.961976 -0.424366 -0.532114 -0.732645 -0.261351 -0.0793552 -0.961976 -0.306405 -0.556578 -0.772228 -0.424366 -0.532114 -0.732645 -0.26135 -0.0793556 -0.961976 -0.260848 -0.0832999 -0.961779 -0.421509 -0.521731 -0.741706 -0.42151 -0.52173 -0.741706 -0.25736 -0.0701318 -0.963767 -0.257361 -0.0701316 -0.963767 -0.0120089 0.416803 -0.908917 0.0142297 0.432112 -0.901708 0.303522 0.716956 -0.627573 0.210337 0.746977 -0.630701 0.150353 0.0679579 0.986294 0.370206 -0.0980306 0.923763 0.554326 -0.252785 0.792983 0.0156159 0.116976 0.993012 0.214002 0.751448 -0.624122 0.122777 0.742242 -0.658789 0.210338 0.746976 -0.630701 0.210339 0.746976 -0.630701 -0.0120087 0.416803 -0.908918 -0.0120094 0.416803 -0.908917 -0.0126787 0.444969 -0.895456 -0.0107018 0.419044 -0.907903 -0.0107013 0.419044 -0.907903 0.438216 -0.0849036 0.894851 -0.206397 0.138063 0.968679 -0.210339 -0.746976 0.630701 -0.196559 -0.807161 0.556647 -0.388905 -0.902603 0.184554 -0.373575 -0.896969 0.236408 0.760364 -0.255898 0.596961 -0.196743 0.165332 0.966415 0.956133 -0.244515 0.161313 0.883145 -0.421873 -0.205128 0.883145 -0.421878 -0.20512 0.906842 -0.420776 0.0241918 -0.210339 -0.746976 0.630701 -0.210343 -0.746974 0.630702 -0.373576 -0.896968 0.236408 -0.373575 -0.896969 0.236408 0.210337 0.746977 -0.630701 0.210337 0.746977 -0.630701 0.136931 0.796544 -0.58887 0.214001 0.751449 -0.624122 0.214004 0.751447 -0.624123 0.58352 -0.207391 0.785171 -0.400097 0.298479 0.866506 0.214002 0.751448 -0.624122 0.213999 0.75145 -0.624122 0.24566 0.683546 -0.687326 -0.373575 -0.896969 0.236408 -0.460682 -0.862465 -0.209587 -0.460681 -0.862465 -0.209587 -0.457278 -0.878887 -0.135851 0.75188 -0.226893 0.619028 -0.0669846 0.176183 0.982076 0.883142 -0.421886 -0.205119 0.896439 -0.42345 -0.130716 -0.210339 -0.746976 0.630701 -0.289732 -0.762657 0.578282 -0.210337 -0.746977 0.630701 -0.373573 -0.89697 0.236407 -0.387978 -0.903049 0.184326 0.883143 -0.421882 -0.205121 0.883144 -0.421877 -0.205125 0.883144 -0.421879 -0.20512 0.883144 -0.42188 -0.20512 0.524612 -0.106451 0.84466 -0.365741 0.306996 0.878628 0.883138 -0.421897 -0.205108 0.883144 -0.421876 -0.205126 0.883144 -0.421879 -0.20512 0.883144 -0.421879 -0.20512 0.659084 -0.527056 -0.536489 0.812504 -0.400563 -0.423541 -0.460686 -0.862463 -0.209586 -0.460683 -0.862464 -0.209587 -0.462514 -0.856119 -0.230523 -0.462513 -0.85612 -0.230523 0.883145 -0.42188 -0.205113 0.864801 -0.417899 -0.27835 0.865049 -0.417844 -0.277665 0.883144 -0.421881 -0.205116 0.883145 -0.42188 -0.205113 0.883145 -0.421879 -0.205116 -0.400937 0.336515 0.85206 0.732224 -0.15492 0.66321 0.72627 -0.237567 0.645053 -0.33461 0.369579 0.86686 -0.460685 -0.862463 -0.209586 -0.448113 -0.883268 -0.137955 0.883144 -0.42188 -0.205119 0.883162 -0.421844 -0.205116 0.89629 -0.423555 -0.131401 0.883144 -0.421883 -0.205116 0.883141 -0.421879 -0.205135 0.851118 -0.510497 0.122439 -0.382319 -0.900683 0.206404 -0.38232 -0.900682 0.206404 0.812562 -0.284255 -0.508864 0.883143 -0.421887 -0.205109 0.88314 -0.421881 -0.205135 0.783959 -0.229502 0.576834 -0.285093 0.331059 0.899512 -0.486753 -0.833684 -0.26085 -0.462513 -0.85612 -0.230523 -0.462512 -0.85612 -0.230523 -0.462517 -0.856118 -0.230522 -0.443217 -0.854486 -0.270948 0.883145 -0.42188 -0.205116 0.883145 -0.42188 -0.205116 -0.382317 -0.900684 0.206403 -0.374211 -0.896142 0.238528 -0.0790541 -0.699777 0.709973 -0.113669 -0.616712 0.778939 -0.349923 0.27652 0.895037 0.782634 -0.138266 0.606932 0.249955 0.0291669 0.967818 -0.15775 -0.0870894 0.983631 0.883141 -0.42188 -0.205131 0.760991 -0.646878 -0.0494147 -0.113668 -0.616712 0.778939 -0.113679 -0.616707 0.778941 -0.382314 -0.900685 0.206403 -0.382314 -0.900685 0.206403 -0.371821 -0.897285 0.237966 0.883141 -0.421879 -0.205135 0.88314 -0.42188 -0.205135 0.379797 -0.343874 0.858781 0.028798 -0.0389138 0.998827 0.883136 -0.421888 -0.205138 0.779102 -0.535271 -0.326321 0.311623 -0.83505 -0.453413 0.337609 -0.940243 -0.0443045 0.760991 -0.646878 -0.0494147 0.883141 -0.421881 -0.205132 0.883136 -0.421888 -0.205138 0.883143 -0.421878 -0.205126 0.883136 -0.421888 -0.205138 0.883136 -0.421888 -0.205138 0.883141 -0.42188 -0.205131 0.883142 -0.42188 -0.205129 -0.11367 -0.616711 0.778939 -0.11367 -0.616711 0.778939 -0.219951 -0.632472 0.742698 0.883141 -0.42188 -0.205131 0.883143 -0.421879 -0.205127 0.960995 0.22703 0.157943 0.9533 -0.292292 -0.0760539 0.883135 -0.421891 -0.205134 0.883142 -0.421879 -0.205129 0.925991 -0.158966 -0.342447 0.905698 0.346303 -0.244511 0.883141 -0.42188 -0.205131 0.883142 -0.421879 -0.205128 0.925991 -0.158966 -0.342447 0.780185 -0.245608 0.575316 0.75533 -0.301752 0.581741 -0.291163 0.130685 0.947706 -0.13943 0.232148 0.962635 -0.599764 0.121142 -0.790954 -0.60356 0.297298 -0.739817 0.436923 -0.26783 -0.8587 0.411303 -0.323789 -0.852051 0.62433 -0.0931207 0.775591 0.0576487 0.202505 0.977583 0.137949 -0.271004 -0.952642 -0.472803 -0.00418722 -0.881158 -0.163901 -0.98583 -0.0357159 -0.1481 -0.988702 0.0231161 0.524276 -0.844466 0.109598 0.303394 -0.935483 0.181174 0.658411 -0.557705 0.505431 0.446257 -0.335249 0.829737 -0.239363 0.0463853 0.969822 -0.648662 0.0269104 0.760601 0.658715 -0.597726 0.456965 0.51989 -0.31637 0.793489 0.342866 -0.138536 0.929113 0.17351 0.0992198 0.979821 0.553006 -0.833154 -0.00629415 -0.179098 -0.982376 0.0534848 0.350864 -0.146955 0.924824 0.201693 0.0890467 0.975393 0.0413858 0.00546672 0.999128 0.190943 0.0466152 0.980494 -0.141711 0.479262 0.866156 0.821867 -0.0750789 0.56471 0.331845 0.0235604 0.94304 -0.132799 -0.989188 0.0622225 -0.124378 -0.986126 0.109937 0.33796 -0.887544 -0.313128 0.571267 -0.803931 -0.165374 -0.311493 0.46631 0.827966 -0.157659 -0.977839 0.137747 -0.113078 -0.975958 0.18633 0.131057 -0.971929 -0.195394 0.193191 -0.947886 -0.253357 -0.0305403 0.13922 0.98979 -0.457825 0.527989 0.715279 0.978352 -0.153019 0.139328 0.921213 -0.134298 0.365146 -0.0442807 0.152704 0.98728 -0.483454 0.536805 0.691457 0.311168 -0.155345 -0.937573 0.172053 0.0263735 -0.984735 0.612146 -0.336416 0.715612 0.755244 -0.30184 0.581807 0.436958 -0.267747 -0.858708 0.334038 -0.115766 -0.935423 0.433429 -0.315831 0.844032 0.62966 -0.294124 0.719041 0.765936 -0.273759 0.58172 0.76595 -0.273728 0.581716 0.422027 -0.293803 -0.857656 0.766781 -0.271862 0.581496 0.766726 -0.272021 0.581495 0.42124 -0.295565 -0.857437 0.439748 -0.261544 -0.859195 0.42111 -0.29586 -0.857399 0.543928 -0.278136 0.791696 0.224939 -0.0891704 -0.970284 0.422018 -0.293824 -0.857653 0.752466 -0.307815 0.582275 0.170044 -0.0261093 -0.98509 0.561273 -0.292876 0.774078 0.47157 -0.280459 0.836041 0.252002 -0.0956306 -0.96299 -0.265057 0.676226 -0.68736 -0.152856 0.683302 -0.713956 -0.757188 0.63441 -0.155533 -0.732133 0.679576 -0.0464546 -0.594544 0.552096 0.584558 -0.437067 0.505859 0.743693 0.834947 -0.000906169 0.55033 0.948983 -0.164807 0.26883 -0.556618 0.554547 0.61859 -0.268654 0.527434 0.806002 0.0496728 -0.149897 0.987453 -0.699264 0.68044 -0.21916 -0.284218 0.678797 -0.677093 -0.320412 0.5352 0.781599 0.218572 -0.221964 0.950241 -0.393311 0.310678 -0.865324 0.711402 0.0643309 0.699834 0.937576 -0.0715052 0.340349 -0.536385 0.626031 0.566018 -0.235827 0.433612 0.869693 0.595482 -0.324225 0.735037 0.308577 -0.107875 -0.945062 -0.138163 -0.0567759 0.988781 0.298873 0.0233226 0.954008 0.770267 -0.0470529 0.635983 0.971882 -0.0945983 0.215629 0.869162 0.494503 0.00485071 0.965515 0.257609 0.0376562 0.628182 0.757205 -0.178963 0.597968 0.761928 -0.248798 0.195713 0.0726084 0.977969 0.98399 0.0641712 -0.166271 0.64848 0.748107 -0.140743 0.281684 0.0340537 0.958903 0.894535 0.172907 -0.412203 0.817494 0.409296 -0.405191 0.677371 0.734869 -0.0336965 0.661121 0.743866 -0.0978897 0.559852 -0.343287 0.754135 -0.295976 0.0655221 0.952945 -0.232651 -0.0324004 0.97202 0.749471 -0.279908 0.599954 0.648726 -0.113181 0.752558 -0.70957 0.072635 0.700881 -0.638497 0.0642249 0.76694 0.705342 -0.603279 0.372218 0.410815 -0.27436 -0.869458 0.392387 -0.250642 -0.884992 -0.35074 -0.862979 0.36366 -0.539329 -0.842036 -0.00999681 0.727103 -0.284166 0.624957 -0.204421 -0.867443 0.453603 0.174916 -0.280172 -0.943879 -0.314923 -0.880092 0.355333 -0.367579 -0.789504 0.491496 -0.602422 0.559398 0.569352 -0.698569 0.593086 0.400313 -0.329103 -0.942459 -0.0588344 0.97808 -0.207947 0.0108419 0.960405 -0.18719 0.206355 0.750169 -0.309774 0.584197 0.439154 -0.25839 -0.860452 0.779018 -0.621751 0.0809774 0.84913 -0.428796 0.308403 0.417226 -0.727183 0.545093 0.542576 -0.626769 0.55926 -0.397552 -0.908634 0.127817 -0.41142 -0.909156 -0.0645709 0.697527 -0.379536 0.60779 -0.470507 -0.88093 -0.0508422 -0.408163 -0.903564 0.130288 0.453117 -0.170159 -0.87506 0.118466 -0.816241 0.565435 -0.376724 0.382671 0.843589 -0.597061 0.556883 0.577408 -0.469699 -0.53525 0.702061 0.883141 -0.421879 -0.205135 0.883143 -0.421879 -0.205127 -0.382312 -0.900686 0.206402 -0.113663 -0.616714 0.778938 0.883136 -0.421888 -0.205138 0.883143 -0.421879 -0.205127 0.883146 -0.421877 -0.205116 -0.462513 -0.85612 -0.230523 0.883163 -0.421842 -0.205116 -0.460682 -0.862465 -0.209587 0.883144 -0.42188 -0.20512 0.883143 -0.42188 -0.205123 -0.210341 -0.746975 0.630702 -0.373575 -0.896969 0.236408 -0.010703 0.419045 -0.907902 0.214004 0.751447 -0.624123 -0.0120091 0.416803 -0.908917 0.210338 0.746976 -0.630701 -0.257361 -0.0701317 -0.963767 -0.261351 -0.0793551 -0.961976 -0.421508 -0.521731 -0.741706 -0.424366 -0.532114 -0.732645 -0.883143 0.421889 0.205104 -0.883143 0.421876 0.205131 -0.88314 0.421885 0.205128 0.883149 -0.421879 -0.2051 0.883114 -0.421932 -0.205141 0.883138 -0.421881 -0.205141 0.455375 0.671432 0.584647 0.455551 0.672086 0.583758 0.57516 -0.313034 0.755778 0.575411 -0.314079 0.755153 0.599537 0.20613 -0.773347 0.370319 0.868466 0.329591 0.883141 -0.421884 -0.205124 0.883718 -0.418587 -0.209351 0.883147 -0.421881 -0.205104 0.883146 -0.421881 -0.20511 0.883131 -0.421914 -0.205106 0.88314 -0.421885 -0.205125 0.942723 -0.307284 0.129805 0.883163 -0.421841 -0.205116 0.883142 -0.42188 -0.205129 -0.274258 -0.109546 -0.955396 -0.660497 -0.652561 -0.37136 -0.437859 -0.584429 -0.683171 -0.150385 0.159615 -0.975657 0.182585 0.711927 -0.678102 0.508519 0.72257 -0.468295 -0.285481 0.10263 -0.952873 -0.0344137 0.37774 -0.925272 -0.883138 0.421883 0.205138 0.969816 -0.234295 -0.0675495 -0.883138 0.421877 0.205153 -0.932469 0.200793 0.300305 0.883143 -0.421875 -0.205137 0.813983 -0.369167 -0.448494 0.883142 -0.421876 -0.205137 0.88314 -0.421879 -0.205136 0.883146 -0.421885 -0.205101 0.883138 -0.421886 -0.20513 0.883311 -0.420849 -0.206511 -0.88352 0.420537 0.206253 -0.874083 0.485711 0.0080003 0.88314 -0.421881 -0.205135 0.883142 -0.42188 -0.20513 0.883136 -0.421889 -0.205137 0.883142 -0.42188 -0.205129 -0.382314 -0.900685 0.206403 -0.113674 -0.616709 0.77894 0.883145 -0.42188 -0.205116 -0.462514 -0.856119 -0.230523 -0.373575 -0.896969 0.236408 -0.460688 -0.862462 -0.209586 0.883144 -0.421879 -0.20512 0.883146 -0.421878 -0.205113 0.883138 -0.421899 -0.205107 -0.0107028 0.419045 -0.907902 0.213999 0.75145 -0.624122 -0.210337 -0.746977 0.630701 -0.0120098 0.416803 -0.908917 0.210339 0.746976 -0.630701 -0.257359 -0.0701325 -0.963767 -0.261351 -0.0793554 -0.961976 -0.883157 0.421865 0.205093 -0.883149 0.421869 0.205121 -0.42151 -0.52173 -0.741706 -0.424366 -0.532114 -0.732645 0.883142 -0.421885 -0.20512 0.883142 -0.421877 -0.205135 -0.882737 0.423286 0.203969 -0.8543 0.339803 0.393326 0.883147 -0.421882 -0.205101 0.883143 -0.421878 -0.205126 0.882961 -0.422953 -0.203694 0.88314 -0.421879 -0.205136 0.883147 -0.421877 -0.205115 0.870177 -0.491127 0.0398322 0.883151 -0.421865 -0.205119 0.883141 -0.421877 -0.205137 -0.883144 0.421874 0.205131 -0.756424 0.652077 0.0511704 -0.883142 0.421872 0.205142 0.883141 -0.421877 -0.205138 -0.883141 0.421881 0.205131 0.883142 -0.421879 -0.20513 -0.883142 0.421879 0.20513 -0.742034 0.583468 0.330076 -0.71553 0.602282 0.35394 -0.883139 0.421894 0.205113 -0.883148 0.421881 0.205101 0.883147 -0.421883 -0.2051 -0.94056 0.30593 -0.14749 -0.15034 0.159593 -0.975668 -0.216136 0.285982 -0.933541 0.88317 -0.421834 -0.205101 0.873511 -0.163799 -0.45842 0.883145 -0.421882 -0.20511 0.883171 -0.421824 -0.205118 0.883146 -0.421883 -0.205104 0.88314 -0.421886 -0.205124 0.882988 -0.424362 -0.200622 -0.46284 0.712865 -0.526881 0.559976 0.777977 0.284917 0.639527 -0.724112 -0.258199 -0.458139 -0.869697 -0.183671 -0.0944192 0.268485 -0.958645 -0.480635 0.599182 -0.64029 0.332071 -0.922812 -0.195313 -0.0228112 0.9979 -0.0606195 0.960501 -0.278267 -0.00243171 0.978974 -0.197162 -0.0523122 -0.0748082 0.24345 0.967024 -0.697279 0.695659 0.172802 -0.977643 0.206563 0.039312 -0.883141 0.421881 0.205132 -0.883143 0.421875 0.205135 -0.715532 0.602264 0.353965 -0.971373 0.101462 0.214803 0.573659 -0.0662886 0.816408 -0.713973 0.611608 0.340849 -0.745991 0.536914 0.39398 0.734393 0.636183 -0.236514 -0.944302 -0.31313 0.101206 0.483629 0.138506 -0.864245 -0.163985 -0.687319 0.707603 -0.438609 -0.587414 -0.680123 -0.840306 -0.121973 -0.528212 0.529501 -0.714243 0.457695 -0.338268 0.543366 -0.768328 0.823973 -0.266435 -0.500081 0.94516 -0.13437 -0.297687 0.1433 0.941303 0.305637 0.842908 -0.530431 0.0902686 0.927945 -0.152535 -0.340074 0.883148 -0.421866 -0.205132 0.883145 -0.421881 -0.205111 0.756426 -0.652075 -0.051165 0.834498 -0.270831 -0.479859 0.731931 0.660104 0.168933 -0.737143 0.669287 0.0931351 -0.841056 0.528967 -0.113223 0.315922 0.230848 -0.920273 -0.662869 -0.144633 0.734633 0.188093 -0.613238 -0.767177 -0.318358 -0.217785 -0.922615 0.350836 0.884308 -0.30808 0.842599 0.493914 -0.214653 -0.881507 0.0564226 -0.468788 -0.768344 -0.254485 -0.58727 0.888727 -0.173597 -0.424297 0.485322 -0.710096 -0.510124 -0.233301 0.898984 -0.370674 -0.569548 0.759423 -0.31447 0.0343907 -0.891786 -0.451149 -0.453922 -0.658212 -0.600593 0.118346 0.623527 -0.772792 -0.847253 -0.470606 -0.246358 0.770843 0.119083 -0.625796 0.666213 0.46929 -0.579592 -0.985688 -0.00728447 -0.168424 -0.780599 0.623963 -0.0365506 0.0277379 -0.634777 -0.772197 0.365671 -0.539399 -0.758507 -0.18146 0.983125 0.023182 -0.382092 -0.393238 -0.836283 -0.108917 0.0182496 -0.993883 -0.150389 0.159617 -0.975657 -0.150375 0.15961 -0.97566 -0.883144 0.421884 0.205112 -0.883144 0.421884 0.205111 -0.883141 0.421881 0.205132 -0.977647 0.206537 0.0393483 -0.88314 0.42188 0.205137 -0.883141 0.421881 0.205132 -0.150361 0.159603 -0.975663 -0.150341 0.159594 -0.975668 0.0414037 0.00543981 0.999128 0.350947 -0.146944 0.924794 0.286441 0.00242735 0.958095 0.553007 -0.833153 -0.00623785 -0.179094 -0.982376 0.0535082 0.342896 -0.138536 0.929102 0.283069 0.00262018 0.959096 -0.883141 0.421881 0.20513 -0.883141 0.421881 0.205132 -0.150343 0.15964 -0.97566 -0.150375 0.15961 -0.97566 -0.150391 0.159617 -0.975656 0.185915 0.0344222 0.981963 -0.150369 0.159607 -0.975661 -0.150364 0.159614 -0.975661 -0.883141 0.421881 0.20513 -0.98728 -0.0889322 0.131789 -0.534229 0.815764 0.221647 0.0840635 0.925344 -0.369692 -0.251022 -0.848163 -0.466483 0.709772 -0.482062 -0.513654 0.882557 -0.424998 -0.201174 0.638021 -0.71481 -0.286315 -0.969815 0.234299 0.0675432 -0.927945 0.152535 0.340075 0.838759 -0.325175 -0.436744 0.883128 -0.421898 -0.205152 0.883127 -0.421899 -0.205153 0.883139 -0.421885 -0.205132 0.883143 -0.421877 -0.205127 0.883146 -0.421873 -0.205125 0.883143 -0.421877 -0.205127 0.883144 -0.421872 -0.205135 0.883143 -0.421874 -0.205136 0.883143 -0.421877 -0.205128 0.883141 -0.421876 -0.205138 0.883142 -0.421876 -0.205138 0.883144 -0.421876 -0.205127 -0.48348 0.536787 0.691453 -0.611256 0.606401 0.508571 0.496292 -0.105527 0.861718 0.921209 -0.134222 0.365183 -0.457852 0.527972 0.715274 -0.534455 0.570143 0.623934 -0.157596 -0.977834 0.137853 0.193305 -0.947878 -0.253299 0.883142 -0.421875 -0.205137 0.883142 -0.42188 -0.205129 0.7939 -0.587725 0.15589 0.494699 -0.034613 0.868375 0.829345 -0.165382 -0.533701 0.780934 -0.603854 0.159695 0.825951 -0.186092 -0.532142 0.845842 -0.0571504 -0.530363 0.883142 -0.42187 -0.205147 0.883145 -0.421869 -0.205138 0.702835 -0.702143 0.1141 0.875381 -0.0517851 -0.480652 0.883145 -0.421869 -0.205138 0.883153 -0.421856 -0.205129 0.883144 -0.421868 -0.205144 0.708315 -0.685274 0.169378 0.88314 -0.421876 -0.205146 0.756425 -0.652076 -0.0511675 0.883148 -0.421866 -0.205131 0.883145 -0.421867 -0.205142 0.927945 -0.152535 -0.340075 0.883144 -0.42187 -0.205139 0.883149 -0.421868 -0.205124 0.883141 -0.421876 -0.205139 -0.357344 -0.899361 0.251902 -0.336598 -0.888084 -0.313065 -0.411494 -0.883631 -0.223313 -0.4503 -0.88761 0.096842 -0.386147 -0.553973 -0.737567 -0.390485 -0.434132 -0.811819 0.153141 0.663559 -0.732282 0.0988675 0.579704 -0.808807 -0.15823 -0.342257 0.926188 -0.11937 -0.292769 0.948703 -0.120078 0.631095 0.766355 0.324413 0.696621 0.639902 0.120732 0.699882 0.703981 0.346415 0.685584 -0.64029 0.341076 0.677132 -0.652042 -0.139664 0.876652 0.460408 -0.475434 -0.864039 0.165526 -0.463392 -0.878745 -0.11435 -0.448361 -0.883589 -0.135063 -0.397106 -0.813342 0.425184 0.297135 -0.203839 0.932824 0.653518 -0.398177 0.643715 0.67878 0.62849 0.379812 0.202206 0.791351 0.576955 -0.557822 0.330179 0.761457 -0.022641 0.66577 0.745814 -0.382276 -0.474364 -0.792996 0.185841 0.695279 -0.694298 0.896559 -0.442834 0.00889912 -0.459319 -0.881271 -0.111297 -0.443259 -0.893194 -0.0756768 -0.393695 -0.848317 0.354066 0.332374 0.656569 0.677085 0.225049 0.703465 -0.674159 0.281966 0.647198 0.708259 -0.357936 -0.491394 -0.793986 -0.263147 -0.48606 -0.833366 0.270388 0.715029 -0.644689 0.760861 0.612221 0.21512 0.402287 0.663317 0.631012 0.875633 -0.444365 0.189228 -0.137566 -0.298119 0.944564 0.274899 0.680949 0.678778 0.212095 0.675742 0.705966 -0.388374 -0.373776 0.842292 -0.403976 -0.473263 0.782832 0.205098 0.656523 0.725887 0.151858 0.685829 0.711743 -0.125133 -0.443169 -0.887662 -0.113435 -0.443172 -0.889231 0.467715 0.0433223 0.882817 0.181931 -0.533839 0.825782 -0.189646 0.353529 0.915997 -0.679247 0.376967 0.629698 -0.786497 -0.233612 0.571706 -0.313607 -0.331861 0.889674 0.205375 0.656402 0.725918 -0.427613 -0.88835 -0.167277 -0.469065 -0.860215 0.200018 -0.265111 -0.403109 0.87591 -0.468894 -0.860306 0.200028 -0.469268 -0.860108 0.200006 0.331506 0.342171 0.879217 </float_array>
          <technique_common>
            <accessor count="1024" offset="0" source="#meshId2-tangents-array" stride="3">
              <param name="X" type="float" />
              <param name="Y" type="float" />
              <param name="Z" type="float" />
            </accessor>
          </technique_common>
        </source>
        <source id="meshId2-bitangents" name="meshId2-bitangents">
          <float_array id="meshId2-bitangents-array" count="3072"> 0.434131 0.900696 0.0166385 0.350749 0.884215 -0.308448 0.409151 0.842288 -0.350923 0.416788 0.907334 0.0550624 0.434449 0.900508 0.0184303 0.423741 0.905418 -0.0257314 0.395983 0.868733 0.29749 0.468984 0.804006 0.365553 0.462714 0.885395 0.0444115 0.271476 0.908054 -0.318965 0.350745 0.884216 -0.308447 0.43413 0.900697 0.0166389 0.440644 0.802961 0.401357 0.469023 0.80235 0.369123 0.434461 0.900503 0.018414 0.434464 0.9005 0.0184267 0.468991 0.804002 0.365552 0.468962 0.804016 0.365559 0.190937 0.722688 -0.664278 0.286918 0.680254 -0.674487 0.173881 0.981471 -0.0805032 0.604123 0.775692 -0.182588 0.643198 0.747373 -0.166522 0.220239 0.972574 -0.0747939 0.34629 0.881279 -0.321606 0.388678 0.883907 -0.260072 -0.284281 -0.954174 0.0934692 -0.446296 -0.885199 0.131313 -0.58487 -0.794604 0.162889 -0.24807 -0.967822 0.0422085 0.101893 0.768655 -0.631496 0.190935 0.722689 -0.664277 0.145387 -0.169601 0.97473 0.145365 -0.169642 0.974726 0.267246 0.0930845 0.959122 0.268404 0.0957891 0.958532 0.993622 -0.11001 0.0247535 0.883137 -0.421886 -0.205135 0.883145 -0.421873 -0.205129 0.997638 0.0681709 -0.0084692 -0.190937 -0.722688 0.664278 -0.175261 -0.702342 0.689927 0.0372246 -0.372871 0.927136 0.029399 -0.386641 0.921761 -0.175251 -0.702331 0.68994 -0.190936 -0.722689 0.664277 0.0294018 -0.386643 0.921761 0.037231 -0.372872 0.927135 0.26723 0.0930512 0.95913 0.268403 0.0957897 0.958532 0.432671 0.563574 0.703691 0.427958 0.545473 0.720633 0.145385 -0.169595 0.974731 0.145387 -0.169601 0.97473 0.630319 0.77031 -0.0965365 0.231164 0.971419 -0.0539306 0.986408 0.0903595 -0.137238 0.883138 -0.421878 -0.205149 0.883142 -0.421867 -0.205154 0.945152 0.15211 -0.289051 0.253969 0.966348 -0.0408797 0.567316 0.812426 -0.134599 0.441977 0.887511 -0.130311 0.293972 0.951006 -0.0957556 0.232644 0.972449 -0.0148363 0.592394 0.800117 -0.0942453 0.883148 -0.421863 -0.205138 0.907267 0.0447731 -0.418164 0.427965 0.545493 0.720614 0.432671 0.563574 0.70369 -0.467687 -0.825787 -0.31519 -0.447006 -0.823418 -0.349525 -0.42208 -0.905907 -0.0343704 -0.431001 -0.902351 0.000234611 0.467389 0.753833 0.461827 0.467385 0.753844 0.461812 0.466804 0.833609 0.29528 0.514662 0.830433 0.213317 -0.465397 -0.733067 -0.496003 -0.465394 -0.733059 -0.496017 -0.46539 -0.733046 -0.496039 -0.465394 -0.733068 -0.496003 -0.467692 -0.825785 -0.315189 -0.489955 -0.802904 -0.339542 0.404722 0.906306 -0.121697 0.4046 0.906364 -0.121669 0.53419 0.831687 -0.15145 0.351045 0.929972 -0.109179 -0.431003 -0.90235 0.00023517 -0.451211 -0.891991 -0.0276035 0.404775 0.906282 -0.121693 0.404592 0.90637 -0.121653 0.430756 0.902467 -0.00155855 0.425636 0.904013 -0.0399219 -0.404675 -0.90632 0.121747 -0.407628 -0.904924 0.122274 -0.426625 -0.904339 -0.0127522 -0.44418 -0.892674 -0.0764027 0.402441 0.907401 -0.121094 0.404676 0.906319 -0.121748 0.404675 0.90632 -0.121747 0.402526 0.90736 -0.121118 -0.404673 -0.906321 0.121747 -0.407628 -0.904924 0.122274 -0.401798 -0.907709 0.120924 -0.404674 -0.90632 0.121747 -0.404675 -0.90632 0.121747 -0.401789 -0.907713 0.120922 -0.439643 -0.89812 -0.00973348 -0.444181 -0.892673 -0.0764025 -0.468568 -0.814237 -0.342729 -0.556352 -0.78704 -0.266535 0.572117 0.814278 -0.0981465 0.2274 0.972188 -0.0560345 0.441242 0.895518 0.0579025 0.485318 0.870203 0.0849292 0.20769 0.978193 0.00158241 0.582254 0.804412 -0.117903 0.516777 0.846752 -0.126302 0.195091 0.980634 -0.0172101 0.468309 0.818377 0.333084 0.501572 0.798517 0.332861 -0.371585 -0.875312 -0.30944 -0.46857 -0.814236 -0.342728 0.457966 0.683594 0.568302 0.451727 0.712555 0.53685 0.419842 0.77371 0.474453 0.455807 0.832654 0.314529 0.455757 0.668049 0.588214 0.451603 0.646258 0.615146 -0.461725 -0.704463 -0.539019 -0.458427 -0.683375 -0.568193 -0.458416 -0.683309 -0.568281 -0.461724 -0.704457 -0.539028 0.472457 -0.0688055 0.878664 0.386386 -0.0233412 0.922042 0.705616 -0.203345 0.678791 0.910302 -0.373238 0.179009 0.853639 -0.310062 0.418524 0.58478 -0.13054 0.800619 0.461729 0.704456 0.539025 0.463671 0.680762 0.567074 0.479855 0.821247 0.308694 0.486806 0.732152 0.476417 0.301664 -0.278627 -0.911793 -0.10364 -0.112136 -0.988273 2.08933e-05 -0.157785 -0.987473 0.134787 -0.213603 -0.967577 0.55545 -0.363861 -0.747717 0.722285 -0.407823 -0.558556 -0.882758 0.0368054 0.468383 -0.885685 0.412208 0.213653 -0.740951 -0.245781 0.624967 -0.679195 -0.342699 0.649039 -0.211568 -0.974386 0.0762236 -0.614329 -0.783612 0.0924789 -0.619779 -0.776632 0.11277 -0.280371 -0.95542 0.0925514 0.456614 0.670786 0.584422 0.457359 0.667351 0.587764 0.0628758 -0.31772 0.946098 0.0595252 -0.325463 0.943679 0.473772 0.626585 0.618814 0.187467 -0.126039 0.974151 0.458594 0.684705 0.566454 0.461005 0.823572 0.33046 0.222477 0.973327 -0.0560248 0.567 0.815463 -0.116323 0.580803 0.803062 -0.133263 0.176877 0.98421 -0.00667714 0.444777 -0.329121 -0.832978 0.801375 -0.421296 -0.424627 -0.216947 -0.973102 0.0775018 -0.576801 -0.805279 0.137207 0.468311 0.818376 0.333084 0.468309 0.818377 0.333085 0.455771 0.668126 0.588117 0.456244 0.670964 0.584507 -0.265785 -0.959906 0.0890956 -0.456858 -0.879428 0.133746 0.441243 0.895518 0.0579024 0.441242 0.895518 0.0579027 0.407444 0.907402 0.103008 0.434806 0.830417 0.348355 -0.44418 -0.892674 -0.0764027 -0.468576 -0.814233 -0.342727 0.45175 0.646994 0.614264 -0.458645 -0.684681 -0.566442 -0.404712 -0.906309 0.121704 -0.404638 -0.906344 0.121687 0.404622 0.906347 -0.121722 0.404676 0.906319 -0.121748 0.407003 0.90522 -0.122164 -0.404674 -0.906321 0.121747 -0.404733 -0.906302 0.121689 -0.404622 -0.906356 0.121654 0.404668 0.906325 -0.121733 0.404669 0.906323 -0.121746 -0.220025 -0.972352 0.0782331 -0.563062 -0.818696 0.112688 -0.509348 -0.848121 0.145789 -0.366636 -0.923497 0.112833 0.466773 0.833624 0.295288 0.466805 0.833608 0.29528 0.430746 0.902472 -0.00155622 0.430746 0.902472 -0.00155641 0.408004 0.881384 0.238108 0.420901 0.906275 -0.0388328 -0.467718 -0.825772 -0.315183 -0.430981 -0.902361 0.000230014 0.406968 0.905237 -0.122157 -0.404675 -0.90632 0.121748 -0.195562 -0.978015 0.0723982 -0.588994 -0.802212 0.0976804 0.467322 0.753874 0.461827 0.46738 0.753846 0.461813 -0.134052 -0.989296 0.0576465 -0.574295 -0.803442 0.157057 -0.574895 -0.80722 0.133759 -0.15037 -0.986709 0.0615921 0.883149 -0.421864 -0.20513 0.88315 -0.421864 -0.205128 0.883146 -0.421865 -0.205141 0.883148 -0.421862 -0.205137 0.520541 -0.852292 -0.0513425 0.626097 -0.777276 0.0620025 0.268379 0.0958011 0.958538 0.432673 0.563573 0.70369 0.467386 0.753844 0.461811 -0.4654 -0.733065 -0.496002 -0.176407 -0.981979 0.0678051 -0.604818 -0.775617 0.180594 0.883143 -0.421883 -0.205119 0.883141 -0.421882 -0.205127 0.534649 -0.816997 -0.216022 0.145401 -0.169607 0.974727 -0.183413 -0.980576 0.0695007 -0.559749 -0.807064 0.187959 -0.571658 -0.80079 0.178725 -0.145416 -0.987527 0.060377 0.883138 -0.421885 -0.205136 0.883138 -0.421885 -0.205136 0.883145 -0.421873 -0.20513 0.883144 -0.421866 -0.205147 0.2199 0.969409 -0.109047 0.587779 0.786449 -0.189775 0.612932 0.758225 -0.222281 0.211901 0.972647 -0.0951585 0.346288 0.88128 -0.321606 0.34629 0.881279 -0.321606 0.182585 0.711927 -0.678102 0.182585 0.711927 -0.678102 0.428301 0.903238 -0.0268132 0.34688 0.903877 -0.250363 0.434451 0.900507 0.0184299 0.350752 0.884213 -0.308449 0.190938 0.722688 -0.664278 0.629306 -0.665276 -0.401724 0.510805 -0.788781 -0.341911 -0.190938 -0.722688 0.664278 0.0294095 -0.386676 0.921747 0.264219 0.960372 -0.0887414 0.459964 0.877695 -0.134477 0.43413 0.900697 0.0166389 0.469023 0.80235 0.369123 0.469021 0.802351 0.369123 0.49706 0.776002 0.388268 0.35075 0.884214 -0.308448 0.468985 0.804005 0.365553 0.533437 0.80306 0.265594 0.434456 0.900505 0.0184151 0.346291 0.881278 -0.321607 0.346284 0.881282 -0.321605 0.346285 0.881281 -0.321605 0.434128 0.900698 0.0166394 0.350751 0.884213 -0.308449 0.350749 0.884214 -0.308448 0.434131 0.900696 0.0166385 0.182585 0.711927 -0.678103 0.450687 0.668371 -0.591744 0.35075 0.884214 -0.308448 -0.0944121 0.268481 -0.958647 0.0794283 0.565437 -0.820958 0.346291 0.881278 -0.321607 0.458122 0.869705 0.183675 0.338757 0.876035 -0.34323 0.145385 -0.169599 0.97473 0.145384 -0.169599 0.974731 0.438588 0.587424 0.680128 0.350687 0.303304 0.886017 0.883138 -0.421878 -0.20515 0.883141 -0.421882 -0.205129 0.883144 -0.421879 -0.205122 0.649289 -0.746959 -0.143097 -0.465393 -0.733069 -0.496004 -0.465398 -0.733066 -0.496002 -0.35087 -0.884292 0.308088 -0.442827 -0.894032 -0.0679085 0.467378 0.753847 0.461814 0.467386 0.753843 0.461812 0.318349 0.217789 0.922617 0.449187 0.634433 0.629067 -0.404675 -0.90632 0.121747 -0.404676 -0.906319 0.121748 -0.404674 -0.90632 0.121747 -0.404673 -0.906321 0.121747 0.404717 0.906302 -0.121745 0.40467 0.906322 -0.121746 0.404674 0.90632 -0.121747 0.404676 0.906321 -0.121735 -0.444181 -0.892674 -0.0764025 -0.444178 -0.892675 -0.0764031 0.441242 0.895518 0.0579025 0.441239 0.895519 0.0579033 -0.46857 -0.814236 -0.342728 -0.468571 -0.814235 -0.342728 -0.458706 -0.685046 -0.565952 -0.45869 -0.684921 -0.566116 0.468309 0.818377 0.333084 0.46831 0.818377 0.333084 0.457046 0.671771 0.582952 0.456406 0.671681 0.583556 0.794269 -0.263333 0.547534 0.883143 -0.422235 -0.204392 0.882934 -0.422271 -0.20522 0.916074 -0.40021 0.0253049 0.458766 0.684885 0.566098 0.459114 0.684851 0.565857 0.461324 0.861517 0.212058 0.474506 0.817213 0.327118 -0.00340459 -0.449242 0.893404 0.0888211 -0.328764 0.940226 0.421511 0.521729 0.741705 0.421513 0.521728 0.741705 0.574298 0.803253 -0.158007 0.135823 0.989337 -0.0525769 0.469069 0.802328 0.369112 0.469019 0.802352 0.369124 0.421511 0.521729 0.741705 0.421516 0.521727 0.741704 0.424368 0.532113 0.732644 0.431741 0.559949 0.707147 -0.347753 -0.931299 0.108395 -0.535532 -0.830771 0.151739 0.362115 0.925408 -0.111773 0.517979 0.842534 -0.147763 0.468982 0.804006 0.365554 0.0313248 0.868711 -0.494328 -0.883142 0.421877 0.205133 -0.883142 0.421877 0.205133 -0.883148 0.421864 0.205134 -0.883148 0.421864 0.205135 0.883144 -0.421874 -0.205131 0.6409 -0.767278 0.023042 0.591134 -0.800418 -0.0994593 0.883146 -0.42187 -0.205133 0.883144 -0.421874 -0.20513 0.883146 -0.42187 -0.205131 0.568028 0.802678 -0.1818 0.141572 0.983316 -0.11422 0.417082 0.505996 0.75499 0.424368 0.532113 0.732644 0.424355 0.532119 0.732647 0.421511 0.521729 0.741706 0.417072 0.505982 0.755006 -0.628661 -0.758269 0.172668 -0.224932 -0.973061 0.0505858 0.431748 0.559957 0.707137 0.424368 0.532113 0.732644 0.424369 0.532113 0.732644 0.963439 0.0577647 -0.261626 0.883146 -0.42187 -0.205132 0.883139 -0.421884 -0.205134 0.999912 -0.00442722 -0.0124981 -0.883137 0.421887 0.205134 -0.883137 0.421887 0.205134 0.567662 -0.744401 -0.351607 0.883139 -0.421884 -0.205133 0.883139 -0.421883 -0.205134 0.922228 0.0205522 -0.386101 0.883144 -0.421874 -0.205131 -0.640925 -0.747297 0.175392 -0.219755 -0.972618 0.0756494 -0.883142 0.421877 0.205133 -0.61046 0.790222 -0.0537433 -0.514961 0.854414 0.0692297 -0.883148 0.421864 0.205134 -0.883143 0.421877 0.205132 -0.883148 0.421864 0.205135 -0.911154 -0.0633275 0.407171 -0.883142 0.421877 0.205133 -0.883148 0.421864 0.205134 -0.95007 -0.154573 0.27106 0.883144 -0.421875 -0.205132 0.883143 -0.421876 -0.205133 0.883146 -0.42187 -0.205133 0.883145 -0.42187 -0.205133 -0.883137 0.421887 0.205133 -0.516548 0.775321 0.363394 -0.660083 0.63321 0.404149 -0.883143 0.421877 0.205129 -0.21423 -0.971691 0.0996094 -0.633087 -0.754349 0.173663 -0.594973 -0.786593 0.165162 -0.223613 -0.96757 0.117495 0.883144 -0.421876 -0.205126 0.991547 -0.119812 0.0498041 -0.883143 0.421878 0.205128 -0.883143 0.421879 0.205127 -0.883137 0.421887 0.205133 -0.883137 0.421887 0.205134 -0.998607 -0.0514996 -0.011452 0.883139 -0.421885 -0.205132 0.883139 -0.421885 -0.205131 0.553223 0.810115 -0.194054 0.19852 0.975314 -0.0967098 0.883143 -0.421879 -0.205127 0.699428 -0.513295 -0.497321 0.823999 -0.430384 -0.368503 0.88314 -0.421881 -0.205135 -0.400456 -0.908332 0.120697 -0.308219 -0.946138 0.0991161 -0.289911 -0.710979 0.640672 -0.213999 -0.75145 0.624122 -0.375926 -0.89804 0.228482 -0.411056 -0.870295 0.271328 0.883143 -0.421879 -0.205127 0.883142 -0.421882 -0.205124 0.883139 -0.421882 -0.205135 0.88314 -0.421882 -0.205135 -0.883143 0.421877 0.205128 -0.883143 0.421877 0.205128 -0.987837 0.154017 -0.0213696 0.883145 -0.421876 -0.205126 0.883144 -0.421878 -0.205124 0.496537 0.856177 -0.142868 0.408928 0.904283 -0.122676 0.883144 -0.421876 -0.205126 0.883145 -0.421873 -0.205128 0.626387 -0.653072 -0.425601 0.88314 -0.421881 -0.205135 0.883145 -0.421885 -0.205105 0.883145 -0.421885 -0.205105 0.843888 -0.38062 -0.378129 -0.371896 -0.921242 0.114046 -0.551627 -0.826714 0.110686 -0.414571 -0.906529 0.079597 -0.416079 -0.905742 0.0806893 0.883143 -0.421879 -0.205127 0.954268 -0.276692 0.113199 0.883143 -0.421877 -0.205129 0.883141 -0.421879 -0.205136 0.915561 -0.400607 -0.0355341 -0.214009 -0.751445 0.624124 -0.214003 -0.751448 0.624123 -0.375927 -0.898039 0.228482 -0.375927 -0.898039 0.228483 0.267085 0.962642 -0.0445648 0.436923 0.890178 -0.129156 -0.214026 -0.751436 0.624128 -0.214002 -0.751448 0.624122 -0.375927 -0.898039 0.228482 -0.375927 -0.898039 0.228482 -0.13534 -0.784825 0.604759 -0.320064 -0.913763 0.250192 0.883142 -0.42189 -0.205106 0.883144 -0.421887 -0.205106 0.883144 -0.421885 -0.205109 0.883144 -0.421884 -0.205109 -0.414566 -0.906532 0.0795934 -0.412725 -0.907341 0.0799418 -0.419034 -0.906111 0.0580845 -0.419194 -0.906004 0.058587 -0.414566 -0.906532 0.0795934 -0.419192 -0.906005 0.0585866 0.455336 0.880269 -0.133398 0.268208 0.960688 -0.0717092 0.404528 0.9064 -0.121643 0.553116 0.821786 -0.136858 0.883143 -0.421889 -0.205106 0.8931 -0.449144 -0.0253352 -0.414565 -0.906532 0.0795957 -0.414531 -0.906549 0.0795852 -0.419547 -0.905866 0.0582052 -0.419196 -0.906004 0.0585874 -0.463388 -0.852623 -0.241467 -0.461057 -0.838408 -0.290685 0.883141 -0.421881 -0.205132 0.88314 -0.421883 -0.205131 -0.471951 -0.833192 -0.288191 -0.463389 -0.852618 -0.24148 -0.46339 -0.852622 -0.241466 -0.352667 -0.929313 0.109557 -0.539712 -0.83099 0.134783 0.80158 -0.307592 -0.512696 0.883145 -0.421884 -0.205109 0.883145 -0.421884 -0.205109 0.883142 -0.421888 -0.20511 0.863748 -0.487943 0.1259 -0.419193 -0.906005 0.0585868 -0.419193 -0.906005 0.0585867 0.883141 -0.421879 -0.205132 0.793781 -0.442524 -0.417235 0.788138 -0.479968 -0.385318 0.883137 -0.421883 -0.205144 -0.404828 -0.906256 0.121715 -0.234468 -0.968688 0.081666 0.334122 -0.940747 -0.0579413 0.270284 -0.961872 -0.0418161 -0.356804 -0.320205 -0.877588 -0.377517 -0.379593 -0.844624 0.883137 -0.421882 -0.205145 0.883135 -0.42189 -0.205136 0.883143 -0.421876 -0.205133 0.883143 -0.421876 -0.205133 0.925349 -0.37869 0.0179513 -0.463388 -0.852622 -0.241467 -0.463389 -0.852622 -0.241467 0.883236 0.410811 -0.226115 0.937871 0.346719 -0.0135326 0.113676 0.616708 -0.778941 0.142868 0.658439 -0.73895 0.0288088 0.485257 -0.873897 -0.245224 -0.0424138 -0.968538 -0.377517 -0.379593 -0.844624 -0.356805 -0.320204 -0.877587 0.113676 0.616708 -0.778941 -0.356799 -0.320207 -0.877589 0.113676 0.616708 -0.778941 0.113676 0.616708 -0.778941 -0.356804 -0.320205 -0.877588 -0.356802 -0.320205 -0.877588 0.883137 -0.421884 -0.205143 0.883137 -0.421884 -0.205144 0.938525 -0.344852 -0.0157263 -0.356804 -0.320205 -0.877588 -0.3568 -0.320207 -0.877589 0.0289888 0.485255 -0.873892 0.142923 0.658414 -0.738961 0.113681 0.616706 -0.778942 -0.356802 -0.320206 -0.877588 -0.37752 -0.3796 -0.844619 -0.245243 -0.0424508 -0.968532 -0.356804 -0.320205 -0.877588 -0.356801 -0.320206 -0.877588 -0.37752 -0.3796 -0.844619 0.409424 0.895835 -0.172779 0.416599 0.90633 -0.0707916 0.473145 0.88066 0.0239243 0.279678 0.941784 -0.186611 0.477656 0.847242 -0.232433 0.400302 0.915452 0.0413017 0.416459 0.906393 -0.0708033 0.375786 0.911877 -0.165124 0.501702 0.808827 -0.306746 0.215128 0.953687 -0.210241 0.21067 0.947857 -0.239136 0.514032 0.810899 -0.279668 0.191176 0.00377652 -0.981549 -0.0690507 -0.0129792 -0.997529 0.212638 0.00519972 -0.977117 0.57895 0.0299603 -0.814812 0.75169 0.453177 -0.479159 0.894898 0.163571 -0.415213 -0.451432 0.87901 -0.153461 -0.226952 0.947068 -0.227058 -0.750591 -0.480049 0.454055 -0.852194 -0.256233 0.456191 -0.937045 -0.120198 0.32787 -0.968485 -0.16333 0.188042 -0.0267717 -0.0102182 -0.999589 -0.183321 -0.0200891 -0.982848 0.934214 0.122782 -0.334917 0.976242 0.062248 -0.207551 -0.553835 0.832423 0.0183863 0.173877 0.98147 -0.0805226 0.96403 0.265575 0.010776 -0.159263 0.921471 0.354298 -0.488611 0.85943 0.150465 -0.264301 -0.0251627 -0.964112 -0.477092 -0.0377133 -0.878044 -0.750277 -0.0532013 -0.658979 -0.31442 -0.0282362 -0.948864 -0.904181 -0.413451 -0.107311 -0.508046 -0.0392946 -0.860433 -0.713788 -0.0506609 -0.698527 -0.943309 -0.0616309 -0.326143 -0.888331 -0.0593435 -0.455353 0.592395 0.800114 -0.0942628 0.833545 0.534729 0.138808 0.122512 0.970856 0.205986 0.00999486 0.946394 0.32286 -0.588993 -0.802215 0.0976624 -0.816651 -0.561011 -0.135452 0.464743 0.885414 0.00753888 0.537937 0.834917 0.116349 -0.384131 -0.917543 -0.102754 -0.418566 -0.905188 0.0737315 -0.413468 -0.907619 0.0726027 -0.505924 -0.859371 -0.0743108 0.363202 0.918364 0.157134 0.40231 0.915237 0.0220783 -0.411564 -0.903902 0.116517 -0.411538 -0.903911 0.116537 -0.400897 -0.908988 0.114118 0.409979 0.904462 -0.117757 0.410091 0.904427 -0.117635 0.401739 0.908407 -0.11577 0.420677 0.905208 -0.0602432 0.401875 0.908311 -0.116048 -0.377838 -0.923595 -0.0648838 -0.500188 -0.86515 -0.0364493 -0.400907 -0.908981 0.114137 0.417051 0.906933 -0.0595072 -0.55103 -0.831279 -0.0730849 0.346963 0.932403 0.101201 -0.337439 -0.933309 -0.122756 0.537187 0.841535 0.0570054 0.515741 0.701742 0.491497 0.436352 0.694874 0.571618 0.471968 0.69598 0.541164 0.628001 0.699836 0.34036 0.735886 0.666587 0.118886 0.847172 0.509268 0.151478 -0.207215 0.925886 0.315906 0.0906507 0.959144 0.268002 -0.761138 -0.638809 -0.112212 -0.921303 -0.384906 -0.0552095 -0.945983 -0.324212 -0.00162933 0.514269 0.691771 0.506932 0.593088 0.679357 0.432111 0.858819 0.512278 0.00128552 -0.289193 0.915307 0.280323 0.352596 0.920184 0.170111 -0.375372 0.876641 0.300993 -0.0240649 0.96295 0.268603 0.78502 0.616335 0.0622386 0.931918 0.354641 0.0758824 0.365336 0.924153 0.111671 0.524609 0.848078 0.0744884 0.549914 0.825926 0.124264 0.495802 -0.85798 -0.134351 0.22994 -0.9097 -0.345795 -0.0424397 -0.971127 -0.234758 -0.371022 0.645578 0.667512 -0.151095 0.436668 0.886843 0.0767447 0.168589 0.982694 -0.113444 0.387736 0.914763 0.965594 0.159874 -0.205106 0.162326 0.062475 0.984757 0.201536 0.00956602 0.979434 -0.579331 0.802685 0.141677 0.446906 -0.364712 0.81686 0.574406 -0.630678 0.521826 0.449932 -0.377619 0.809299 0.317443 -0.159111 0.934834 0.827008 0.287756 -0.482963 0.423583 -0.885184 0.192424 -0.518417 0.84975 -0.0957573 -0.420489 -0.901223 0.104816 -0.490332 -0.818425 0.299593 0.15603 -0.953784 0.256808 -0.212203 0.943193 -0.255649 0.705028 0.542455 -0.456813 -0.398159 -0.911891 0.0996212 -0.41316 -0.907657 0.0738752 0.103386 -0.421638 -0.900851 0.133806 -0.0739709 -0.988243 -0.418273 -0.905216 0.0750384 -0.0919715 -0.444318 -0.891136 -0.226748 -0.944353 0.238293 0.698476 0.0385779 0.714593 0.602474 0.200445 0.772558 -0.718712 -0.690446 -0.0820817 -0.658218 -0.752039 -0.0344408 0.488102 -0.223118 0.843786 0.204432 0.96884 0.139842 0.141862 0.96602 0.216059 -0.419775 -0.905723 0.0587695 -0.4186 -0.906284 0.05851 -0.574549 -0.75958 -0.304847 -0.0246005 -0.615366 -0.787857 0.00608142 -0.597545 -0.801812 -0.610821 -0.751421 -0.249527 0.730112 -0.228873 0.643858 0.662436 -0.346927 0.663943 -0.42538 -0.901901 -0.0750095 0.388831 -0.155264 -0.908132 0.346027 -0.285194 -0.893829 -0.46107 -0.884854 -0.0666845 0.289662 -0.516268 -0.805955 0.926316 0.151425 0.344977 0.725612 0.681829 0.0927169 0.838889 -0.0228461 0.543823 -0.463388 -0.852623 -0.241467 -0.3568 -0.320206 -0.877588 0.883144 -0.421874 -0.205133 0.883137 -0.421879 -0.20515 0.113676 0.616708 -0.778941 -0.3568 -0.320206 -0.877588 -0.419191 -0.906006 0.0585862 0.883144 -0.421884 -0.205109 -0.414529 -0.90655 0.0795848 0.883145 -0.421886 -0.205105 -0.375928 -0.898039 0.228483 -0.214006 -0.751446 0.624123 0.883142 -0.42188 -0.205126 0.88314 -0.421881 -0.205135 0.883139 -0.421884 -0.205133 0.883144 -0.421878 -0.205125 -0.883137 0.421887 0.205134 -0.883143 0.421878 0.205127 0.883146 -0.42187 -0.205133 -0.883148 0.421864 0.205135 0.883144 -0.421874 -0.205131 -0.883143 0.421877 0.205132 0.468981 0.804007 0.365554 0.424365 0.532115 0.732645 0.434457 0.900504 0.0184149 0.434126 0.900698 0.0166397 0.469075 0.802325 0.369111 0.421519 0.521725 0.741704 -0.884186 0.417898 0.208751 -0.884123 0.418128 0.208554 -0.812935 -0.11566 0.570753 -0.812723 -0.116218 0.570942 0.795092 -0.263937 0.546045 0.91607 -0.400219 0.0252986 0.46831 0.818377 0.333084 0.456282 0.671003 0.584433 0.441239 0.89552 0.0579033 0.404679 0.90632 -0.121736 0.40471 0.906305 -0.121743 0.466807 0.833607 0.29528 0.33356 0.872257 -0.35764 0.430712 0.902488 -0.00154842 0.467381 0.753846 0.461813 0.883144 -0.421866 -0.205146 0.702934 -0.711255 -0.000400737 0.883147 -0.421863 -0.205138 0.883139 -0.421879 -0.205143 0.883138 -0.421885 -0.205136 0.589678 -0.688557 -0.422102 0.67084 -0.688667 -0.275158 0.883147 -0.421892 -0.205083 0.182583 0.711928 -0.678102 0.0794226 0.565442 -0.820955 0.145406 -0.16961 0.974725 0.350659 0.303299 0.886029 -0.465396 -0.733067 -0.496003 -0.442885 -0.894002 -0.0679265 -0.40467 -0.906322 0.121746 -0.404673 -0.906321 0.121747 -0.44418 -0.892674 -0.0764027 -0.468576 -0.814233 -0.342727 -0.458683 -0.684924 -0.566118 0.45828 0.685116 0.566212 0.460812 0.823839 0.330064 -0.46339 -0.852622 -0.241466 -0.356803 -0.320205 -0.877588 0.113678 0.616708 -0.778941 -0.356802 -0.320205 -0.877588 0.883143 -0.421876 -0.205133 0.883136 -0.421887 -0.20514 -0.419193 -0.906005 0.0585868 0.883144 -0.421886 -0.205109 0.88314 -0.421881 -0.205135 0.883142 -0.421891 -0.205107 -0.375927 -0.898039 0.228482 -0.414564 -0.906533 0.079593 -0.214029 -0.751435 0.624129 0.883139 -0.421884 -0.205133 0.883145 -0.421873 -0.205128 0.883143 -0.421877 -0.205128 -0.883137 0.421887 0.205134 -0.883143 0.421879 0.205127 0.883146 -0.42187 -0.205131 -0.883148 0.421864 0.205134 0.468956 0.804019 0.36556 0.424352 0.53212 0.732648 0.883143 -0.421876 -0.205133 -0.883142 0.421877 0.205133 0.469023 0.80235 0.369123 0.421512 0.521729 0.741705 0.459073 0.684447 0.566378 0.475441 0.816672 0.327113 -0.444178 -0.892675 -0.0764032 -0.468567 -0.814237 -0.342729 -0.458643 -0.684653 -0.566477 -0.404673 -0.906321 0.121747 -0.467682 -0.825789 -0.315191 -0.464954 -0.845182 -0.263601 -0.430986 -0.902358 0.000231169 -0.404671 -0.906322 0.121747 0.268401 0.0957908 0.958533 0.372679 0.365379 0.853 0.432673 0.563573 0.70369 -0.465398 -0.733066 -0.496002 0.145386 -0.1696 0.97473 0.190937 0.722689 -0.664278 -0.190937 -0.722689 0.664278 -0.0794267 -0.565438 0.820957 -0.0905935 -0.582376 0.807856 0.0293816 -0.386633 0.921765 0.434453 0.900506 0.0184293 0.43413 0.900697 0.0166388 0.338763 0.876033 -0.343229 0.883147 -0.421887 -0.205093 0.971974 -0.0275346 -0.233469 0.467327 0.753872 0.461826 0.449129 0.634422 0.62912 0.404679 0.906319 -0.121736 0.404623 0.906346 -0.121723 0.441241 0.895519 0.0579028 0.468312 0.818376 0.333084 0.455619 0.672051 0.583746 0.443259 -0.32861 -0.833988 0.801364 -0.42129 -0.424653 0.0412918 -0.303021 0.952089 -0.883136 0.4219 0.205114 -0.883144 0.421872 0.205135 -0.846074 -0.124899 0.518227 -0.704301 -0.380311 0.599436 0.778326 -0.0203288 -0.627531 0.15585 0.545148 -0.823726 0.0748156 0.585634 -0.807116 -0.72521 0.652324 -0.220325 -0.212906 0.029195 -0.976636 -0.0905655 -0.582384 0.807853 -0.27428 -0.819123 0.503794 -0.382098 -0.393235 -0.836282 -0.0905715 -0.582394 0.807845 -0.212921 0.029152 -0.976635 -0.812291 0.0821592 0.577437 -0.102136 -0.572574 0.813466 -0.0204828 -0.609819 0.792276 0.678293 -0.675498 0.289172 -0.328188 0.873485 -0.359606 -0.568354 0.800607 -0.189742 -0.883144 0.42188 0.20512 -0.883134 0.421884 0.205155 -0.535114 0.342681 0.772155 -0.375794 0.286216 0.881396 0.554227 -0.544808 -0.629299 -0.559938 -0.247629 -0.790664 -0.326555 -0.372435 -0.868708 -0.953854 0.213701 -0.210936 0.468911 0.80645 0.360222 -0.37267 -0.365371 -0.853007 -0.209957 0.0355671 -0.977063 0.415208 0.906484 -0.0767349 -0.372675 -0.365383 -0.853 0.468885 0.80645 0.360257 -0.61686 0.536631 0.57577 0.409495 0.332808 0.849443 0.157591 0.439818 0.884152 0.944268 -0.171036 0.281256 -0.743003 0.248244 -0.621547 -0.834764 0.311745 -0.453855 0.883135 -0.421884 -0.205149 0.883159 -0.421844 -0.20513 0.385671 -0.831609 -0.399606 0.169747 -0.888588 -0.426141 0.464238 -0.853235 -0.23764 -0.262448 -0.951519 -0.160416 -0.827132 -0.561989 -0.0046248 -0.972399 -0.216989 0.0857696 -0.821951 -0.527761 0.21416 -0.958385 -0.157435 0.238144 -0.883147 0.421868 0.205132 -0.88315 0.421861 0.205133 -0.505521 0.856778 0.101883 -0.14448 0.989454 0.0103162 -0.413803 0.879185 0.236221 -0.0425346 0.977489 0.206654 0.620302 0.780546 0.0772912 0.981819 0.162417 -0.0982459 0.911604 0.371981 0.17495 0.980398 0.179016 0.0822951 0.883145 -0.421872 -0.20513 0.988452 -0.103977 -0.110231 0.883138 -0.421879 -0.205148 0.883141 -0.421881 -0.205132 0.145369 -0.169592 0.974734 0.145368 -0.169591 0.974734 -0.27428 -0.819123 0.503794 -0.0905216 -0.582393 0.807851 0.145392 -0.169603 0.974729 0.145387 -0.169601 0.97473 0.883143 -0.421884 -0.205116 0.883146 -0.421887 -0.205094 -0.553834 0.832424 0.0184186 0.934183 0.122795 -0.334999 0.604156 0.775665 -0.182589 -0.0267406 -0.0102651 -0.99959 -0.183325 -0.0201125 -0.982847 -0.937034 -0.120206 0.3279 -0.604809 -0.775617 0.180623 0.145385 -0.1696 0.97473 0.145387 -0.1696 0.97473 0.534643 -0.816991 -0.216063 0.883141 -0.421881 -0.205131 0.883138 -0.421878 -0.205149 -0.176404 -0.981979 0.0678211 0.883142 -0.421882 -0.205125 0.986408 0.0903623 -0.137238 0.145385 -0.1696 0.97473 0.145391 -0.169595 0.97473 0.145365 -0.169642 0.974726 0.996166 -0.0690301 0.0537331 0.923703 -0.0658036 -0.377415 0.333611 0.872248 -0.357613 0.456453 0.671649 0.583556 0.0602355 -0.324358 0.944015 -0.0794299 -0.56544 0.820956 0.372671 0.365371 0.853007 -0.464939 -0.84518 -0.263634 -0.465424 -0.733054 -0.495996 -0.465425 -0.733054 -0.495996 0.467387 0.753843 0.461812 0.467378 0.753847 0.461814 0.467374 0.75385 0.461815 0.467378 0.753847 0.461814 -0.465393 -0.733069 -0.496004 -0.465395 -0.733068 -0.496003 0.467378 0.753847 0.461814 -0.465398 -0.733066 -0.496002 -0.465398 -0.733067 -0.496002 0.467377 0.753848 0.461814 -0.816636 -0.561029 -0.135474 -0.729518 -0.680868 -0.0649729 0.232616 0.972455 -0.0148836 0.00991377 0.946402 0.322838 0.83353 0.534747 0.138832 0.775267 0.624716 0.0932266 -0.508065 -0.039415 -0.860416 -0.888306 -0.0594644 -0.455385 -0.465396 -0.733067 -0.496003 0.467381 0.753846 0.461813 0.467384 0.753838 0.461824 -0.195551 -0.978016 0.0724186 -0.46539 -0.733046 -0.49604 -0.4654 -0.733055 -0.496018 0.467388 0.753833 0.461827 0.446231 0.620581 0.644792 0.437869 0.584424 0.683168 -0.432669 -0.563575 -0.703691 -0.427967 -0.54549 -0.720614 -0.427953 -0.545473 -0.720635 -0.432669 -0.563575 -0.703691 0.437847 0.584435 0.683174 0.437865 0.584426 0.683169 0.446228 0.6206 0.644776 -0.432679 -0.56357 -0.703689 -0.372677 -0.365381 -0.853 -0.209956 0.0355667 -0.977064 0.437863 0.584427 0.68317 -0.372671 -0.365371 -0.853006 -0.43267 -0.563574 -0.703691 0.118356 0.623523 -0.772794 -0.453932 -0.658207 -0.600591 -0.72442 0.437133 0.533039 -0.81995 0.112947 0.561182 -0.885778 0.445433 -0.130338 -0.887573 0.433181 -0.15674 -0.481398 0.803087 -0.351151 -0.885855 0.4172 0.202993 -0.901472 0.397383 0.171566 -0.581671 0.693138 0.425697 -0.879004 0.476117 0.0257723 -0.974217 -0.149714 -0.168781 -0.919021 -0.362619 0.154619 -0.929078 0.361735 0.077219 -0.891005 0.389054 -0.233982 -0.928517 0.34781 -0.129941 -0.856821 -0.0613901 -0.511946 -0.562666 0.312343 -0.765408 -0.868517 0.490953 0.0681434 -0.88232 0.445539 0.151679 -0.655392 0.427721 -0.622507 -0.837027 0.130947 -0.531261 -0.935446 -0.258026 0.241587 -0.656675 -0.721198 0.22057 0.412097 -0.754106 0.511371 0.583067 -0.570612 0.578304 0.192224 -0.841118 0.505539 -0.926556 -0.294152 0.234454 -0.883384 0.439386 0.163011 -0.916775 0.376934 0.132076 -0.418401 -0.840159 0.345071 -0.888044 0.45275 0.0799657 -0.895061 0.436418 0.0916798 -0.901809 0.431084 0.0301037 -0.910332 0.411055 0.0482725 -0.923733 0.374146 0.082048 -0.915309 0.402736 -0.00362012 -0.889846 0.437174 0.130586 -0.910975 0.409567 0.0487735 -0.935071 0.354458 0.000956401 -0.529254 0.39365 0.751619 -0.898106 0.419695 0.131385 -0.262925 -0.109919 0.958534 -0.908251 0.418425 -0.000215933 -0.929304 0.369267 0.00591162 -0.933976 0.352752 -0.0570534 -0.883333 0.411348 -0.224758 -0.86355 0.479636 -0.155664 -0.911459 0.398352 -0.102755 -0.886231 0.413323 -0.209187 -0.887615 0.449731 -0.0994033 -0.949543 -0.215049 0.228304 -0.342551 0.929623 0.135864 0.904089 0.421061 0.0730178 0.937301 0.343022 0.0616675 0.56942 0.812001 0.128123 -0.184123 0.972297 0.144006 -0.542471 0.831606 0.118982 -0.911397 0.398551 -0.102534 -0.899537 0.436457 -0.0183716 -0.881851 0.468541 -0.0529956 -0.56775 0.799502 0.196104 -0.881942 0.468374 -0.0529568 -0.881743 0.468738 -0.0530415 -0.475608 0.865445 -0.157485 </float_array>
          <technique_common>
            <accessor count="1024" offset="0" source="#meshId2-bitangents-array" stride="3">
              <param name="X" type="float" />
              <param name="Y" type="float" />
              <param name="Z" type="float" />
            </accessor>
          </technique_common>
        </source>
        <source id="meshId2-tex0" name="meshId2-tex0">
          <float_array id="meshId2-tex0-array" count="2048"> 0.781191 0.553264 0.781191 0.618868 0.77316 0.618868 0.77316 0.553264 0.834441 0.501883 0.825933 0.501883 0.825933 0.491035 0.834441 0.491035 0.80925 0.553264 0.80925 0.618868 0.801219 0.618868 0.801219 0.553264 0.77316 0.541345 0.781191 0.541345 0.850352 0.501883 0.845048 0.501883 0.845048 0.491035 0.850352 0.491035 0.781191 0.627694 0.77316 0.627694 0.683398 0.853266 0.683749 0.857021 0.681921 0.857406 0.681921 0.853561 0.83444 0.571307 0.825933 0.571307 0.906848 0.751601 0.913396 0.749422 0.906711 0.771525 0.900936 0.770888 0.80925 0.627694 0.801219 0.627694 0.865558 0.899747 0.850878 0.899747 0.850878 0.897897 0.865558 0.897897 0.726461 0.789178 0.726461 0.774499 0.746143 0.774499 0.746144 0.789178 0.865558 0.935396 0.850878 0.935396 0.850878 0.915525 0.865558 0.915525 0.916846 0.935396 0.902166 0.935396 0.902166 0.915525 0.916846 0.915525 0.916846 0.897897 0.902166 0.897897 0.902166 0.876799 0.916846 0.876799 0.916846 0.899747 0.902166 0.899747 0.660254 0.84924 0.663591 0.846255 0.758976 0.789178 0.758976 0.774499 0.760481 0.774499 0.760481 0.789178 0.657149 0.837491 0.651377 0.838133 0.646563 0.819892 0.65311 0.822011 0.657838 0.838428 0.652327 0.839321 0.776002 0.774499 0.776002 0.789178 0.850878 0.876799 0.865558 0.876799 0.833949 0.818459 0.849186 0.818459 0.849186 0.837209 0.833949 0.837209 0.894124 0.750673 0.885207 0.750673 0.885207 0.750105 0.894124 0.750105 0.833949 0.81721 0.849186 0.81721 0.780712 0.81721 0.795949 0.81721 0.795949 0.818459 0.780712 0.818459 0.65311 0.803002 0.646563 0.803001 0.646563 0.784843 0.65311 0.78713 0.795949 0.837209 0.780712 0.837209 0.65311 0.819359 0.646563 0.817535 0.885207 0.741077 0.894124 0.741077 0.833949 0.855119 0.849186 0.855119 0.849186 0.872086 0.833949 0.872086 0.894124 0.739613 0.885207 0.739613 0.885207 0.730585 0.894124 0.730585 0.833949 0.839708 0.849186 0.839708 0.780712 0.839708 0.795949 0.839708 0.795949 0.855119 0.780712 0.855119 0.780712 0.872086 0.795949 0.872086 0.795949 0.882242 0.780712 0.882242 0.642091 0.774816 0.648091 0.774583 0.885207 0.720645 0.894124 0.720645 0.631006 0.749248 0.627261 0.751988 0.611428 0.741024 0.611522 0.737141 0.885207 0.713073 0.894124 0.713073 0.849186 0.882242 0.833949 0.882242 0.437622 0.932573 0.422943 0.932573 0.422942 0.916864 0.437622 0.904455 0.885207 0.697764 0.894124 0.697764 0.849186 0.905994 0.833949 0.905994 0.795949 0.905994 0.780712 0.905994 0.745741 0.857514 0.74394 0.856814 0.732657 0.842139 0.739316 0.842136 0.750541 0.856812 0.749756 0.857513 0.48891 0.932573 0.47423 0.932573 0.47423 0.904455 0.48891 0.916862 0.732641 0.805531 0.743854 0.790844 0.745712 0.790144 0.749726 0.790142 0.750541 0.790844 0.739299 0.805528 0.54603 0.457759 0.54603 0.472996 0.521544 0.472996 0.53089 0.457758 0.815159 0.69584 0.818904 0.69858 0.79942 0.710687 0.799327 0.706804 0.51626 0.484879 0.508445 0.484879 0.508445 0.460394 0.51626 0.458226 0.493208 0.484879 0.493206 0.469755 0.445761 0.932573 0.445761 0.901361 0.718813 0.676302 0.713038 0.67694 0.703815 0.666969 0.707153 0.663985 0.730099 0.81306 0.736758 0.813057 0.82999 0.673012 0.83599 0.673245 0.867542 0.713073 0.862969 0.713073 0.862969 0.697764 0.867542 0.697764 0.834461 0.662985 0.841009 0.660698 0.867542 0.720645 0.862969 0.720645 0.854052 0.720645 0.854052 0.713073 0.8255 0.872086 0.8255 0.882242 0.854052 0.697764 0.8255 0.905994 0.834461 0.644827 0.841009 0.644826 0.867542 0.730585 0.862969 0.730585 0.854052 0.730585 0.8255 0.855119 0.834461 0.630293 0.841009 0.628469 0.867542 0.739613 0.862969 0.739613 0.839276 0.609695 0.845048 0.610338 0.841009 0.625817 0.834461 0.627936 0.867543 0.750106 0.862969 0.750106 0.862969 0.741077 0.867542 0.741077 0.854052 0.750106 0.854052 0.741077 0.8255 0.818459 0.8255 0.837209 0.854052 0.739613 0.8255 0.839708 0.840225 0.608507 0.845737 0.6094 0.867542 0.750673 0.862969 0.750673 0.869819 0.590422 0.869819 0.594268 0.851489 0.601573 0.848153 0.598588 0.760481 0.74542 0.760481 0.737891 0.776002 0.737891 0.776002 0.74542 0.760481 0.723211 0.776002 0.723212 0.873697 0.897897 0.873697 0.876799 0.854052 0.750673 0.8255 0.81721 0.871647 0.590807 0.871297 0.594562 0.758976 0.74542 0.758976 0.737891 0.758976 0.723212 0.873697 0.899747 0.906109 0.610032 0.90033 0.610665 0.883901 0.597073 0.887241 0.59409 0.726461 0.74542 0.726461 0.737891 0.746143 0.737891 0.746144 0.74542 0.712432 0.837163 0.718211 0.837796 0.699342 0.853738 0.696003 0.850755 0.851293 0.571307 0.855656 0.571307 0.855656 0.578819 0.851293 0.578819 0.864163 0.501883 0.864163 0.571307 0.855656 0.501883 0.796766 0.618868 0.796766 0.627694 0.726461 0.723212 0.746144 0.723212 0.873697 0.935396 0.873697 0.915525 0.71895 0.82311 0.725497 0.820808 0.78531 0.553264 0.78531 0.541345 0.801219 0.541345 0.80925 0.541345 0.78531 0.618868 0.855656 0.491035 0.864163 0.491035 0.839158 0.501883 0.839158 0.571307 0.850352 0.571307 0.845048 0.571307 0.796212 0.553264 0.796212 0.618868 0.791205 0.618868 0.791205 0.553264 0.83444 0.578819 0.825933 0.578819 0.786198 0.618868 0.791205 0.627694 0.786198 0.627694 0.839744 0.571307 0.845048 0.578819 0.839744 0.578819 0.893014 0.899747 0.883862 0.899747 0.883862 0.897897 0.893014 0.897897 0.758976 0.765347 0.758976 0.756195 0.760481 0.756195 0.760481 0.765347 0.805449 0.81721 0.814949 0.81721 0.814949 0.818459 0.805449 0.818459 0.879647 0.750673 0.874088 0.750673 0.874088 0.750105 0.879647 0.750105 0.805449 0.839708 0.814949 0.839708 0.814949 0.855119 0.805449 0.855119 0.879647 0.739613 0.874088 0.739613 0.874088 0.730585 0.879647 0.730585 0.814949 0.872086 0.805449 0.872086 0.874088 0.720645 0.879647 0.720645 0.805449 0.882242 0.814949 0.882242 0.814949 0.905994 0.805449 0.905994 0.874088 0.713073 0.879647 0.713073 0.874088 0.697764 0.879647 0.697764 0.729559 0.832988 0.726461 0.823837 0.73312 0.823834 0.736218 0.832985 0.465078 0.932573 0.455926 0.932573 0.455926 0.897496 0.465078 0.900976 0.874088 0.680204 0.879647 0.681915 0.781191 0.534551 0.78531 0.534551 0.688428 0.661432 0.688428 0.657586 0.796212 0.541345 0.791205 0.541345 0.791205 0.534551 0.796212 0.534551 0.855656 0.485144 0.864163 0.485144 0.913396 0.62702 0.906848 0.624718 0.725497 0.698406 0.71895 0.696227 0.839158 0.491035 0.864163 0.578819 0.726461 0.698416 0.726461 0.689264 0.741457 0.689264 0.741457 0.698416 0.880679 0.418051 0.880679 0.403372 0.896846 0.403372 0.896846 0.418051 0.880679 0.42558 0.896846 0.42558 0.669139 0.665904 0.6658 0.66292 0.77316 0.534551 0.845048 0.485144 0.850352 0.485144 0.801219 0.534551 0.80925 0.534551 0.895052 0.783843 0.891714 0.780858 0.825933 0.485144 0.83444 0.485144 0.839158 0.485144 0.896846 0.469339 0.896846 0.454659 0.920127 0.454659 0.920126 0.469339 0.760997 0.689264 0.760997 0.698416 0.920126 0.403372 0.920126 0.418051 0.920127 0.42558 0.880679 0.469339 0.880679 0.454659 0.876326 0.790242 0.876326 0.786396 0.726461 0.67096 0.726461 0.65628 0.741457 0.65628 0.741457 0.67096 0.726461 0.679099 0.741457 0.679099 0.726461 0.722247 0.726461 0.707568 0.741457 0.707568 0.741457 0.722247 0.880679 0.445507 0.880679 0.436355 0.896846 0.436355 0.896846 0.445507 0.760997 0.67096 0.760997 0.656281 0.77642 0.65628 0.77642 0.67096 0.857037 0.781924 0.853698 0.784908 0.836692 0.768863 0.84247 0.768228 0.941077 0.454659 0.941077 0.469339 0.77642 0.689264 0.77642 0.698416 0.760997 0.679099 0.760997 0.707568 0.760997 0.722247 0.920126 0.436355 0.920127 0.445507 0.654571 0.6796 0.648793 0.678965 0.878423 0.457337 0.878423 0.472574 0.86364 0.472574 0.86364 0.457337 0.830214 0.751095 0.836446 0.752502 0.985996 0.831012 0.976022 0.831012 0.976022 0.819342 0.985996 0.819342 0.878423 0.428837 0.878423 0.438337 0.86364 0.438337 0.86364 0.428837 0.77642 0.679099 0.77642 0.707568 0.77642 0.722247 0.941077 0.436355 0.941077 0.445507 0.648547 0.695325 0.642316 0.696733 0.941077 0.418051 0.941077 0.42558 0.941077 0.403372 0.86364 0.448888 0.799187 0.457337 0.799187 0.448888 0.799187 0.472574 0.838099 0.685856 0.844373 0.686417 0.976022 0.775882 0.985996 0.775882 0.878423 0.448888 0.878423 0.4041 0.878423 0.419337 0.86364 0.419337 0.86364 0.4041 0.969803 0.831012 0.963585 0.831012 0.963585 0.819342 0.969803 0.819342 0.656474 0.761411 0.650201 0.761972 0.956264 0.831012 0.951149 0.831012 0.951149 0.819342 0.956264 0.819342 0.941175 0.831012 0.941175 0.819342 0.799187 0.428837 0.799187 0.438337 0.790668 0.438337 0.790668 0.428837 0.951149 0.775882 0.941175 0.775882 0.941175 0.770501 0.951149 0.770501 0.956264 0.775882 0.956264 0.770501 0.649949 0.770244 0.661924 0.769675 0.663683 0.780244 0.651758 0.781085 0.799187 0.419337 0.799187 0.4041 0.963585 0.775883 0.969803 0.775882 0.985996 0.770501 0.976022 0.770501 0.976022 0.762368 0.985996 0.762368 0.778264 0.438337 0.778263 0.428837 0.941175 0.762368 0.951149 0.762368 0.956264 0.762368 0.837848 0.677584 0.849822 0.678153 0.790668 0.472574 0.790668 0.457337 0.790668 0.448888 0.790668 0.419337 0.790668 0.4041 0.963585 0.770501 0.969803 0.770501 0.778264 0.457337 0.778264 0.472574 0.772569 0.472574 0.772569 0.457337 0.851581 0.667584 0.839656 0.666743 0.844559 0.659674 0.849257 0.661142 0.976022 0.758401 0.985996 0.758401 0.772569 0.438337 0.772568 0.428837 0.778264 0.448888 0.778264 0.419337 0.778264 0.4041 0.963585 0.762368 0.969803 0.762368 0.661359 0.786686 0.656661 0.788154 0.598983 0.457759 0.613662 0.457759 0.614364 0.458302 0.614364 0.463086 0.613662 0.463842 0.598983 0.463842 0.590843 0.457759 0.590843 0.463842 0.571527 0.457759 0.580679 0.457759 0.580679 0.463842 0.571527 0.463842 0.772569 0.448888 0.772568 0.419337 0.772568 0.4041 0.963585 0.758401 0.969803 0.758401 0.546993 0.458302 0.547695 0.457759 0.562374 0.457758 0.562374 0.463842 0.547695 0.463842 0.546993 0.463086 0.951149 0.758401 0.956264 0.758401 0.941175 0.758401 0.772777 0.618263 0.772776 0.553835 0.86457 0.501278 0.86457 0.571953 0.825527 0.571953 0.825527 0.501278 0.809633 0.553835 0.809634 0.618263 0.772777 0.627013 0.86457 0.579541 0.809633 0.627013 0.825527 0.579541 0.421094 0.799703 0.404644 0.817964 0.403305 0.817963 0.419758 0.799698 0.718222 0.839082 0.69935 0.855028 0.696006 0.84945 0.712431 0.835861 0.90033 0.611967 0.883904 0.598379 0.871302 0.595868 0.869825 0.595573 0.402901 0.819791 0.40424 0.819791 0.683754 0.858312 0.681926 0.858697 0.694475 0.849755 0.694471 0.85106 0.660256 0.850529 0.6636 0.844951 0.681926 0.852255 0.400928 0.834766 0.409518 0.855597 0.40818 0.855601 0.399589 0.834768 0.851498 0.602877 0.419856 0.863182 0.421094 0.86409 0.419763 0.864101 0.418524 0.863191 0.658661 0.847246 0.658662 0.848534 0.657164 0.836195 0.657853 0.837131 0.850333 0.603147 0.850343 0.604449 0.89455 0.741693 0.89455 0.750858 0.849914 0.819744 0.849914 0.838262 0.779983 0.838262 0.779983 0.819744 0.853626 0.750858 0.853626 0.741693 0.849914 0.840613 0.849914 0.855114 0.779983 0.840613 0.853626 0.740143 0.853626 0.730583 0.89455 0.740143 0.89455 0.721307 0.89455 0.730583 0.849914 0.87323 0.779983 0.87323 0.779983 0.855114 0.853626 0.721307 0.779983 0.88353 0.853626 0.713827 0.849914 0.88353 0.89455 0.713827 0.415787 0.909947 0.411268 0.883371 0.41215 0.884339 0.416669 0.91091 0.64209 0.7761 0.627262 0.753276 0.631015 0.747945 0.648104 0.773284 0.836002 0.674544 0.818914 0.699884 0.798833 0.712394 0.416669 0.865247 0.415636 0.865064 0.610778 0.741846 0.610935 0.735379 0.825527 0.490316 0.707161 0.66268 0.718826 0.675003 0.713035 0.678224 0.703818 0.668259 0.772777 0.542024 0.809634 0.542024 0.86457 0.490316 0.876332 0.785105 0.891716 0.779569 0.900934 0.769604 0.774655 0.857714 0.761414 0.846971 0.762767 0.846912 0.776002 0.85765 0.688433 0.662722 0.754037 0.829195 0.755391 0.829139 0.688433 0.65628 0.758677 0.8072 0.774653 0.790192 0.776002 0.790142 0.760031 0.807146 0.669146 0.667194 0.857045 0.780634 0.665803 0.661615 0.986472 0.818844 0.986472 0.830167 0.842481 0.766943 0.648792 0.677664 0.654583 0.680885 0.940698 0.818844 0.940698 0.775899 0.86431 0.473303 0.797914 0.473303 0.986472 0.775899 0.879715 0.473303 0.940698 0.830167 0.86431 0.403372 0.879715 0.403372 0.849842 0.679442 0.844395 0.6877 0.797914 0.403372 0.656497 0.760128 0.661943 0.768386 0.986472 0.770507 0.940698 0.770507 0.445238 0.479014 0.445238 0.47203 0.44598 0.471822 0.44598 0.480324 0.778746 0.403372 0.789389 0.403372 0.986472 0.763349 0.789389 0.473303 0.778746 0.473303 0.940698 0.763349 0.772429 0.473303 0.655924 0.788379 0.651896 0.782571 0.772429 0.403372 0.970491 0.762368 0.970491 0.758401 0.778264 0.447837 0.772569 0.447837 0.589831 0.457759 0.589831 0.463842 0.970491 0.770501 0.790668 0.447837 0.970491 0.775883 0.799187 0.447837 0.970491 0.819342 0.970491 0.831012 0.878423 0.447837 0.86364 0.447837 0.920126 0.44652 0.941077 0.44652 0.760997 0.680112 0.77642 0.680112 0.896846 0.44652 0.741457 0.680112 0.880679 0.44652 0.726461 0.680112 0.839744 0.491035 0.839744 0.485144 0.839744 0.501883 0.796766 0.553264 0.796766 0.541345 0.796766 0.534551 0.54603 0.481445 0.54603 0.482496 0.518909 0.482496 0.519201 0.481445 0.729902 0.834 0.736561 0.833997 0.880262 0.713073 0.880262 0.697764 0.880262 0.720645 0.880262 0.730585 0.880262 0.739613 0.880262 0.750105 0.879647 0.741077 0.880262 0.741077 0.880262 0.750673 0.760481 0.76636 0.776002 0.765347 0.776002 0.76636 0.758976 0.76636 0.726461 0.76636 0.726461 0.765347 0.746144 0.765347 0.746143 0.76636 0.839158 0.578819 0.796212 0.627694 0.87471 0.899747 0.87471 0.897897 0.824449 0.81721 0.824449 0.818459 0.824449 0.839708 0.824449 0.855119 0.824449 0.872086 0.824449 0.882242 0.824449 0.905994 0.446774 0.932573 0.446774 0.900976 0.957367 0.762368 0.957367 0.758401 0.569903 0.457759 0.569903 0.463842 0.778264 0.427152 0.772568 0.427152 0.957367 0.770501 0.790668 0.427152 0.86364 0.427152 0.799187 0.427152 0.957367 0.819342 0.957367 0.775882 0.957367 0.831012 0.920127 0.427203 0.941077 0.427203 0.878423 0.427152 0.760997 0.700039 0.77642 0.700039 0.896846 0.427203 0.741457 0.700039 0.851293 0.491035 0.851293 0.485144 0.880679 0.427203 0.726461 0.700039 0.786198 0.541345 0.786198 0.534551 0.466702 0.932573 0.466701 0.901593 0.803764 0.872086 0.803764 0.882242 0.803764 0.905994 0.803764 0.855119 0.803764 0.818459 0.805449 0.837209 0.803764 0.837209 0.803764 0.839708 0.894637 0.897897 0.893014 0.876799 0.894637 0.876799 0.803764 0.81721 0.894637 0.899747 0.78531 0.627694 0.894637 0.935396 0.893014 0.935396 0.893014 0.915525 0.894637 0.915525 0.851293 0.501883 0.786198 0.553264 0.850352 0.578819 0.758976 0.747043 0.760481 0.747043 0.868528 0.750673 0.868529 0.750105 0.868528 0.739613 0.868528 0.730585 0.868528 0.720645 0.868528 0.713073 0.868528 0.697764 0.729551 0.814684 0.73621 0.814681 0.868528 0.681915 0.723149 0.466911 0.717578 0.466911 0.717578 0.457759 0.723149 0.457759 0.660119 0.459829 0.666451 0.457758 0.666451 0.481942 0.659893 0.480685 0.469596 0.481311 0.469596 0.475354 0.478748 0.475354 0.478748 0.481311 0.4879 0.475354 0.4879 0.481311 0.667415 0.459016 0.673974 0.457758 0.673974 0.481942 0.667641 0.479872 0.723149 0.476063 0.717578 0.476063 0.696758 0.466911 0.690087 0.466911 0.690087 0.457759 0.696758 0.457759 0.675321 0.460106 0.681548 0.457758 0.681548 0.480176 0.674938 0.479208 0.879647 0.755411 0.879647 0.758574 0.874088 0.758574 0.874088 0.755411 0.868529 0.758574 0.868529 0.755411 0.682512 0.458726 0.689123 0.457758 0.689123 0.480175 0.682896 0.477829 0.696758 0.476063 0.690087 0.476063 0.697722 0.466911 0.704211 0.466911 0.704211 0.476063 0.697722 0.476063 0.589953 0.468127 0.596389 0.466381 0.596389 0.485438 0.589909 0.483851 0.604797 0.467134 0.611471 0.467134 0.611471 0.476286 0.604797 0.476286 0.611471 0.485438 0.604797 0.485438 0.597353 0.467969 0.603833 0.466381 0.603833 0.485438 0.597397 0.483692 0.697722 0.457759 0.704211 0.457759 0.746144 0.756195 0.746144 0.747043 0.747703 0.747043 0.747703 0.756195 0.893014 0.913607 0.894637 0.913607 0.883862 0.915525 0.87471 0.915525 0.87471 0.913607 0.883862 0.913607 0.747703 0.765347 0.747703 0.766359 0.683404 0.851961 0.697454 0.855428 0.697447 0.854137 0.399979 0.833005 0.401318 0.833003 0.882373 0.598074 0.882369 0.596768 0.865558 0.913607 0.873697 0.913607 0.747703 0.723212 0.747703 0.737891 0.747703 0.74542 0.885346 0.593691 0.747703 0.774499 0.747703 0.789178 0.902166 0.913607 0.916846 0.913607 0.850878 0.913607 0.726461 0.747043 0.776002 0.747043 0.868528 0.741077 0.517945 0.484879 0.517945 0.457758 0.87471 0.935396 0.87471 0.876799 0.824449 0.837209 0.824449 0.808879 0.8255 0.808879 0.885207 0.754458 0.880262 0.754458 0.868529 0.754458 0.867543 0.754458 0.795949 0.808879 0.803764 0.808879 0.874088 0.754458 0.805449 0.808879 0.814949 0.808879 0.879647 0.754458 0.845751 0.610697 0.845063 0.611634 0.662435 0.844682 0.662444 0.843379 0.652323 0.840604 0.651373 0.839415 0.411597 0.857121 0.41026 0.857127 0.833949 0.808879 0.862969 0.754458 0.854052 0.754458 0.846559 0.600582 0.780712 0.808879 0.849186 0.808879 0.894124 0.754458 0.894124 0.755411 0.885207 0.755411 0.833949 0.806783 0.849186 0.806783 0.780712 0.806782 0.795949 0.806783 0.867542 0.755411 0.862969 0.755411 0.854052 0.755411 0.8255 0.806783 0.805449 0.806783 0.814949 0.806783 0.880262 0.755411 0.824449 0.806783 0.803764 0.806783 0.874088 0.741077 0.814949 0.837209 0.602057 0.886898 0.522712 0.896484 0.519182 0.836841 0.604181 0.826838 0.515097 0.65691 0.515255 0.714028 0.510969 0.718122 0.513504 0.658596 0.605039 0.713567 0.601933 0.659844 0.608706 0.659434 0.609814 0.716735 0.427756 0.832176 0.513353 0.836429 0.517047 0.895786 0.430543 0.892246 0.604268 0.716314 0.516573 0.717008 0.516382 0.65628 0.601006 0.659853 0.931936 0.662364 0.931462 0.661593 0.935556 0.57452 0.93656 0.573486 0.938881 0.573756 0.938881 0.662813 0.51587 0.743169 0.511304 0.746986 0.603191 0.774756 0.517875 0.774459 0.517181 0.746126 0.603427 0.745032 0.423426 0.74928 0.511344 0.7751 0.424056 0.778052 0.515978 0.772196 0.516598 0.804467 0.511841 0.804951 0.42312 0.661525 0.422942 0.720407 0.604226 0.774015 0.604486 0.74505 0.609472 0.745137 0.609182 0.773718 0.605501 0.829654 0.60523 0.806695 0.609753 0.800527 0.609814 0.825542 0.518075 0.839936 0.521427 0.896532 0.936536 0.664053 0.936536 0.749361 0.932047 0.74906 0.931462 0.7479 0.931463 0.664835 0.932407 0.663777 0.425512 0.805613 0.517818 0.804809 0.604053 0.801231 0.603419 0.886533 0.604053 0.801231 0.604053 0.801231 0.607328 0.885324 </float_array>
          <technique_common>
            <accessor count="1024" offset="0" source="#meshId2-tex0-array" stride="2">
              <param name="S" type="float" />
              <param name="T" type="float" />
            </accessor>
          </technique_common>
        </source>
        <vertices id="meshId2-vertices">
          <input semantic="POSITION" source="#meshId2-positions" />
          <input semantic="NORMAL" source="#meshId2-normals" />
          <input semantic="TANGENT" source="#meshId2-tangents" />
          <input semantic="BINORMAL" source="#meshId2-bitangents" />
          <input semantic="TEXCOORD" source="#meshId2-tex0"  />
        </vertices>
        <polylist count="1320" material="defaultMaterial">
          <input offset="0" semantic="VERTEX" source="#meshId2-vertices" />
          <vcount>3 3 3 3 3 3 3 3 3 3 3 3 3 3 3 3 3 3 3 3 3 3 3 3 3 3 3 3 3 3 3 3 3 3 3 3 3 3 3 3 3 3 3 3 3 3 3 3 3 3 3 3 3 3 3 3 3 3 3 3 3 3 3 3 3 3 3 3 3 3 3 3 3 3 3 3 3 3 3 3 3 3 3 3 3 3 3 3 3 3 3 3 3 3 3 3 3 3 3 3 3 3 3 3 3 3 3 3 3 3 3 3 3 3 3 3 3 3 3 3 3 3 3 3 3 3 3 3 3 3 3 3 3 3 3 3 3 3 3 3 3 3 3 3 3 3 3 3 3 3 3 3 3 3 3 3 3 3 3 3 3 3 3 3 3 3 3 3 3 3 3 3 3 3 3 3 3 3 3 3 3 3 3 3 3 3 3 3 3 3 3 3 3 3 3 3 3 3 3 3 3 3 3 3 3 3 3 3 3 3 3 3 3 3 3 3 3 3 3 3 3 3 3 3 3 3 3 3 3 3 3 3 3 3 3 3 3 3 3 3 3 3 3 3 3 3 3 3 3 3 3 3 3 3 3 3 3 3 3 3 3 3 3 3 3 3 3 3 3 3 3 3 3 3 3 3 3 3 3 3 3 3 3 3 3 3 3 3 3 3 3 3 3 3 3 3 3 3 3 3 3 3 3 3 3 3 3 3 3 3 3 3 3 3 3 3 3 3 3 3 3 3 3 3 3 3 3 3 3 3 3 3 3 3 3 3 3 3 3 3 3 3 3 3 3 3 3 3 3 3 3 3 3 3 3 3 3 3 3 3 3 3 3 3 3 3 3 3 3 3 3 3 3 3 3 3 3 3 3 3 3 3 3 3 3 3 3 3 3 3 3 3 3 3 3 3 3 3 3 3 3 3 3 3 3 3 3 3 3 3 3 3 3 3 3 3 3 3 3 3 3 3 3 3 3 3 3 3 3 3 3 3 3 3 3 3 3 3 3 3 3 3 3 3 3 3 3 3 3 3 3 3 3 3 3 3 3 3 3 3 3 3 3 3 3 3 3 3 3 3 3 3 3 3 3 3 3 3 3 3 3 3 3 3 3 3 3 3 3 3 3 3 3 3 3 3 3 3 3 3 3 3 3 3 3 3 3 3 3 3 3 3 3 3 3 3 3 3 3 3 3 3 3 3 3 3 3 3 3 3 3 3 3 3 3 3 3 3 3 3 3 3 3 3 3 3 3 3 3 3 3 3 3 3 3 3 3 3 3 3 3 3 3 3 3 3 3 3 3 3 3 3 3 3 3 3 3 3 3 3 3 3 3 3 3 3 3 3 3 3 3 3 3 3 3 3 3 3 3 3 3 3 3 3 3 3 3 3 3 3 3 3 3 3 3 3 3 3 3 3 3 3 3 3 3 3 3 3 3 3 3 3 3 3 3 3 3 3 3 3 3 3 3 3 3 3 3 3 3 3 3 3 3 3 3 3 3 3 3 3 3 3 3 3 3 3 3 3 3 3 3 3 3 3 3 3 3 3 3 3 3 3 3 3 3 3 3 3 3 3 3 3 3 3 3 3 3 3 3 3 3 3 3 3 3 3 3 3 3 3 3 3 3 3 3 3 3 3 3 3 3 3 3 3 3 3 3 3 3 3 3 3 3 3 3 3 3 3 3 3 3 3 3 3 3 3 3 3 3 3 3 3 3 3 3 3 3 3 3 3 3 3 3 3 3 3 3 3 3 3 3 3 3 3 3 3 3 3 3 3 3 3 3 3 3 3 3 3 3 3 3 3 3 3 3 3 3 3 3 3 3 3 3 3 3 3 3 3 3 3 3 3 3 3 3 3 3 3 3 3 3 3 3 3 3 3 3 3 3 3 3 3 3 3 3 3 3 3 3 3 3 3 3 3 3 3 3 3 3 3 3 3 3 3 3 3 3 3 3 3 3 3 3 3 3 3 3 3 3 3 3 3 3 3 3 3 3 3 3 3 3 3 3 3 3 3 3 3 3 3 3 3 3 3 3 3 3 3 3 3 3 3 3 3 3 3 3 3 3 3 3 3 3 3 3 3 3 3 3 3 3 3 3 3 3 3 3 3 3 3 3 3 3 3 3 3 3 3 3 3 3 3 3 3 3 3 3 3 3 3 3 3 3 3 3 3 3 3 3 3 3 3 3 3 3 3 3 3 3 3 3 3 3 3 3 3 3 3 3 3 3 3 3 3 3 3 3 3 3 3 3 3 3 3 3 3 3 3 3 3 3 3 3 3 3 3 3 3 3 3 3 3 3 3 3 3 3 3 3 3 3 3 3 3 3 3 3 3 3 3 3 3 3 3 3 3 3 3 3 3 3 3 3 3 3 3 3 3 3 3 3 3 3 3 3 3 3 3 3 3 3 3 3 3 3 3 3 3 3 3 3 3 3 3 3 3 3 3 3 3 3 3 3 3 3 3 3 3 3 3 3 3 3 3 3 3 3 3 3 3 3 3 3 3 3 3 3 3 3 3 3 3 3 3 3 3 3 3 3 3 3 3 3 3 3 3 3 3 3 3 3 3 3 3 3 3 3 3 3 3 3 3 3 3 3 3 3 3 3 3 3 3 3 3 3 3 3 3 3 3 3 3 3 3 3 3 3 3 3 3 3 3 3 3 3 3 3 3 3 3 3 3 3 3 3 3 3 3 3 3 3 3 3 3 3 3 3 3 3 3 3 3 3 3 3 3 3 3 3 3 3 3 3 3 3 3 3 3 3 3 3 3 3 3 3 3 3 3 3 3 3 3 3 3 3 3 3 3 3 3 3 3 3 3 3 3 3 3 3 3 3 3 3 3 3 3 3 3 3 3 3 3 3 3 3 3 3 3 3 3 3 3 3 3 3 3 3 3 3 3 3 3 3 3 3 3 3 3 3 3 3 3 3 3 3 3 3 3 3 3 3 3 3 3 3 3 3 3 3 3 3 3 3 3 3 3 3 3 3 3 </vcount>
          <p>3 0 1 1 2 3 7 4 5 5 6 7 11 8 9 9 10 11 13 0 3 3 12 13 17 14 15 15 16 17 19 2 1 1 18 19 23 20 21 21 22 23 5 4 24 24 25 5 29 26 27 27 28 29 31 10 9 9 30 31 35 32 33 33 34 35 39 36 37 37 38 39 43 40 41 41 42 43 47 44 45 45 46 47 51 48 49 49 50 51 48 52 53 53 49 48 55 23 22 22 54 55 59 56 57 57 58 59 63 60 61 61 62 63 60 64 65 65 61 60 67 59 58 58 66 67 69 35 34 34 68 69 73 70 71 71 72 73 77 74 75 75 76 77 70 78 79 79 71 70 83 80 81 81 82 83 87 84 85 85 86 87 89 83 82 82 88 89 84 90 91 91 85 84 93 77 76 76 92 93 97 94 95 95 96 97 101 98 99 99 100 101 94 102 103 103 95 94 107 104 105 105 106 107 111 108 109 109 110 111 108 107 106 106 109 108 113 87 86 86 112 113 115 101 100 100 114 115 119 116 117 117 118 119 116 113 112 112 117 116 121 115 114 114 120 121 123 97 96 96 122 123 127 124 125 125 126 127 129 121 120 120 128 129 131 123 122 122 130 131 133 111 110 110 132 133 139 134 135 139 135 136 139 136 137 137 138 139 143 140 141 141 142 143 149 144 145 149 145 146 149 146 147 147 148 149 153 150 151 151 152 153 157 154 155 155 156 157 161 158 159 159 160 161 160 159 162 162 163 160 165 164 124 124 127 165 169 166 167 167 168 169 171 170 144 144 149 171 154 172 173 173 155 154 177 174 175 175 176 177 172 178 179 179 173 172 174 180 181 181 175 174 175 181 182 182 183 175 185 184 97 97 123 185 176 175 183 183 186 176 187 185 123 123 131 187 178 188 189 189 179 178 180 190 191 191 181 180 181 191 192 192 182 181 184 193 94 94 97 184 188 194 195 195 189 188 190 196 197 197 191 190 201 198 199 199 200 201 205 202 203 203 204 205 204 203 206 206 207 204 209 208 70 70 73 209 191 197 210 210 192 191 193 211 102 102 94 193 198 212 213 213 199 198 202 214 215 215 203 202 219 216 217 217 218 219 223 220 221 221 222 223 222 221 224 224 225 222 227 226 35 35 69 227 203 215 228 228 206 203 208 229 78 78 70 208 216 230 231 231 217 216 220 232 233 233 221 220 221 233 234 234 224 221 226 235 32 32 35 226 239 236 237 237 238 239 243 240 241 241 242 243 247 244 245 245 246 247 251 248 249 249 250 251 254 252 253 253 249 254 256 255 10 10 31 256 242 241 257 257 258 242 260 259 40 40 43 260 244 261 262 262 245 244 264 263 0 0 13 264 266 8 11 11 265 266 0 263 267 267 1 0 269 252 254 254 268 269 4 270 271 271 24 4 15 14 272 272 273 15 277 274 275 275 276 277 279 25 24 24 278 279 282 280 276 276 281 282 285 283 273 273 284 285 289 286 287 287 288 289 293 290 291 291 292 293 297 294 295 295 296 297 301 298 299 299 300 301 305 302 303 303 304 305 309 306 307 307 308 309 311 305 304 304 310 311 313 309 308 308 312 313 317 314 315 315 316 317 314 311 310 310 315 314 319 313 312 312 318 319 321 319 318 318 320 321 325 322 323 323 324 325 329 326 327 327 328 329 331 321 320 320 330 331 333 264 13 13 332 333 335 169 168 168 334 335 339 336 337 337 338 339 341 269 268 268 340 341 336 274 277 277 337 336 236 342 343 343 237 236 345 344 262 262 261 345 346 270 4 4 7 346 27 26 343 343 342 27 250 249 253 253 347 250 351 348 349 349 350 351 355 352 353 353 354 355 357 356 352 352 355 357 359 335 334 334 358 359 332 13 12 12 360 332 362 17 16 16 361 362 364 266 265 265 363 364 366 29 28 28 365 366 368 7 6 6 367 368 369 346 7 7 368 369 373 370 371 371 372 373 375 351 350 350 374 375 377 355 354 354 376 377 378 357 355 355 377 378 370 379 380 380 371 370 382 366 365 365 381 382 386 383 384 384 385 386 388 387 383 383 386 388 392 389 390 390 391 392 396 393 394 394 395 396 400 397 398 398 399 400 404 401 402 402 403 404 406 373 372 372 405 406 408 375 374 374 407 408 401 382 381 381 402 401 397 386 385 385 398 397 409 388 386 386 397 409 411 392 391 391 410 411 413 396 395 395 412 413 415 359 358 358 414 415 419 416 417 417 418 419 421 404 403 403 420 421 425 422 423 423 424 425 429 426 427 427 428 429 430 409 397 397 400 430 432 411 410 410 431 432 434 413 412 412 433 434 436 415 414 414 435 436 438 378 377 377 437 438 437 377 376 376 439 437 442 440 419 419 441 442 441 419 418 418 443 441 445 421 420 420 444 445 447 425 424 424 446 447 440 448 416 416 419 440 452 449 450 450 451 452 456 453 454 454 455 456 458 436 435 435 457 458 462 459 460 460 461 462 461 460 463 463 464 461 468 465 466 466 467 468 472 469 470 470 471 472 474 473 469 469 472 474 478 475 476 476 477 478 480 452 451 451 479 480 482 456 455 455 481 482 475 458 457 457 476 475 473 462 461 461 469 473 469 461 464 464 470 469 465 429 428 428 466 465 486 483 484 484 485 486 488 468 467 467 487 488 490 472 471 471 489 490 491 474 472 472 490 491 483 447 446 446 484 483 493 445 444 444 492 493 495 441 443 443 494 495 496 442 441 441 495 496 498 480 479 479 497 498 500 482 481 481 499 500 504 501 502 502 503 504 508 505 506 506 507 508 510 486 485 485 509 510 512 488 487 487 511 512 505 493 492 492 506 505 501 495 494 494 502 501 513 496 495 495 501 513 515 498 497 497 514 515 517 500 499 499 516 517 519 478 477 477 518 519 525 520 521 525 521 522 525 522 523 523 524 525 527 526 520 520 525 527 531 528 529 529 530 531 532 513 501 501 504 532 534 515 514 514 533 534 536 517 516 516 535 536 542 537 538 542 538 539 542 539 540 540 541 542 544 491 490 490 543 544 543 490 489 489 545 543 547 3 2 2 546 547 549 253 252 252 548 549 25 550 551 551 5 25 553 9 8 8 552 553 546 2 19 19 554 546 555 347 253 253 549 555 9 553 556 556 30 9 279 557 550 550 25 279 561 558 559 559 560 561 563 246 245 245 562 563 565 244 247 247 564 565 567 238 237 237 566 567 231 568 569 569 217 231 571 570 560 560 559 571 21 572 573 573 22 21 575 574 564 564 247 575 22 573 576 576 54 22 55 577 578 578 23 55 582 579 580 580 581 582 583 218 217 217 569 583 587 584 585 585 586 587 589 588 54 54 576 589 591 64 60 60 590 591 593 592 218 218 583 593 595 77 93 93 594 595 597 72 71 71 596 597 599 83 89 89 598 599 601 207 206 206 600 601 103 602 603 603 95 103 104 604 598 598 89 104 210 605 606 606 192 210 98 607 594 594 93 98 609 101 115 115 608 609 610 96 95 95 603 610 612 107 108 108 611 612 613 182 192 192 606 613 611 108 111 111 614 611 615 183 182 182 613 615 96 610 616 616 122 96 121 617 608 608 115 121 621 618 619 619 620 621 623 117 112 112 622 623 625 113 116 116 624 625 627 155 173 173 626 627 155 627 628 628 156 155 630 629 620 620 619 630 117 623 631 631 118 117 119 632 624 624 116 119 5 551 633 633 6 5 169 634 635 635 166 169 167 636 637 637 168 167 3 547 638 638 12 3 266 639 552 552 8 266 548 252 269 269 640 548 642 366 382 382 641 642 643 29 366 366 642 643 647 644 645 645 646 647 648 334 168 168 637 648 646 645 649 649 650 646 634 169 335 335 651 634 655 652 653 653 654 655 656 358 334 334 648 656 650 649 652 652 655 650 401 657 641 641 382 401 651 335 359 359 658 651 660 422 425 425 659 660 404 661 657 657 401 404 658 359 415 415 662 658 358 656 663 663 414 358 464 664 665 665 470 464 667 443 418 418 666 667 659 425 447 447 668 659 666 418 417 417 669 666 463 670 664 664 464 463 672 449 452 452 671 672 674 445 493 493 673 674 671 452 480 480 675 671 677 476 457 457 676 677 668 447 483 483 678 668 470 665 679 679 471 470 683 680 681 681 682 683 515 684 685 685 498 515 678 483 486 486 686 678 688 502 494 494 687 688 471 679 689 689 489 471 690 503 502 502 688 690 692 478 519 519 691 692 684 515 534 534 693 684 166 344 345 345 167 166 695 694 517 517 536 695 511 487 696 696 697 511 530 529 698 698 699 530 694 700 500 500 517 694 487 467 701 701 696 487 700 702 482 482 500 700 467 466 703 703 701 467 702 704 456 456 482 702 704 705 453 453 456 704 428 427 706 706 707 428 466 428 707 707 703 466 709 708 413 413 434 709 407 374 710 710 711 407 708 712 396 396 413 708 374 350 713 713 710 374 712 714 393 393 396 712 350 349 715 715 713 350 361 16 716 716 717 361 16 15 718 718 716 16 720 719 274 274 336 720 721 720 336 336 339 721 725 722 723 723 724 725 727 726 322 322 325 727 729 728 319 319 321 729 728 730 313 313 319 728 730 731 309 309 313 730 731 732 306 306 309 731 735 733 301 301 734 735 733 736 298 298 301 733 739 737 293 293 738 739 737 740 290 290 293 737 744 741 742 742 743 744 745 271 283 283 285 745 274 719 255 255 275 274 718 15 273 273 283 718 281 276 275 275 746 281 288 287 747 747 748 288 296 295 749 749 750 296 304 303 751 751 752 304 310 304 752 752 753 310 316 315 754 754 755 316 315 310 753 753 754 315 328 327 756 756 757 328 535 516 758 758 759 535 761 760 528 528 531 761 763 762 488 488 512 763 516 499 764 764 758 516 762 765 468 468 488 762 767 766 429 429 465 767 481 455 768 768 769 481 499 481 769 769 764 499 765 767 465 465 468 765 455 454 770 770 768 455 433 412 771 771 772 433 766 773 426 426 429 766 775 774 375 375 408 775 412 395 776 776 771 412 774 777 351 351 375 774 779 778 17 17 362 779 395 394 780 780 776 395 777 781 348 348 351 777 338 337 782 782 783 338 785 784 326 326 329 785 787 786 311 311 314 787 788 787 314 314 317 788 786 789 305 305 311 786 792 790 297 297 791 792 789 793 302 302 305 789 796 794 289 289 795 796 790 797 294 294 297 790 794 798 286 286 289 794 799 267 280 280 282 799 803 800 801 801 802 803 14 804 248 248 272 14 805 277 276 276 280 805 337 277 805 805 782 337 284 273 272 272 806 284 292 291 807 807 808 292 300 299 809 809 810 300 308 307 811 811 812 308 312 308 812 812 813 312 318 312 813 813 814 318 320 318 814 814 815 320 324 323 816 816 817 324 330 320 815 815 818 330 778 804 14 14 17 778 822 819 820 820 821 822 826 823 824 824 825 826 830 827 828 828 829 830 832 830 829 829 831 832 836 833 834 834 835 836 819 837 838 838 820 819 842 839 840 840 841 842 846 843 844 844 845 846 850 847 848 848 849 850 852 850 849 849 851 852 856 853 854 854 855 856 839 857 858 858 840 839 862 859 860 860 861 862 866 863 864 864 865 866 870 867 868 868 869 870 872 870 869 869 871 872 876 873 874 874 875 876 859 877 878 878 860 859 882 879 880 880 881 882 884 803 802 802 883 884 888 885 886 886 887 888 890 744 743 743 889 890 20 891 574 574 575 20 246 563 892 892 893 246 895 894 570 570 571 895 238 567 896 896 897 238 889 743 879 879 882 889 883 802 885 885 888 883 899 260 43 43 898 899 901 242 258 258 900 901 902 243 242 242 901 902 903 239 238 238 897 903 905 39 38 38 904 905 907 47 46 46 906 907 898 43 42 42 908 898 575 247 246 246 893 575 579 582 894 894 895 579 23 578 891 891 20 23 291 882 881 881 807 291 798 884 883 883 286 798 287 888 887 887 747 287 740 890 889 889 290 740 893 892 572 572 21 893 897 896 568 568 231 897 290 889 882 882 291 290 286 883 888 888 287 286 235 899 898 898 32 235 233 901 900 900 234 233 232 902 901 901 233 232 230 903 897 897 231 230 56 905 904 904 57 56 52 907 906 906 53 52 32 898 908 908 33 32 20 575 893 893 21 20 807 881 902 902 232 807 53 906 884 884 798 53 881 880 243 243 902 881 906 46 803 803 884 906 268 254 804 804 778 268 804 254 249 249 248 804 46 45 800 800 803 46 18 1 267 267 799 18 49 53 798 798 794 49 82 81 797 797 790 82 50 49 794 794 796 50 106 105 793 793 789 106 88 82 790 790 792 88 109 106 789 789 786 109 132 110 787 787 788 132 110 109 786 786 787 110 142 141 784 784 785 142 391 390 781 781 777 391 340 268 778 778 779 340 410 391 777 777 774 410 431 410 774 774 775 431 451 450 773 773 766 451 497 479 767 767 765 497 479 451 766 766 767 479 514 497 765 765 762 514 533 514 762 762 763 533 540 539 760 760 761 540 759 758 491 491 544 759 758 764 474 474 491 758 769 768 462 462 473 769 764 769 473 473 474 764 768 770 459 459 462 768 772 771 378 378 438 772 771 776 357 357 378 771 776 780 356 356 357 776 783 782 264 264 333 783 263 805 280 280 267 263 782 805 263 263 264 782 806 272 248 248 251 806 880 909 240 240 243 880 808 807 232 232 220 808 910 808 220 220 223 910 810 809 214 214 202 810 911 810 202 202 205 911 812 811 196 196 190 812 813 812 190 190 180 813 814 813 180 180 174 814 815 814 174 174 177 815 817 816 170 170 171 817 913 912 158 158 161 913 747 887 899 899 235 747 57 904 890 890 740 57 887 886 260 260 899 887 904 38 744 744 890 904 719 11 10 10 255 719 278 24 271 271 745 278 38 37 741 741 744 38 58 57 740 740 737 58 66 58 737 737 739 66 76 75 736 736 733 76 92 76 733 733 735 92 100 99 732 732 731 100 114 100 731 731 730 114 120 114 730 730 728 120 128 120 728 728 729 128 137 136 726 726 727 137 152 151 722 722 725 152 363 265 720 720 721 363 265 11 719 719 720 265 371 380 714 714 712 371 372 371 712 712 708 372 405 372 708 708 709 405 424 423 705 705 704 424 446 424 704 704 702 446 484 446 702 702 700 484 485 484 700 700 694 485 509 485 694 694 695 509 697 696 513 513 532 697 699 698 526 526 527 699 696 701 496 496 513 696 701 703 442 442 496 701 707 706 448 448 440 707 703 707 440 440 442 703 711 710 409 409 430 711 710 713 388 388 409 710 713 715 387 387 388 713 717 716 346 346 369 717 716 718 270 270 346 716 270 718 283 283 271 270 886 914 259 259 260 886 746 275 255 255 256 746 748 747 235 235 226 748 750 749 229 229 208 750 915 748 226 226 227 915 752 751 211 211 193 752 916 750 208 208 209 916 753 752 193 193 184 753 755 754 185 185 187 755 754 753 184 184 185 754 757 756 164 164 165 757 749 917 918 918 229 749 75 919 920 920 736 75 809 921 922 922 214 809 81 923 924 924 797 81 299 925 921 921 809 299 797 924 926 926 294 797 295 927 917 917 749 295 736 920 928 928 298 736 930 199 213 213 929 930 932 931 64 64 591 932 934 61 65 65 933 934 936 935 584 584 587 936 298 928 925 925 299 298 294 926 927 927 295 294 229 918 937 937 78 229 215 938 939 939 228 215 214 922 938 938 215 214 212 940 592 592 213 212 80 941 923 923 81 80 78 937 942 942 79 78 74 943 919 919 75 74 64 931 588 588 65 64 931 55 54 54 588 931 943 944 945 945 919 943 937 946 947 947 942 937 941 948 949 949 923 941 940 219 218 218 592 940 922 950 951 951 938 922 938 951 952 952 939 938 918 953 946 946 937 918 926 954 955 955 927 926 928 847 850 850 925 928 581 580 935 935 936 581 577 55 931 931 932 577 920 956 847 847 928 920 927 955 957 957 917 927 924 958 954 954 926 924 925 850 852 852 921 925 923 949 958 958 924 923 921 852 950 950 922 921 919 945 956 956 920 919 917 957 953 953 918 917 929 213 592 592 593 929 933 65 588 588 589 933 751 916 209 209 211 751 99 92 735 735 732 99 811 911 205 205 196 811 105 88 792 792 793 105 307 959 911 911 811 307 793 792 791 791 302 793 303 960 916 916 751 303 732 735 734 734 306 732 101 609 607 607 98 101 207 601 605 605 210 207 107 612 604 604 104 107 72 597 602 602 103 72 306 734 959 959 307 306 302 791 960 960 303 302 211 209 73 73 102 211 197 204 207 207 210 197 196 205 204 204 197 196 194 201 200 200 195 194 104 89 88 88 105 104 102 73 72 72 103 102 98 93 92 92 99 98 90 63 62 62 91 90 964 961 962 962 963 964 968 965 966 966 967 968 972 969 970 970 971 972 976 973 974 974 975 976 980 977 978 978 979 980 986 981 982 986 982 983 986 983 984 984 985 986 967 966 987 987 988 967 992 989 990 990 991 992 995 993 988 988 994 995 994 996 997 997 998 994 1000 999 968 968 967 1000 1004 1001 1002 1002 1003 1004 1008 1005 1006 1006 1007 1008 1003 1002 969 969 972 1003 974 1009 1010 1010 975 974 1016 1011 1012 1016 1012 1013 1016 1013 1014 1014 1015 1016 973 1017 998 998 974 973 1017 995 994 994 998 1017 988 987 996 996 994 988 998 997 1009 1009 974 998 1019 964 963 963 1018 1019 989 1019 1018 1018 990 989 1007 1006 1001 1001 1004 1007 993 1000 967 967 988 993 977 992 991 991 978 977 964 1005 1020 1020 961 964 978 966 965 965 979 978 992 1002 1001 1001 989 992 1018 997 996 996 990 1018 991 987 966 966 978 991 980 970 969 969 977 980 1021 1006 1005 1005 964 1021 962 1010 1009 1009 963 962 963 1009 997 997 1018 963 1001 1006 1022 1001 1022 989 977 969 1002 1002 992 977 990 996 987 987 991 990 1023 1020 1005 1005 1008 1023 </p>
        </polylist>
      </mesh>
    </geometry>
  </library_geometries>
  <library_visual_scenes>
    <visual_scene id="root" name="root">
      <node id="Cube.001" name="Cube.001">
        <matrix>1 0 0 0 0 1 0 0 0 0 1 0 0 0 0 1</matrix>
        <instance_geometry url="#meshId0">
          <bind_material>
            <technique_common>
              <instance_material symbol="defaultMaterial" target="#Wood" />
            </technique_common>
          </bind_material>
        </instance_geometry>
      </node>
      <node id="Cube.001" name="Cube.001">
        <matrix>1 0 0 0 0 1 0 0 0 0 1 0 0 0 0 1</matrix>
        <instance_geometry url="#meshId1">
          <bind_material>
            <technique_common>
              <instance_material symbol="defaultMaterial" target="#Steel" />
            </technique_common>
          </bind_material>
        </instance_geometry>
      </node>
      <node id="Cube.001" name="Cube.001">
        <matrix>1 0 0 0 0 1 0 0 0 0 1 0 0 0 0 1</matrix>
        <instance_geometry url="#meshId2">
          <bind_material>
            <technique_common>
              <instance_material symbol="defaultMaterial" target="#Leather" />
            </technique_common>
          </bind_material>
        </instance_geometry>
      </node>
    </visual_scene>
  </library_visual_scenes>
  <scene>
    <instance_visual_scene url="#root" />
  </scene>
</COLLADA>
